state,electri_consump,GDP,GDP-1,GDP-2,GDP-3,Pop
Anhui,338.93,3038.2359,732.19,1296.312,1009.7339,6286
Anhui,359.62,3246.7146,750.07,1415.32,1124.74,6328
Anhui,389.94,3519.7195,772.55,1552.21,1244.34,6338
Anhui,445.44,3923.1,732.81,1780.6,1458.97,6410
Anhui,515.94,4759.32,932.42,2169.82,1710.44,6461
Anhui,582.16,5350.17,966.49,2221.17,2187.46,6120
Anhui,662.4,6112.5,1028.66,2648.13,2471.94,6110
Anhui,768.7,7360.92,1200.18,3289.12,2874.88,6118
Anhui,858.87,8851.66,1418.08,4137.35,3318.74,6135
Anhui,952.3,10062.82,1495.45,4905.22,3662.15,6131
Anhui,1077.91,12359.33,1729.02,6436.62,4193.68,5956.7096
Anhui,1221,15300.65,2015.31,8309.38,4975.95,5968
Anhui,1361.1,17212.0506,2178.73,9404.84,5628.48,5988
Anhui,1528.07,19229.3371,2348.09,10403.96,6286.82,6029.8
Anhui,1585.18,20848.7476,2392.3905,11077.675,7378.6821,6082.9
Anhui,1640,22005.63,2456.69,10946.8273,8602.1127,6143.6
Anhui,1794.98,24407.62,2567.72,11821.58,10018.32,6196
Anhui,1921.48,27018,2582.2659,12838.2785,11597.4508,6255
Anhui,2135.07,30006.82,2638.01,13842.09,13526.72,6324
Anhui,2300.68,37113.98,2915.7,15337.9,18860.38,6366
Beijing,384.43,2478.76,89.97,943.51,1445.28,1357
Beijing,398.3,3710.52,93.08,1030.6,1721.97,1383
Beijing,436,4330.4,98.05,1116.53,1998.13,1423
Beijing,461.24,5023.77,95.64,1311.86,2255.6,1456.4
Beijing,510.11,6060.28,102.9,1610.37,2570.04,1493
Beijing,570.54,6969.52,97.99,2026.51,4761.81,1538
Beijing,618.99,8117.78,98.04,2191.43,5580.81,1581
Beijing,675.09,9846.81,101.26,2509.4,6742.66,1633
Beijing,708.15,11115,112.81,2693.15,7682.07,1695
Beijing,758.85,12153.03,118.29,2855.55,9179.19,1755
Beijing,809.9,14113.58,124.36,3388.38,10600.84,1961.9
Beijing,854,16251.93,136.27,3752.48,12363.18,2018.6
Beijing,911.94,17879.4,150.2,4059.27,13669.93,2069.3
Beijing,913.11,19800.81,161.83,4352.3,14986.43,2114.8
Beijing,937.05,21330.83,158.99,4544.8,16627.04,2151.6
Beijing,953,23014.59,140.21,4542.64,18331.74,2170.5
Beijing,1020.27,25669.13,129.79,4944.44,20594.9,2173
Beijing,1066.89,28014.94,120.42,5326.76,22567.76,2170.7
Beijing,1142.38,30319.98,118.69,5647.65,24553.64,2154
Beijing,1166.4,35371.28,113.69,5715.06,29542.53,2154
Fujian,401.51,3920.07,640.57,1711.16,1568.34,3410
Fujian,439.98,4072.85,651.11,1904.21,1698.36,3440
Fujian,497.86,4467.55,664.78,2159.94,1857.29,3466
Fujian,585.35,4983.67,692.94,2492.73,2046.5,3488
Fujian,664.35,5763.35,777.87,2950.33,2324.94,3511
Fujian,756.59,6554.69,841.2,3200.26,2527.47,3557
Fujian,866.84,7583.85,896.17,3743.71,2974.67,3558
Fujian,1000.33,9248.53,1002.11,4549.42,3697.6,3581
Fujian,1149.77,10823.01,1157.75,5415.77,4249.59,3604
Fujian,1215.51,12236.53,1182.74,6005.3,5048.49,3627
Fujian,1315.09,14737.12,1363.67,7522.83,5850.62,3693
Fujian,1520,17560.18,1612.24,9069.2,6878.74,3720
Fujian,1579.51,19701.78,1776.71,10187.94,7737.13,3748
Fujian,1700.73,21868.49,1936.31,11315.3,8508.03,3774
Fujian,1855.79,24055.76,2014.8,12515.36,9525.6,3806
Fujian,1852,25979.82,2118.1,13064.82,10796.9,3839
Fujian,1968.58,28810.58,2363.22,14093.47,12353.89,3874
Fujian,2112.72,32182.09,2215.13,15354.29,14612.67,3911
Fujian,2313.82,35804.04,2379.82,17232.36,16191.86,3941
Fujian,2402.34,42395,2596.23,20581.74,19217.03,3973
Gansu,295.33,983.36,193.36,439.88,350.12,2557
Gansu,306.09,1125.3728,207.05,481.07,384.39,2575
Gansu,342.33,1232.0302,214.45,530.36,416.62,2593
Gansu,398.33,1399.83,236.61,607.62,460.37,2603.34
Gansu,452,1688.49,281.4,758.18,519.35,2619
Gansu,489.48,1933.98,308.06,838.56,787.36,2545
Gansu,536.33,2276.7,333.35,1043.19,900.16,2606
Gansu,614.74,2702.4,385.97,1279.32,1037.11,2617
Gansu,677.76,3166.82,463,1471.43,1241.68,2628.12
Gansu,705.51,3387.56,497.05,1527.24,1363.27,2635.46
Gansu,804.43,4120.75,599.28,1984.97,1536.5,2559.98
Gansu,923,5020.37,678.75,2377.83,1963.79,2564.19
Gansu,994.56,5650.204,780.5,2600.09,2269.61,2577.55
Gansu,1073.25,6330.6923,879.37,2821.04,2567.6,2582.18
Gansu,1095.48,6836.8208,900.76,2926.4508,3009.613,2590.78
Gansu,1099,6790.3169,954.09,2494.7675,3341.4594,2599.55
Gansu,1065.15,7200.37,983.39,2515.56,3701.42,2610
Gansu,1164.37,7459.8995,859.7523,2561.7919,4038.3554,2626
Gansu,1289.52,8246.07,921.3048,2794.67,4530.0952,2637
Gansu,1288.05,8718.3,1050.48,2862.42,4805.4,2647
Guangdong,1334.58,9662.23,1000.06,4868.75,3793.42,7707
Guangdong,1458.43,12039.2536,1004.35,5341.6086,4301.7521,7783
Guangdong,1687.83,13502.4249,1032.8,5935.63,4801.3,7859
Guangdong,2031.29,15844.64,1093.5191,7307.08,5225.267,7954.22
Guangdong,2387.14,18864.62,1245.42,8890.29,5903.75,8304
Guangdong,2673.56,22557.37,1428.27,11339.93,9598.34,9194
Guangdong,3004.03,26587.76,1577.12,13431.82,11195.53,9304
Guangdong,3394.05,31777.01,1695.57,15939.1,13449.73,9449
Guangdong,3506.78,36796.71,1970.23,18402.64,15323.59,9544
Guangdong,3609.64,39482.56,2010.27,19419.7,18052.59,9638
Guangdong,4060.13,46013.06,2286.98,23014.53,20711.55,10440.9641
Guangdong,4399,53210.28,2665.2,26447.38,24097.7,10504.8488
Guangdong,4619.42,57067.9177,2847.26,27700.97,26519.69,10594
Guangdong,4830.13,62474.79,3047.51,29427.49,29688.97,10644
Guangdong,5235.23,67809.85,3166.82,31419.75,33223.28,10724
Guangdong,5311,72812.55,3345.54,32613.54,36853.47,10849
Guangdong,5610.13,80854.91,3694.37,35109.66,42050.88,10999
Guangdong,5958.97,89705.23,3611.44,38008.06,48085.73,11169
Guangdong,6323.35,97277.77,3831.44,40695.15,52751.18,11346
Guangdong,6695.85,107671.07,4351.26,43546.43,59773.38,11521
Guangxi,314.44,2050.14,538.69,748,763.45,4750
Guangxi,322.02,2279.34,562.52,791.85,876.82,4788
Guangxi,356.95,2523.73,595.68,863.96,995.72,4822
Guangxi,414.93,2821.11,652.28,1007.96,1074.89,4857
Guangxi,456.86,3433.5,811.38,1288.26,1220.46,4889
Guangxi,510.15,3984.1,912.5,1510.68,1652.57,4660
Guangxi,579.46,4746.16,1032.47,1878.56,1917.47,4719
Guangxi,681.14,5823.41,1241.35,2425.29,2289,4768
Guangxi,760.79,7021,1453.9,3037.74,2679.94,4816
Guangxi,856.29,7759.16,1458.49,3381.54,2919.13,4856
Guangxi,993.24,9569.85,1675.06,4511.68,3383.11,4610
Guangxi,1112,11720.87,2047.23,5675.32,3998.33,4645
Guangxi,1153.85,13035.1015,2172.37,6247.43,4615.3,4682
Guangxi,1237.74,14449.904,2343.57,6863.04,5171.39,4719
Guangxi,1307.99,15672.8933,2413.438,7324.964,5934.4913,4754
Guangxi,1334,16803.12,2565.45,7717.52,6520.15,4796
Guangxi,1359.65,18317.64,2796.8,8273.66,7247.18,4838
Guangxi,1444.95,18523.26,2878.3,7450.85,8194.11,4885
Guangxi,1703.04,20352.51,3019.37,8072.94,9260.2,4926
Guangxi,1907.33,21237.14,3387.74,7077.43,10771.97,4960
Guizhou,287.78,993.53,270.99,387.85,334.69,3756
Guizhou,449.05,1133.27,274.17,419.74,390.99,3799
Guizhou,491.67,1243.43,280.83,474.68,429.53,3837
Guizhou,551.07,1426.34,298.37,579.31,478.43,3869.66
Guizhou,583.26,1677.8,334.11,714.66,543.13,3904
Guizhou,486.97,2005.42,368.94,826.63,783.49,3730
Guizhou,619.59,2338.98,393.17,980.78,908.05,3757.18
Guizhou,714.09,2884.11,446.38,1148.27,1147.25,3762
Guizhou,679.18,3561.56,547.85,1408.71,1376.84,3792.73
Guizhou,750.3,3912.68,550.27,1476.62,1885.79,3798
Guizhou,835.38,4602.16,625.03,1800.06,2177.07,3478.9408
Guizhou,944,5701.84,726.22,2194.33,2781.29,3468.72
Guizhou,1046.72,6852.2,891.91,2677.54,3282.75,3484.07
Guizhou,1126.27,8086.86,1029.05,3243.7,3734.04,3502.22
Guizhou,1173.74,9266.39,1280.45,3857.44,4128.5,3508.04
Guizhou,1174,10502.56,1640.61,4147.83,4714.12,3529.5
Guizhou,1241.78,11776.73,1846.19,4669.53,5261.01,3555
Guizhou,1384.89,13540.8256,2032.2737,5428.1389,6080.42,3580
Guizhou,1482.12,14806.45,2159.54,5755.54,6891.37,3600
Guizhou,1540.68,16769.34,2280.56,6058.45,8430.33,3623
Hainan,38.37,518.48,196.56,102.45,219.47,789
Hainan,44.86,558.4137,201.79,111.25,232.92,796
Hainan,49,621.974,228.95,125.33,249.85,803
Hainan,59.3,693.2,248.33,151.16,271.44,810.52
Hainan,68.66,798.9,283.84,180.41,305.11,818
Hainan,81.61,897.99,300.75,220.07,373.75,828
Hainan,97.66,1044.91,344.48,287.86,420.51,836
Hainan,113.25,1254.17,361.07,364.26,497.95,845
Hainan,122.97,1503.06,437.61,434.4,587.22,854
Hainan,133.76,1654.21,462.19,443.43,748.59,864.07
Hainan,159.02,2064.5,539.83,571,953.67,868.5512
Hainan,185,2522.66,659.23,714.5,1148.93,877.34
Hainan,210.31,2855.54,711.54,804.47,1339.53,886.55
Hainan,232.02,3177.56,756.47,871.29,1518.7,895.28
Hainan,251.88,3500.72,809.52,875.97,1815.23,903.48
Hainan,272,3702.76,854.72,875.82,1972.22,910.82
Hainan,287.31,4053.2,948.35,905.95,2198.9,917
Hainan,304.95,4462.54,962.84,996.35,2503.35,926
Hainan,326.82,4832.05,1000.11,1095.79,2736.15,934
Hainan,354.89,5308.93,1080.36,1099.03,3129.54,945
Hebei,809.34,5088.96,824.55,2559.96,1704.45,6674
Hebei,869.55,5516.76,913.9,2767.41,1896.47,6699
Hebei,965.08,6018.28,957.01,3046,2119.52,6735
Hebei,1098.99,6921.29,1064.33,3657.19,2377.04,6769.44
Hebei,1291.41,8477.63,1370.4,4635.23,2763.16,6809
Hebei,1501.92,10012.11,1503.07,5232.5,3360.54,6851
Hebei,1734.83,11467.6,1606.48,6115.01,3938.94,6898
Hebei,2013.68,13607.32,1804.72,7241.8,4662.98,6943
Hebei,2095.02,16011.97,2034.6,8777.42,5376.59,6988.82
Hebei,2344.18,17235.48,2207.34,8959.83,6068.31,7034.4
Hebei,2691.52,20394.26,2562.81,10707.68,7123.77,7193.6
Hebei,2985,24515.76,2905.73,13126.86,8483.17,7240.51
Hebei,3077.82,26575.01,3186.66,14003.57,9384.78,7287.51
Hebei,3251.19,28442.95,3500.42,14762.1,10038.89,7332.61
Hebei,3314.11,29421.15,3447.46,15012.85,10960.84,7383.75
Hebei,3176,29806.11,3439.45,14386.87,11979.79,7424.92
Hebei,3264.52,32070.45,3492.81,15256.93,13320.71,7470
Hebei,3441.74,34016.32,3129.98,15846.21,15040.13,7519.52
Hebei,3665.66,36010.27,3338,16040.06,16632.21,7556
Hebei,3856.06,35104.52,3518.44,13597.26,17988.82,7592
Henan,718.52,5137.66,1161.58,2413.78,1562.3,9488
Henan,808.41,5533.01,1234.34,2659.04,1746.73,9555
Henan,927.56,6035.48,1288.36,2951.06,1929.31,9613
Henan,1054.64,6867.7,1239.7,3551.94,2256.95,9667
Henan,1299.63,8553.79,1647.48,4515.35,2652.26,9717
Henan,1352.74,10587.42,1892.01,5514.14,3181.27,9380
Henan,1534.21,12362.79,2049.92,6724.61,3721.44,9392
Henan,1864.14,15012.46,2217.66,8282.83,4511.97,9360
Henan,2092.63,18018.53,2658.8,10477.92,5271.06,9429
Henan,2275.19,19480.46,2769.05,11010.5,5700.91,9487
Henan,2353.96,23092.36,3258.09,13226.38,6607.89,9405.4697
Henan,2823,26931.03,3512.24,15427.08,7991.72,9388
Henan,2926.2,29599.31,3769.54,16672.2,9157.57,9406
Henan,2899.18,32191.2999,4058.98,17806.39,10290.49,9413.35
Henan,2919.57,34938.24,4160.01,17816.56,12961.67,9436
Henan,2880,37002.16,4209.56,17917.37,14875.23,9480
Henan,2989.15,40471.79,4286.21,19275.82,16909.76,9532
Henan,3166.17,44552.83,4139.29,21105.52,19308.02,9559.13
Henan,3417.68,48055.86,4289.38,22034.83,21731.65,9605
Henan,3364.17,54259.2,4635.4,23605.79,26018.01,9640
Heilongjiang,442.28,3253,357,1868.55,1027.45,3807
Heilongjiang,468.13,3390.13,409.3,1998.74,1152.96,3811
Heilongjiang,463.02,3637.2,447,2169.15,1266.01,3813
Heilongjiang,503.63,4057.4,500.8,2532.45,1396.75,3815
Heilongjiang,541.65,4750.6,587.7563,3155.3325,1559.9154,3817
Heilongjiang,555.85,5513.7,684.6,2971.68,1855.22,3820
Heilongjiang,596.86,6211.8,737.59,3365.31,2086,3823
Heilongjiang,642.94,7104,915.38,3695.58,2454.04,3824
Heilongjiang,697.1,8314.37,1089.1,4365.9,2855,3825.39
Heilongjiang,688.66,8587,1154.33,4060.72,3371.95,3826
Heilongjiang,747.84,10368.6,1302.9,5204.11,3861.59,3833.4024
Heilongjiang,817,12582,1701.5,6330.53,4549.97,3834
Heilongjiang,827.9,13691.58,2113.66,6037.61,5540.31,3834
Heilongjiang,845.2,14454.9056,2516.79,5918.22,5947.92,3835.02
Heilongjiang,859.42,15039.3764,2611.36,5544.4064,6883.61,3833
Heilongjiang,869,15083.67,2633.5,4798.08,7652.09,3811.7
Heilongjiang,896.62,15386.09,2670.46,4400.69,8314.94,3799
Heilongjiang,928.57,15902.6817,2965.25,4060.6017,8876.83,3788.7
Heilongjiang,973.88,16361.62,3000.96,4030.94,9329.72,3773
Heilongjiang,995.63,13612.68,3182.45,3615.21,6815.03,3751
Hubei,503.02,4276.32,662.3,2123.7,1490.32,5960
Hubei,526.03,3880.53,692.17,2313.66,1656.45,5975
Hubei,567.43,4212.82,707,2446.05,1822.58,5988
Hubei,629.2,4757.45,798.35,2580.58,2022.78,6001.7
Hubei,699.41,5633.24,1020.09,2994.67,2295.16,6016
Hubei,788.91,6590.19,1082.13,2810.01,2628,5710
Hubei,894.76,7617.47,1140.41,3365.08,3075.83,5693
Hubei,1009.23,9333.4,1378,3966.68,3886,5699
Hubei,1076.24,11328.89,1780,4963.61,4586.77,5711
Hubei,1183.04,12961.1,1795.9,6038.08,5127.12,5720
Hubei,1330.44,15967.61,2147,7767.24,6053.37,5727.9143
Hubei,1573,19632.26,2569.3,9815.94,7247.02,5757.5
Hubei,1642.74,22250.45,2848.77,11193.1,8208.58,5779
Hubei,1629.75,24791.83,3098.16,12171.56,9398.77,5799
Hubei,1656.54,27379.2176,3176.89,12852.4003,11349.9273,5816
Hubei,1665,29550.1881,3309.84,13503.5569,12736.7912,5851.5
Hubei,1763.11,32665.38,3659.33,14654.38,14351.67,5885
Hubei,1869,35478.09,3528.96,15441.75,16507.38,5902
Hubei,2071.43,39366.55,3547.51,17088.95,18730.09,5917
Hubei,2214.3,45828.31,3809.09,19098.62,22920.6,5927
Hunan,406.12,3691.88,784.92,1461.86,1445.1,6562
Hunan,439.68,3831.9,825.73,1573,1584.27,6596
Hunan,476,4151.54,847.25,1737.2,1756.49,6629
Hunan,546.95,4659.99,886.47,1794.21,1958.05,6662.8
Hunan,662.61,5641.94,1155.85,2214.41,2242,6698
Hunan,674.43,6596.1,1274.15,2596.71,2640.48,6326
Hunan,768.78,7688.67,1332.23,3151.7,3084.96,6342
Hunan,890.58,9439.6,1626.52,3916.44,3657.04,6355
Hunan,1128.54,11555,2007.4,4933.08,4216.16,6380
Hunan,1232.19,13059.69,1969.69,5687.19,5402.81,6406
Hunan,1171.91,16037.96,2325.5,7343.19,6369.27,6570.1
Hunan,1545,19669.56,2768.03,9361.99,7539.54,6595.6
Hunan,1582.34,22154.2275,3004.21,10506.42,8643.6,6638.93
Hunan,1423.09,24621.67,3099.23,11517.35,9885.09,6690.6
Hunan,1430.88,27037.3212,3148.7453,12482.0641,11406.5118,6737.24
Hunan,1448,28902.2139,3331.6211,12810.8214,12759.7713,6783.03
Hunan,1495.65,31551.37,3578.37,13341.17,14631.83,6822
Hunan,1581.51,33902.96,2998.4,14145.49,16759.07,6860.15
Hunan,1745.24,36425.78,3083.59,14453.54,18888.65,6899
Hunan,1864.32,39752.12,3646.95,14946.98,21158.19,6918
Jilin,291.37,1821.19,398.73,800.28,622.18,2682
Jilin,323.36,2120.35,409.1,880.84,742.54,2691
Jilin,344.54,2348.54,446.17,978.37,821.58,2699
Jilin,359.4,2662.08,486.9,1143.39,892.33,2703.7
Jilin,383.06,3122.01,560.96,1379.31,1017.94,2709
Jilin,378.23,3620.27,625.61,1580.83,1413.83,2716
Jilin,412.45,4275.12,672.76,1915.29,1687.07,2723
Jilin,462.64,5284.69,783.8,2475.45,2025.44,2730
Jilin,496.49,6426.1,916.7,3064.63,2442.73,2734
Jilin,515.25,7278.75,980.57,3541.92,2756.26,2739.55
Jilin,576.98,8667.58,1050.15,4506.31,3111.12,2746.6021
Jilin,631,10568.83,1277.44,5611.48,3679.91,2749.41
Jilin,787.05,11939.24,1412.11,6376.77,4150.36,2750.4
Jilin,653.85,13046.4,1509.34,6858.23,4613.89,2751.28
Jilin,667.81,13803.14,1524.01,7286.59,4992.54,2752.38
Jilin,652,14063.13,1596.28,7005.71,5461.14,2753.32
Jilin,667.63,14776.8,1498.52,7004.95,6273.33,2733
Jilin,702.98,14944.53,1095.36,6998.51,6850.66,2717
Jilin,750.57,15074.62,1160.75,6410.85,7503.02,2704
Jilin,780.37,11726.82,1287.32,4134.82,6304.68,2691
Jiangsu,971.34,8582.7276,1031.17,4435.889,3115.6686,7327
Jiangsu,1078.44,9456.84,1082.43,4907.46,3522.02,7355
Jiangsu,1244.6,10606.85,1119.12,5550.98,3961.65,7381
Jiangsu,1505.13,12442.87,1106.35,6787.11,4567.37,7405.82
Jiangsu,1820.08,15003.6,1315.38,8716.1069,5371.6777,7433
Jiangsu,2193.45,18598.69,1461.49,10355.03,6489.14,7588
Jiangsu,2569.75,21742.05,1545.01,12250.84,7849.23,7550
Jiangsu,2952.02,26018.48,1816.24,14306.4,9618.52,7625
Jiangsu,3118.33,30981.98,2100,16663.81,11548.8,7677.3
Jiangsu,3313.98,34457.3,2261.86,18566.37,13629.07,7725
Jiangsu,3864.37,41425.48,2540.1,21753.93,17131.45,7869.34
Jiangsu,4282,49110.27,3064.77,25203.28,20842.21,7898.8
Jiangsu,4580.91,54058.22,3418.29,27121.95,23517.98,7919.98
Jiangsu,4956.62,59753.37,3646.08,29094.03,26421.64,7939.49
Jiangsu,5012.54,65088.32,3634.33,30854.5,30599.49,7960.06
Jiangsu,5115,70116.38,3986.05,32044.45,34085.88,7976.3
Jiangsu,5458.95,77388.28,4077.18,34619.5,38691.6,7999
Jiangsu,5807.89,85869.76,4045.16,38654.87,43169.73,8029.3
Jiangsu,6128.27,92595.4,4141.72,41248.52,47205.16,8051
Jiangsu,6264.36,99631.52,4296.28,44270.51,51064.73,8070
Jiangxi,208.15,2003.07,485.14,700.76,817.17,4149
Jiangxi,222.29,2175.68,506,788.12,881.56,4186
Jiangxi,246.56,2450.48,535.98,951.77,962.73,4222
Jiangxi,299.53,2807.41,560,1227.38,1043.08,4254.23
Jiangxi,389.2,3456.7,711.7,1595.74,1188.5,4284
Jiangxi,391.98,4056.76,727.37,1917.47,1411.92,4311
Jiangxi,453.28,4820.53,786.14,2320.74,1563.65,4339
Jiangxi,516.09,5800.25,905.77,2840.92,1753.56,4368
Jiangxi,546.77,6971.05,1060.38,3414.88,2005.07,4400
Jiangxi,609.22,7655.18,1098.66,3919.45,2637.07,4432.1581
Jiangxi,700.51,9451.26,1206.98,5122.88,3121.4,4462.2489
Jiangxi,835,11702.82,1391.07,6390.55,3921.2,4488.4367
Jiangxi,867.67,12948.88,1520.23,6942.59,4486.06,4503.9321
Jiangxi,947.11,14410.19,1636.49,7671.38,5030.63,4522.15
Jiangxi,1018.52,15714.63,1683.72,8247.93,5782.98,4542.16
Jiangxi,1087,16723.78,1772.98,8411.57,6539.23,4565.63
Jiangxi,1182.5,18499,1904.53,8829.54,7764.93,4592
Jiangxi,1293.98,20006.31,1835.26,9627.98,8543.07,4622
Jiangxi,1428.77,21984.78,1877.33,10250.21,9857.24,4648
Jiangxi,1535.7,24757.5,2057.56,10939.83,11760.11,4666
Liaoning,748.89,4669.06,503.44,2344.4,1821.22,4184
Liaoning,809.42,5033.08,544.44,2440.55,2048.09,4194
Liaoning,859.2,5458.22,590.2,2609.85,2258.17,4203
Liaoning,886.88,6002.54,615.8,2898.89,2487.85,4210
Liaoning,1058.1,6672,769.8962,3278.8848,2823.8711,4217
Liaoning,1110.56,8047.26,882.41,3953.28,3173.32,4221
Liaoning,1228.28,9304.52,976.37,4729.5,3545.28,4271
Liaoning,1359.51,11164.3,1133.4,5853.1,4036.99,4298
Liaoning,1411.99,13668.58,1302,7512.11,4647.46,4314.7
Liaoning,1488.17,15212.49,1414.9,7906.34,5891.25,4319
Liaoning,1715.26,18457.27,1631.08,9976.82,6849.37,4374.9
Liaoning,1862,22226.7,1915.57,12152.15,8158.98,4383
Liaoning,1899.88,24846.43,2155.82,13230.49,9460.12,4389
Liaoning,2008.46,27213.22,2321.63,14269.46,10486.56,4390
Liaoning,2038.73,28626.58,2285.75,14384.64,11956.19,4391
Liaoning,1985,28669.016,2384.03,13041.97,13243.016,4382.4
Liaoning,2037.4,22246.9,2173.06,8606.54,11467.3,4378
Liaoning,2135.5,23409.24,1902.28,9199.8,12307.16,4369
Liaoning,2302.38,25315.35,2033.3,10025.1,13256.95,4359
Liaoning,2401.47,24909.45,2177.77,9531.24,13200.44,4352
Inner Mongolia,254.21,1401.01,350.8,556.28,493.93,2372
Inner Mongolia,279.68,1713.81,358.89,626.47,560.43,2377
Inner Mongolia,320.44,1940.94,374.69,728.34,631.28,2379
Inner Mongolia,406.62,2388.38,420.0993,973.9356,756.38,2379.61
Inner Mongolia,535.58,3041.07,506.07,1332.4728,873.5345,2384
Inner Mongolia,667.72,3905.03,589.56,1773.21,1532.78,2403
Inner Mongolia,884.91,4944.25,649.62,2327.44,1814.42,2397
Inner Mongolia,1160.21,6423.18,762.1,3154.56,2174.46,2405
Inner Mongolia,1220.57,8496.2,906.98,4271.03,2583.79,2413.73
Inner Mongolia,1287.93,9740.25,929.6,5114,3696.65,2422.07
Inner Mongolia,1536.83,11672,1095.28,6367.69,4209.02,2472.1786
Inner Mongolia,1834,14359.88,1306.3,8037.69,5015.89,2481.71
Inner Mongolia,2016.78,15880.5788,1448.58,8801.5,5630.5,2489.85
Inner Mongolia,2181.9,16916.5029,1599.41,9084.19,6148.78,2497.61
Inner Mongolia,2416.74,17770.1888,1627.852,9119.79,7022.5468,2504.81
Inner Mongolia,2543,17831.5088,1617.4219,9000.577,7213.5099,2511.04
Inner Mongolia,2605.03,18128.1,1637.39,8553.63,7937.08,2520
Inner Mongolia,2891.87,16096.21,1649.77,6399.68,8046.76,2529
Inner Mongolia,3353.44,17289.22,1753.82,6807.3,8728.1,2534
Inner Mongolia,3653.02,17212.53,1863.19,6818.88,8530.46,2540
Ningxia,136.17,265.57,45.95,120.04,99.58,554
Ningxia,151.81,337.4447,49.57,134.37,114.44,563
Ningxia,178.76,377.1552,52.84,151.16,125.28,572
Ningxia,212,445.36,55.5,192,137.84,580.3
Ningxia,272.83,537.16,65.13,239.42,155.8,588
Ningxia,302.88,612.61,72.08,281.23,252.79,596
Ningxia,377.85,725.9,79.54,349.83,281.39,604
Ningxia,439.78,919.11,97.89,451.82,339.49,610
Ningxia,439.62,1203.92,120,581.24,397.27,617.69
Ningxia,470.32,1353.31,127.25,662.32,563.74,625.2
Ningxia,546.77,1689.65,159.29,827.91,702.45,632.96
Ningxia,725,2102.21,184.14,1056.15,861.92,639.45
Ningxia,741.8,2341.29,199.4,1159.37,982.52,647.19
Ningxia,811.18,2577.57,222.98,1264.96,1077.12,654.19
Ningxia,848.75,2752.1,216.99,1341.24,1193.87,661.54
Ningxia,878,2911.77,237.76,1379.6,1294.41,667.88
Ningxia,886.91,3168.59,241.6,1488.44,1438.55,675
Ningxia,978.3,3443.56,250.62,1580.57,1612.37,682
Ningxia,1064.85,3705.18,279.85,1650.26,1775.07,688
Ningxia,1083.9,3748.48,279.93,1584.72,1883.83,695
Qinghai,109.1,263.59,38.53,114,111.06,517
Qinghai,111.81,300.13,42.79,132.18,125.98,523
Qinghai,132.67,340.65,44.9,154.01,142.2,529
Qinghai,158.51,390.2,46.15,184.26,159.8,533.8
Qinghai,199.64,466.1,57.81,227.06,180.86,539
Qinghai,206.56,543.32,65.34,264.61,213.37,543
Qinghai,246.04,648.5,69.64,331.16,240.78,548
Qinghai,287.11,797.35,83.41,417.78,282.42,552
Qinghai,313.23,1018.62,105.58,529.4,326.55,554.3
Qinghai,337.24,1081.27,107.4,575.33,398.54,557.3
Qinghai,465.18,1350.43,134.92,744.63,470.88,563
Qinghai,561,1670.44,155.08,975.18,540.18,568.17
Qinghai,602.22,1893.54,176.91,1092.34,624.29,573.17
Qinghai,676.29,2122.06,207.59,1204.31,689.15,577.79
Qinghai,723.21,2303.32,215.93,1234.31,853.08,583.42
Qinghai,658,2417.05,208.93,1207.31,1000.81,588.43
Qinghai,637.51,2572.49,221.19,1249.98,1101.32,593
Qinghai,687.01,2624.83,238.41,1162.41,1224.01,598
Qinghai,738.34,2865.23,268.1,1247.06,1350.07,603
Qinghai,716.47,2965.95,301.9,1159.75,1504.3,608
Shandong,1000.71,8542.44,1268.57,4244.4,3029.47,8998
Shandong,1560.2,9195.036,1359.49,4654.51,3424.31,9041
Shandong,1230.02,10275.4957,1390,5309.54,3852.52,9082
Shandong,1395.72,12078.15,1480.67,6656.85,4298.41,9125
Shandong,1693.71,15021.84,1778.3,8724.52,4987.91,9180
Shandong,1911.61,18366.87,1963.51,10628.62,5924.74,9248
Shandong,2312.04,21900.19,2138.9,12751.2,7187.26,9309
Shandong,2596.05,25776.91,2509.14,14776.53,8680.24,9367
Shandong,2726.98,30933.28,3002.65,17702.17,10367.23,9417.23
Shandong,2941.07,33896.65,3226.64,18901.83,11768.18,9470.3
Shandong,3298.46,39169.92,3588.28,21238.49,14343.14,9587.8641
Shandong,3635,45361.85,3973.85,24017.11,17370.89,9637
Shandong,3794.55,50013.2449,4281.7,25735.73,19995.81,9684.97
Shandong,4083.12,55230.3249,4742.63,27422.47,22519.23,9733.39
Shandong,4223.49,59426.5902,4798.36,28788.1074,25840.1228,9789.43
Shandong,5117,63002.3325,4979.0794,29485.9021,28537.3509,9847.16
Shandong,5390.75,68024.49,4929.13,31343.67,31751.69,9947
Shandong,5430.16,72634.1491,4832.7119,32942.8429,34858.6,10005.83
Shandong,5916.77,76469.67,4950.52,33641.72,37877.43,10047
Shandong,6218.72,71067.53,5116.44,28310.92,37640.17,10070
Shanxi,501.99,1643.81,179.86,827.59,636.36,3248
Shanxi,557.08,2029.53,171.09,917.98,690.9,3272
Shanxi,628.83,2324.8,197.8,1083.79,735.95,3294
Shanxi,731.77,2855.23,215.19,1389.33,852.07,3314.29
Shanxi,841.55,3571.37,253.37,1810.08,978.96,3335
Shanxi,946.33,4230.53,262.42,2353.16,1563.94,3355
Shanxi,1097.67,4878.61,276.77,2748.33,1727.44,3375
Shanxi,1348.81,6024.45,269.68,3438.58,2025.09,3393
Shanxi,1313.49,7315.4,302.48,4265.77,2370.48,3410.61
Shanxi,1267.54,7358.31,477.59,3993.8,2886.92,3427.36
Shanxi,1460,9200.86,554.48,5234,3412.38,3574.1145
Shanxi,1650,11237.55,641.42,6635.26,3960.87,3593
Shanxi,1765.78,12112.83,698.32,6731.56,4682.95,3610.83
Shanxi,1832.35,12665.25,773.81,6792.68,5035.75,3629.8
Shanxi,1822.63,12761.49,788.89,6293.91,5678.69,3647.96
Shanxi,1737,12766.49,783.16,5194.27,6789.06,3664.12
Shanxi,1797.18,13050.41,784.78,5028.99,7236.64,3682
Shanxi,1990.61,15528.42,719.16,6778.89,8030.37,3702
Shanxi,2160.53,16818.11,740.64,7089.19,8988.28,3718
Shanxi,2261.9,17026.68,824.72,7453.09,8748.87,3729
Shaanxi,292.76,1660.92,279.12,731.9,649.9,3644
Shaanxi,344.69,2010.62,287.24,816.34,740.69,3659
Shaanxi,373.86,2253.39,303.79,925.78,806.39,3674
Shaanxi,421.92,2587.72,320.03,1133.56,944.99,3689.5
Shaanxi,459.78,3175.58,394.98,1416.82,1071.71,3705
Shaanxi,516.43,3933.72,435.77,1849.28,1390.61,3690
Shaanxi,580.73,4743.61,488.48,2440.5,1594.76,3735
Shaanxi,653.69,5757.29,592.63,2964.56,1908.6,3748
Shaanxi,708.02,7314.58,753.72,3842.08,2255.52,3762
Shaanxi,740.11,8169.8,789.64,4236.42,3143.74,3772
Shaanxi,859.22,10123.48,988.45,5446.1,3688.93,3735.2267
Shaanxi,982,12512.3,1220.9,6935.59,4355.81,3742.6
Shaanxi,1066.75,14453.68,1370.16,8073.87,5009.65,3753.09
Shaanxi,1152.22,16205.45,1526.05,8911.64,5607.52,3764
Shaanxi,1226.01,17689.94,1564.94,9577.24,6547.76,3775.12
Shaanxi,1222,18021.8609,1597.63,9082.13,7342.1009,3793
Shaanxi,1357.06,19399.59,1693.85,9490.72,8215.02,3813
Shaanxi,1494.75,21898.81,1741.45,10882.88,9274.48,3835
Shaanxi,1594.17,24438.32,1830.19,12157.48,10450.65,3864
Shaanxi,1912.34,25793.17,1990.93,11980.75,11821.49,3876
Shanghai,559.45,4551.15,83.2,2163.68,2304.27,1641
Shanghai,592.99,5210.12,85.5,2355.53,2509.81,1614
Shanghai,645.71,5741.03,88.24,2564.69,2755.83,1625
Shanghai,745.97,6694.23,90.64,3130.72,3029.45,1711
Shanghai,821.44,8072.83,96.71,3788.22,3565.34,1742
Shanghai,921.97,9247.66,80.34,4452.92,4620.92,1890
Shanghai,990.15,10572.24,93.8,5028.37,5244.2,1815
Shanghai,1072.38,12494.01,101.84,5678.51,6408.5,1858
Shanghai,1138.22,14069.86,111.8,6235.92,7350.43,1888.46
Shanghai,1153.38,15046.45,113.82,6001.78,8930.85,1921
Shanghai,1295.87,17165.98,114.15,7218.32,9833.51,2302.6608
Shanghai,1340,19195.69,124.94,7927.89,11142.86,2347.46
Shanghai,1353.45,20181.72,127.8,7854.77,12199.15,2380.43
Shanghai,1410.6,21818.15,129.28,8027.77,13445.07,2415.15
Shanghai,1369.03,23567.6953,124.26,8167.7108,15275.7245,2425.68
Shanghai,1406,25123.45,109.82,7991,17022.63,2415.27
Shanghai,1486.02,28178.65,109.47,8406.28,19662.9,2420
Shanghai,1526.77,30632.99,110.78,9330.67,21191.54,2418
Shanghai,1566.66,32679.87,104.37,9732.54,22842.96,2424
Shanghai,1568.58,38155.32,103.88,10299.16,27752.28,2428
Sichuan,521.23,4010.25,945.58,1700.49,1364.18,8602
Sichuan,586.48,4293.491,981.68,1756.86,1683.22,8640
Sichuan,670.76,4725.0134,1027.62,1982.44,1865.06,8673
Sichuan,758.79,5333.09,1128.61,2266.06,2061.65,8700.4
Sichuan,857.02,6379.63,1394.2583,2689.9955,2471.7596,8725
Sichuan,942.59,7385.1,1481.14,3067.23,2836.74,8212
Sichuan,1059.44,8690.24,1595.48,3775.19,3267.14,8169
Sichuan,1177.5,10562.39,2032,4641.3,3832,8127
Sichuan,1213.29,12601.23,2366.15,5790.1,4350,8138
Sichuan,1361.87,14151.28,2240.61,6711.87,5198.8,8185
Sichuan,1549.03,17185.48,2482.89,8672.18,6030.41,8044.92
Sichuan,1963,21026.68,2983.51,11029.13,7014.04,8050
Sichuan,2009.6,23872.8,3297.21,12333.28,8242.31,8076.2
Sichuan,1948.95,26392.07,3425.61,13579.03,9256.13,8107
Sichuan,2014.79,28536.66,3531.05,13962.41,11043.2,8140.2
Sichuan,1992,30053.1,3677.3,13248.08,13127.72,8204
Sichuan,2101.02,32934.54,3929.33,13448.92,15556.29,8262
Sichuan,2205.18,36980.22,4262.35,14328.13,18389.74,8302
Sichuan,2459.49,40678.13,4426.66,15322.72,20928.75,8341
Sichuan,2635.83,46615.82,4807.24,17365.33,24443.25,8375
Tianjin,234.05,1639.36,73.54,820.17,745.65,1001
Tianjin,250.47,1919.09,78.55,904.64,856.91,1004
Tianjin,281,2150.76,84,1001.9,965.26,1007
Tianjin,313,2578.03,89.66,1245.29,1112.71,1011.3
Tianjin,350.97,3110.97,102.29,1560.16,1269.43,1024
Tianjin,384.84,3905.64,112.38,2051.17,1534.07,1043
Tianjin,445.73,4462.74,118.23,2488.29,1752.63,1075
Tianjin,510.68,5252.76,110.19,2892.53,2047.68,1115
Tianjin,535.26,6719.01,122.58,3821.07,2410.73,1176
Tianjin,576.92,7521.85,128.85,3987.84,3405.16,1228.16
Tianjin,645.74,9224.46,145.58,4840.23,4238.65,1299.29
Tianjin,727,11307.28,159.72,5928.32,5219.24,1355
Tianjin,767.13,12893.88,171.6,6663.82,6058.46,1413.15
Tianjin,774.49,14442.01,188.45,7276.68,6905.03,1472.21
Tianjin,794.36,15726.93,199.9,7731.85,7795.18,1516.81
Tianjin,801,16538.19,208.82,7704.22,8625.15,1546.95
Tianjin,807.93,17885.39,220.22,7571.35,10093.82,1562
Tianjin,805.59,18549.19,168.96,7593.5931,10786.6369,1557
Tianjin,861.44,18809.64,172.71,7609.81,11027.12,1560
Tianjin,878.43,14104.28,185.23,4969.18,8949.87,1562
Xinjiang,182.98,1364.36,288.18,586.84,489.34,1849
Xinjiang,197.62,1491.6,288.12,630.37,566.99,1876
Xinjiang,212.24,1612.65,305,672.1,621.18,1905
Xinjiang,234.62,1886.35,412.9,796.84,667.87,1933.95
Xinjiang,265.9,2209.09,444.7,1010.07,745.38,1963
Xinjiang,310.14,2604.19,509.99,1164.79,929.41,2010
Xinjiang,356.15,3045.26,527.8,1459.3,1058.16,2050
Xinjiang,416.87,3523.16,628.72,1647.55,1246.89,2095
Xinjiang,479.37,4183.21,691.1,2086.74,1425.57,2130.8
Xinjiang,547.88,4277.05,759.74,1929.59,1587.72,2158.63
Xinjiang,661.96,5437.47,1078.63,2592.15,1766.69,2185.11
Xinjiang,839,6610.05,1139.03,3225.9,2245.12,2208.71
Xinjiang,1151.5,7505.31,1320.57,3481.56,2703.18,2232.78
Xinjiang,1539.75,8443.84,1468.29,3765.97,3125.98,2264.3
Xinjiang,1900.24,9273.46,1538.6,3948.96,3785.9,2298.47
Xinjiang,2160,9324.8,1559.08,3596.4,4169.32,2359.73
Xinjiang,2316.46,9649.7,1648.97,3647.01,4353.72,2398
Xinjiang,2542.85,10881.96,1551.84,4330.89,4999.23,2445
Xinjiang,2686.48,12199.08,1692.09,4922.97,5584.02,2487
Xinjiang,2867.55,13597.11,1781.75,4795.5,7019.86,2523
Yunnan,273.58,1955.09,436.26,843.24,675.59,4241
Yunnan,347.07,2138.31,450.54,881.49,742.68,4287
Yunnan,393.46,2312.82,470.5,951.48,810.34,4333
Yunnan,409.79,2556.02,502.84,1069.29,893.16,4375.6
Yunnan,475.19,3081.91,604.33,1314.19,1040.96,4415
Yunnan,557.25,3461.73,669.81,1432.76,1370.32,4450
Yunnan,645.62,3988.14,749.81,1712.6,1544.31,4483
Yunnan,745.52,4772.52,837.35,2051.08,1852.88,4514
Yunnan,829.44,5692.12,1020.94,2451.09,2228.07,4543
Yunnan,891.19,6169.75,1067.6,2582.53,2519.62,4571
Yunnan,1004.07,7224.18,1108.38,3223.49,2892.31,4601.6
Yunnan,1204,8893.12,1411.01,3780.32,3701.79,4630.8
Yunnan,1313.62,10309.47,1654.55,4419.2,4235.72,4659
Yunnan,1459.81,11832.31,1895.34,4927.82,4897.75,4686.6
Yunnan,1529.38,12814.59,1990.07,5281.82,5542.7,4713.9
Yunnan,1439,13619.17,2055.78,5416.12,6147.27,4741.8
Yunnan,1410.52,14788.42,2195.11,5690.16,6903.15,4771
Yunnan,1538.1,16376.34,2338.37,6204.97,7833,4800.5
Yunnan,1679.08,17881.12,2498.86,6957.44,8424.82,4830
Yunnan,1812.26,23223.75,3037.62,7961.58,12224.55,4858
Zhejiang,738.05,6036.34,664.16,3183.47,2188.71,4596
Zhejiang,855.29,6898.3388,695.15,3459.75,2593.25,4613
Zhejiang,1015.84,8003.67,694,3982,3120,4647
Zhejiang,1240.35,9705.02,728,4941,3726,4679.55
Zhejiang,1419.53,11648.7,816,6045,4382,4720
Zhejiang,1642.31,13417.68,892.83,7166.15,5378.87,4991
Zhejiang,1909.23,15718.47,925.1,8509.57,6307.85,4980
Zhejiang,2189.33,18753.73,986.02,10148.45,7645.96,5060
Zhejiang,2322.87,21462.69,1095.43,11580.33,8811.17,5120
Zhejiang,2471.44,22990.35,1163.08,11908.49,9918.78,5180
Zhejiang,2820.93,27722.31,1360.56,14297.93,12063.82,5446.51
Zhejiang,3117,32318.85,1583.04,16555.58,14180.23,5463
Zhejiang,3210.55,34665.33,1667.88,17316.32,15681.13,5477
Zhejiang,3453.05,37756.58,1784.62,18446.65,17337.22,5498
Zhejiang,3506.39,40173.03,1777.18,19175.06,19220.79,5508
Zhejiang,3554,42886.49,1832.91,19711.67,21341.91,5539
Zhejiang,3873.19,47251.36,1965.18,21194.61,24091.57,5590
Zhejiang,4192.63,51768.26,1933.92,22232.08,27602.26,5657
Zhejiang,4532.82,56197.15,1967.01,23505.88,30724.26,5737
Zhejiang,4706.22,62351.74,2097.38,26566.6,33687.76,5850
Chongqing,307.61,1589.34,283,657.51,648.83,3092
Chongqing,280.34,1765.68,293.03,727.66,729.08,3097
Chongqing,283.51,1990.01,315.78,827.55,827.97,3107
Chongqing,294.19,2272.82,336.36,977.3,936.9,3130
Chongqing,309.06,2692.81,431.32,1181.24,1052.83,3122
Chongqing,347.68,3467.72,463.4,1259.12,1347.97,2798
Chongqing,405.19,3907.23,425.81,1500.97,1564.79,2808
Chongqing,449.21,4676.13,482.39,1892.1,1748.02,2816
Chongqing,485.92,5793.66,575.4,2433.27,2087.99,2839
Chongqing,532.34,6530.01,606.8,3448.77,2474.44,2859
Chongqing,626.44,7925.58,685.38,4359.12,2881.08,2884.62
Chongqing,717,10011.37,844.52,5543.04,3623.81,2919
Chongqing,723.03,11409.6,940.01,5975.18,4494.41,2945
Chongqing,813.26,12783.26,1016.74,6397.92,5242.03,2970
Chongqing,867.24,14262.6,1061.03,6529.06,6672.51,2991.4
Chongqing,875,15717.27,1150.15,7069.37,7497.75,3016.55
Chongqing,924.89,17740.59,1303.24,7898.92,8538.43,3048
Chongqing,996.55,19424.73,1276.09,8584.61,9564.03,3075.16
Chongqing,1118.79,20363.19,1378.2747,8328.79,10656.1253,3102
Chongqing,1160.27,23605.77,1551.42,9496.84,12557.51,3124
