date,state,num_company,indus_gdp,energy_consume,oil_gdp,chemistry_gdp,black_metal_gdp,color_metal_gdp,paper_gdp,chemi_fiber_gdp,cement_produce,steel_produce,na_produce,ethylene_produce,plastic_produce,paper_produce,chemi_fiber_produce
1999,Beijing,5225,713.3,1871.240834,143.57,106.78,180.27,8.34,15.08,3.74,827,696.69,0,67.98,89,12.97,2.41
2000,Beijing,4572,831,2180.01,261.01,130.14,180.27,10.87,15.72,3.98,809,727.87,0,65.52,85.05,10.6,1.63
2001,Beijing,4356,920.2,2139.7,112.17,130.78,198.96,16.29,18.45,2.8,884,749.99,0,54.31,75.55,10.82,1.26
2002,Beijing,4551,999.6,2201.65,160.56,200.46,287.56,22.31,22.97,1.94,999,785.28,0,90.38,126.08,11.96,0.3
2003,Beijing,4019,1195.1,2249.87,208.95,270.15,376.16,28.32,27.48,1.07,1214.19,870.61,0,88.75,122.96,15.63,0.06
2004,Beijing,6871,1483.2,2224.8,274.57,398.97,502.9,46.57,35.48,2.42,1183.8,966.29,0.01,98.22,135.6,17.62,2.85
2005,Beijing,6300,1600.5,2296.01,592.51,236.93,546.88,47.3,41.25,6.98,1271.33,1016.79,0,99.05,138.43,16.98,0.93
2006,Beijing,6400,1713.8,2362.34,540.37,257.52,547.05,54.01,48.02,6.41,1168.6,1031.02,0,99.08,140.29,9.41,1.21
2007,Beijing,6397,1989.1,2386.42,601.73,306.74,596.68,66.99,65.04,3.99,876.51,644.64,0,90.86,126.55,11.12,0.86
2008,Beijing,7205,2030.8,2106.31,641.91,281.32,534.11,59.92,64.51,3.4,1080.33,769.72,0,85.41,123.52,12.26,0.77
2009,Beijing,6890,2182.6,1986.166,682.09,255.9,471.53,52.85,63.98,2.8,1049.04,794.16,0,84.13,120.81,9.47,0.3
2010,Beijing,6884,2607.5,1626.04,825.15,358.3,432.83,71.57,67.69,2.73,923.29,289.58,0,96.15,128.17,10.57,0.26
2011,Beijing,3746,2859.6,1714.47,902.48,371.15,183.15,94.75,66.73,1.8,882.34,254.54,0,89.6,113.15,10,0.1
2012,Beijing,3692,3090.1,1640.46,835.84,358.3,166.96,80.97,64.93,1.89,867.41,221.8,0,84,108.8,11.3,0.2
2013,Beijing,3641,3336.6,1388.55,769.19,345.45,150.77,67.19,63.12,1.98,703.86,195,0,72.3,102.1,4.7,0.1
2014,Beijing,3686,3522.8,1316.367565,839.85,342.32,133.59,67.19,64.16,2.34,553.5,175,0,77.6,116.2,6.6,0.1
2015,Beijing,3548,3458.9,1292.49,592.14,308.21,101.64,64.21,61.96,0.51,510.28,162.8,0,78.6,126.12,5,0.2
2016,Beijing,3340,3635.5,1197.35,494.42,294.36,104.23,64.21,57.88,3.71,374.38,178.99,0,69.58,113.38,6.06,0.18
2017,Beijing,3231,3885.9,1189.76,494.42,294.36,104.23,64.21,57.88,3.71,396.98,179.88,0,79.33,127.75,5.95,0.21
2018,Beijing,3197,4139.9,1148.91,494.42,294.36,104.23,64.21,57.88,3.71,318.77,170.71,0,79.41,120.11,5.69,0.2
2019,Beijing,3121,4243.3,1143.589843,494.42,294.36,104.23,64.21,57.88,3.71,286.9,184.42,0,81.47,114.12,4.19,0.25
2020,Beijing,3028,4255.1,1146.77,494.42,294.36,104.23,64.21,57.88,3.71,258.07,203.36,0,81.7,112.7,3.89,0.26
1999,Tianjin,5213,641.8,930.61,91.26,175.33,198.31,37.2,28.12,6.65,267.81,315.88,66.59,16.82,56.31,19.35,11.16
2000,Tianjin,5430,716.7,1039.215,134.7,195.43,203.84,35.75,25.75,8.17,338.99,451.25,69.85,17.1,66.96,25.18,11.19
2001,Tianjin,5561,768.6,1114.47,32.07,256.02,215.01,37.21,28.29,6.67,377.75,806.13,75.33,18.15,73.58,24.18,22.97
2002,Tianjin,5346,830.5,1204.225,116.83,285.02,322.58,45.62,33.05,7.97,451,1083.5,79.46,21.28,87.29,27.99,22.41
2003,Tianjin,5341,1021.3,1480.885,201.59,314.01,430.14,54.03,37.81,9.27,522.25,1724.91,82.97,23,101.2,35.5,30.02
2004,Tianjin,6462,1207.2,1750.44,257.95,402.62,769.44,101.5,46.28,5.24,518.64,1670.15,87.15,22.81,120.96,32.68,21.1
2005,Tianjin,6144,1451.3,2104.385,373.94,340.23,838.93,96.23,50.15,6.67,609.08,2140.97,86.87,20.71,116.64,21.68,20.54
2006,Tianjin,6301,1644.6,2187.318,453.79,400.25,1159.41,148.44,51.51,2.56,614.79,2888.19,88.37,23.17,146.5,29.77,18.68
2007,Tianjin,6361,1888.6,2304.092,519.26,579.54,2270.25,172.51,51.49,3.49,534.89,3006.75,89.46,22.55,163.5,35.51,17.32
2008,Tianjin,7950,2370.2,2488.71,492.41,573.97,2443.9,210.25,67.3,4.89,699.51,4079.67,90.64,17.02,162.31,32.98,10.82
2009,Tianjin,8326,2478.7,2255.617,465.57,568.4,2617.55,247.99,83.11,6.29,831.62,4494.19,82.97,18.91,188.57,31.23,10.34
2010,Tianjin,7947,2837.3,3354.222107,943.67,909.06,2740.86,454.09,128.11,6.64,942.56,5164.53,46.82,109.26,274.67,88.9,12.8
2011,Tianjin,5013,3231.3,3820.004192,1257.77,1159.14,3510.32,618.06,146.76,9.33,847.42,5708.6,26.2,134.3,337.75,125.9,12.8
2012,Tianjin,5342,3575.2,4226.558657,1318.28,1222.46,3725.35,742.66,174.14,13.03,951.9,6640.9,48.7,113.2,322.9,201,11.1
2013,Tianjin,5511,3814.7,4509.692691,1378.78,1285.77,3940.38,867.25,201.52,16.73,1071.16,7303.9,53.1,130.8,342.9,231.1,12.2
2014,Tianjin,5501,3972.4,4696.123744,1146.57,1421.49,4219.28,867.25,229.3,16.24,777.6,8186.2,58.5,129,345.9,249.7,11.6
2015,Tianjin,5525,3815.1,4510.165566,1316.02,1333.29,4156.11,892.73,229.42,19.13,788.61,8667.05,59.5,129.9,381.5,249.3,11.1
2016,Tianjin,5203,3773,4460.39545,1245.13,1412.52,4112.48,892.73,235.46,4.84,418.56,4373.97,62.42,114.44,323.91,285,9.57
2017,Tianjin,4286,3942.5,4660.776322,1245.13,1412.52,4112.48,892.73,235.46,4.84,619.42,4733.84,60.97,134.71,332.42,286.43,8.99
2018,Tianjin,4292,4276.9,5056.1,1245.13,1412.52,4112.48,892.73,235.46,4.84,687.74,5454.95,62.22,132.69,334.64,276,8.87
2019,Tianjin,4813,4372.3,5325.34,1245.13,1412.52,4112.48,892.73,235.46,4.84,551.5,5724.05,68.39,135.41,341.1,261.97,9.35
2020,Tianjin,5120,4296.4,5301.41,1245.13,1412.52,4112.48,892.73,235.46,4.84,632.03,5991.73,62.82,111.82,339.7,266.7,7.49
1999,Hebei,7418,1613.8,6198.965728,68.73,240.65,459.15,44.96,76.92,21.64,4133.77,1103.57,95.05,0,19.14,202.66,10.23
2000,Hebei,7261,1868.4,7176.941112,163.23,264.89,542.64,49.58,72.22,24.42,4694.59,1306.52,99.84,0,31.25,216.35,10.24
2001,Hebei,7696,2011.2,7725.467761,54.35,285.03,442.64,59.26,80.87,26.38,4878.03,1871.01,103.01,0,40.44,225.41,9.17
2002,Hebei,7618,2175.3,8355.81246,137.52,319.36,949.42,77.38,94.73,28.29,5769.24,2509.99,117.67,0,46.6,288.64,10.2
2003,Hebei,7923,2563.2,9845.822874,220.69,353.68,1456.19,95.49,108.58,30.2,6811.4,3729.37,135.35,0,64.07,370.58,15.44
2004,Hebei,9284,3047.8,11707.27956,364.62,474.91,2614.98,139.82,131.66,34.86,7585.47,5056.95,167.18,0.83,56.8,393.26,21.47
2005,Hebei,9936,3638.5,13976.29,501.03,585.55,3437.06,148.04,160.8,44.58,7686.04,6591.12,177.37,0,67.35,407.91,22.67
2006,Hebei,10634,4239.5,15859.48,643.82,729.46,4027.64,177.69,185.75,35.61,8625,8521.33,187.64,0,67.16,389.58,26.03
2007,Hebei,10870,5267.4,16991.34,778.8,1097.09,7828.73,218.26,221.21,43.6,9758.28,10313.65,205.01,0,71.75,474.91,27.34
2008,Hebei,12447,6296.9,16683.83,974.04,1108.5,7608.58,253.78,253.71,42.82,8953,11571.79,221,0.72,63.78,378.74,23.58
2009,Hebei,13096,6337.5,17159.63,1169.28,1119.9,7388.42,289.3,286.21,42.04,10684.55,15158.01,199.45,0,68.47,375.95,23.55
2010,Hebei,13927,7495.1,18117.87,1531.55,1495,9031.01,375.94,349.02,55.58,12790.21,16782.88,230.4,0,72.46,412.58,23.42
2011,Hebei,11570,9132.8,19996.33,2071.08,1845.82,11464.03,483.36,465.19,71.76,14533.91,19256.23,254.1,0,83.17,534.2,22.3
2012,Hebei,12360,9665.1,20457.52,1987.29,2077.38,11626.8,522.22,485.21,74.14,13131.84,21026.1,260.07,0,79.79,511.56,35.88
2013,Hebei,13968,9847.5,20895.79,1903.5,2308.93,11789.57,561.07,505.22,76.51,12747.38,22861.6,257.1,0,79.6,485.9,52.2
2014,Hebei,14792,10056.3,20343.23,1891.7,2481.08,11355.58,561.07,504.81,80.58,10721.46,23995.2,246.19,0,111.97,458.2,57.82
2015,Hebei,15295,10026.4,20269.64,1738.95,2685.58,10131.21,502.73,501.68,91.47,9126.17,25244.3,347.8,0,136.5,345.7,60.7
2016,Hebei,14764,10755.9,20544.02,1741.81,2619.73,10370.26,502.73,472.03,265.83,9898.58,26150.42,348.42,0,158.68,345.04,61.55
2017,Hebei,14790,11015.7,20292.11,1741.81,2619.73,10370.26,502.73,472.03,265.83,9125.5,24551.08,344.75,0,165.27,372.11,67.4
2018,Hebei,14943,10930.3,23200.25,1741.81,2619.73,10370.26,502.73,472.03,265.83,9554.3,26916.86,224.94,0,189.57,282.14,72.96
2019,Hebei,13181,11310.4,23181.07,1741.81,2619.73,10370.26,502.73,472.03,265.83,10527.39,28409.63,228.98,0,144.15,322.74,99.75
2020,Hebei,14239,11664.1,23394.21,1741.81,2619.73,10370.26,502.73,472.03,265.83,11859.97,31320.12,218.46,0,183.14,340.17,96.5
1999,Shanxi,3345,684.6,4497.822,72.93,96.1,182.52,63.48,8.96,2.56,1426.94,378.1,2.53,0,1.55,28.9,1.97
2000,Shanxi,3275,748.7,4918.959,78.2,100.97,211.83,61.08,4.36,6.23,1193.65,390.04,2.11,0,3.04,10.08,2.9
2001,Shanxi,3308,832.5,5469.525,66.7,99.17,212.97,75.15,4.01,6.71,1573.01,494.43,0.95,0,3.17,33.53,2.89
2002,Shanxi,3474,991.4,6513.498,173.83,127.35,387.52,106.4,4.62,4.62,1680,581.39,0.11,0,4.02,14.57,2.77
2003,Shanxi,3613,1364,8961.48,280.96,155.53,562.06,137.64,5.23,2.53,1949,823.52,5.52,0,4.67,38.67,2.17
2004,Shanxi,5013,1757.8,11548.746,495.44,211.77,863.03,186.86,6.12,3.71,2385.71,1127.63,11.95,0,16.16,32.24,3.68
2005,Shanxi,4441,2192.3,14403.411,125.96,253.26,1047.56,237.84,9.34,2.88,2310.68,1368.6,15.59,0,29.28,40.49,2.71
2006,Shanxi,4668,2578.9,15189.721,729.22,313.25,1185.75,356.43,11.46,2.97,2681.13,1677.63,18.43,0,37.39,36,3.51
2007,Shanxi,4472,3350.9,18161.878,993.27,468.46,1899.93,426.5,10.73,5.57,2780.91,2097.27,19.74,0,55.7,34.65,4.35
2008,Shanxi,4415,4092.3,20011.347,1074.37,442.57,1716.23,350.45,9.69,3.22,2074.98,1976.45,15.87,0,45.73,26.68,3.02
2009,Shanxi,4023,3739.8,17016.09,1155.46,416.68,1532.53,274.39,8.65,0.86,2753.18,2288.99,13.61,0,16.26,16.5,0.89
2010,Shanxi,4240,4923.9,21511.53432,1462.09,509.47,1997.52,404.19,11.56,0.98,3668.25,2866.37,17.55,0,20.24,20.96,1
2011,Shanxi,3675,6251,26176.6876,1694.66,620.71,2587.43,519.61,14.49,0.51,4101.46,3371.15,18.6,0,46.3,20,0.6
2012,Shanxi,3905,6330.4,25362.11456,1480.64,637.51,2627.82,502.88,17.12,0.35,5076.19,3799.34,16,0,51.9,28.15,0.5
2013,Shanxi,3979,6113.9,23386.89028,1266.62,654.31,2668.21,486.15,19.75,0.19,5154.07,4482.64,9.8,0,48.5,33.36,0.2
2014,Shanxi,3906,5769.2,21022.9648,1095.07,646.17,2373.02,486.15,16.48,0.19,4831.96,4631.69,3,0,49.4,25.9,0
2015,Shanxi,3845,4597.2,15919.18416,785.03,513.76,1767.75,577.54,15.56,0.19,3786.06,4267.3,0,0,65.5,35.3,0
2016,Shanxi,3548,4441.2,15376.33,903.89,432.22,1672.21,577.54,17.42,0.19,3760.28,4335.4,0,0,67.24,41.67,0
2017,Shanxi,3835,5887.3,15766.93,903.89,432.22,1672.21,577.54,17.42,0.19,4415.57,4903.31,0,0,79.47,45.55,0
2018,Shanxi,3875,6260.2,15844.91455,903.89,432.22,1672.21,577.54,17.42,0.19,5257.59,5594.25,0,0,89.09,46.07,0
2019,Shanxi,4798,6582.7,16661.18,903.89,432.22,1672.21,577.54,17.42,0.19,5616.66,6181.45,0,0,97.82,60.9,0.16
2020,Shanxi,5480,6768.5,17012.4,903.89,432.22,1672.21,577.54,17.42,0.19,5616.66,6181.45,3.38,0,102.37,69.64,0
1999,Inner Mongolia,1392,425.1,2410.317,18.21,38.71,131.5,30.73,5.44,0.35,549.71,365.8,41.07,0,3.77,14.27,0
2000,Inner Mongolia,1373,484.2,2745.414,25.91,42.06,140.16,31.21,7.86,0.5,630.02,378.91,52.88,0,4.55,12.19,0.37
2001,Inner Mongolia,1379,541,3067.47,8.6,46.58,94.51,36.08,7.95,0.44,698.12,388.39,62.59,0,5.76,14.34,0.37
2002,Inner Mongolia,1440,614.9,3486.483,22.57,58.62,165.47,56.79,9.32,0.42,711.43,484.58,76.11,0,8.53,14.7,0.1
2003,Inner Mongolia,1653,663,3759.21,36.53,70.66,236.43,77.49,10.69,0.4,947.86,560.36,60.84,0,10.04,18.92,0.36
2004,Inner Mongolia,2275,823.4,4668.678,66.24,103.3,375.64,127.14,13.44,0.79,1282.83,604.62,67.02,0,13.58,16.04,0.51
2005,Inner Mongolia,2447,1101.7,6246.639,88.69,153.23,538.33,172.74,20.37,0.35,1632.25,747.77,75.97,0,20.23,25.74,0.23
2006,Inner Mongolia,3075,1395.8,7495.446,114.59,208.13,680.1,315.02,19.82,0.61,2211.18,823.97,78.78,0,29.54,19.74,0.41
2007,Inner Mongolia,3364,1737.8,8480.464,140.09,484.67,1283.5,580.64,29.57,0.77,2871.17,912.32,80.6,0,47.04,25.87,0.46
2008,Inner Mongolia,3993,2090.6,8759.614,210.25,556.75,1353.39,759.57,45.93,0.39,3424.06,1047.34,71.76,0,44.13,35.53,0.06
2009,Inner Mongolia,4465,2345.6,8350.336,280.4,628.82,1423.27,938.5,62.29,0,4333.75,1294.87,71.98,0,66.55,46.69,0
2010,Inner Mongolia,4611,2720.8,9079.307914,379.45,779.21,1253.81,1278.85,84.19,0,5435.52,1341.39,110.51,0,137.4,28.84,0
2011,Inner Mongolia,4175,3169.8,10577.62064,536.05,1079.89,1603.41,1619.84,101.78,0,6499.31,1417.4,103.6,0,202,30.8,0
2012,Inner Mongolia,4244,3568.2,11907.08119,611.84,1401.88,1632.9,1693.18,97.2,0.29,6062.3,1661.81,71.9,0,280.6,15,2.7
2013,Inner Mongolia,4404,3823.6,12759.35083,687.62,1723.87,1662.39,1766.51,92.61,0.58,6437.17,1797.7,59.85,0,335.4,11.9,3
2014,Inner Mongolia,4413,4008.3,13375.69462,840.53,1448.92,1534.21,1766.51,98.68,0.35,6404.5,1763.2,60,0,416.1,29.1,3
2015,Inner Mongolia,4404,4121.2,13752.44185,592.9,1369.99,1454.53,1447.92,92.92,0.52,5830.76,1897.2,51.7,0,464.2,12.3,2.5
2016,Inner Mongolia,4289,4357.1,14539.64,586.87,1374.72,1540.51,1447.92,102.2,0.7,6298.44,2016.81,52.03,0,494.25,12.27,2.5
2017,Inner Mongolia,2801,4672,14701.61,586.87,1374.72,1540.51,1447.92,102.2,0.7,3073.86,2002.67,55.08,3.82,532.34,12.86,1.53
2018,Inner Mongolia,2832,5104.2,18726.74,586.87,1374.72,1540.51,1447.92,102.2,0.7,3052.33,2259.46,22.31,0,724,12.72,0.55
2019,Inner Mongolia,2965,5458.6,20026.99404,586.87,1374.72,1540.51,1447.92,102.2,0.7,3380.07,2565.03,12.11,4.58,763.67,7.9,0.52
2020,Inner Mongolia,2985,5597.6,20536.96952,586.87,1374.72,1540.51,1447.92,102.2,0.7,3610.88,2883.92,4.23,3.97,860.16,7.37,0.71
1999,Liaoning,5816,1795.7,2958.991498,427,238.62,433.67,105.09,28.26,16.22,1711.06,1235.57,72.1,39.74,80.89,58.76,29.21
2000,Liaoning,6017,2114.9,3484.975842,686.25,306.11,492.01,110.71,23.69,23.66,1954.87,1443.25,74.13,41.7,94.15,55.15,34.18
2001,Liaoning,5847,2190.1,3608.891953,252.19,270.95,380.21,112.75,26.86,23.49,2101.45,1674.16,76.48,40.19,99.68,65.4,36.22
2002,Liaoning,6017,2332,3842.7177,622.55,312.31,636.98,136.76,31.11,19.1,2145.75,2086.68,82.45,44.21,104.62,52.03,33.5
2003,Liaoning,6842,2532.7,4173.435299,992.9,353.66,893.75,160.76,35.36,14.7,2439.74,2359.35,80.02,47.92,119.08,63.58,26.74
2004,Liaoning,10635,2629.7,4333.2739,1329.11,451.91,1485.64,211.82,42.27,53.28,2495.73,2657.91,80.67,48.23,129.52,60.65,30.33
2005,Liaoning,11510,3081.2,5077.264913,1696.64,567.55,1715.08,288.86,58.05,60.09,2680.67,3235.93,74.86,47.13,121.56,83.37,23.7
2006,Liaoning,14754,3643.6,6003.999233,2144.54,737.02,1958.37,445.99,79.17,67.15,3293.8,3848.88,47.35,49.27,121.56,67.46,22.47
2007,Liaoning,16556,4565.4,7522.960286,2271.71,1147.24,3108.65,575.25,112.93,83.97,3893.2,4364.31,32.78,42.31,127.53,87.5,21.06
2008,Liaoning,21876,5706,9402.464492,2431.83,1274.1,3154.71,689.08,157.48,74.51,4074.4,4285.27,24.66,46.22,117.27,56.85,16.99
2009,Liaoning,23364,5891.6,9708.3,2591.95,1400.95,3200.77,802.9,202.03,65.04,4704.83,4935.55,0.21,47.98,108.55,71.37,21.41
2010,Liaoning,23832,6371.4,10966.99,3142.5,2109.46,4013.03,930.97,290.2,40.1,4785.82,5669.42,13.23,91.74,150.73,83.23,19.45
2011,Liaoning,16914,7499.4,12217.15,3901.11,2303.04,4524.52,1086.81,356.56,38.35,5799.75,5761.07,33.8,106.8,179.83,73.7,15.84
2012,Liaoning,17347,7816.2,12835.51,4111.77,2736.68,4932.03,1229.59,393.43,43.42,5503.78,5923.5,45.4,103.1,175.32,70.37,18.33
2013,Liaoning,17305,8039.6,12344.4,4322.42,3170.32,5339.53,1372.36,430.29,48.49,6029.97,6863,46.8,128.5,208,48.8,17.4
2014,Liaoning,15707,7811.3,12494.22,4285.5,2812.53,5011.98,1372.36,346.26,48.85,5820.58,6950.8,56.2,155.19,300.22,41.2,12.6
2015,Liaoning,12304,7115.7,12065.61,3276.77,2028.99,3179.54,799.11,216.75,40.62,4567.71,6321.6,55,160.5,321.63,36,28.45
2016,Liaoning,8025,6617.5,11515.73,2958.61,1346.85,2078.87,799.11,93.36,30.48,4010.97,5906.31,50.37,162.75,352.37,54.12,26.99
2017,Liaoning,6626,7039,11897.72,2958.61,1346.85,2078.87,799.11,93.36,30.48,3796.97,6392.99,44.59,157.25,319.76,106.9,26.46
2018,Liaoning,6621,7728.7,12360.13,2958.61,1346.85,2078.87,799.11,93.36,30.48,4155.91,6899.12,0,176.18,362.5,118.68,20.48
2019,Liaoning,7610,8052.2,13452.83,2958.61,1346.85,2078.87,799.11,93.36,30.48,4677.41,7254.43,0,187.03,401.3,134.17,23.84
2020,Liaoning,7755,7906,13208.57331,2958.61,1346.85,2078.87,799.11,93.36,30.48,5447.01,7578.4,0,183.87,542.72,186.28,18.79
1999,Jilin,2793,552.3,1794.975,22.66,214.73,53.98,13.77,17.54,20.8,659.03,135.75,2.2,44.01,33.34,38.83,13.3
2000,Jilin,2728,565.5,1837.875,37.54,267.71,73.87,11.49,17.42,27.2,758.86,141.7,0.11,43.31,37.24,40.75,14.89
2001,Jilin,2608,624.7,2030.275,15.01,177.59,58.34,16.19,17.22,28.96,907.25,193.81,0.11,47.37,36.86,39.64,17.2
2002,Jilin,2572,653.5,2123.875,31.83,225.32,87.32,18.51,17.62,29.4,889.2,286.7,0,50.98,38.7,30.38,17.65
2003,Jilin,2284,660.1,2145.325,48.66,273.04,116.3,20.82,18.01,29.84,1119.13,369.05,0.06,57.48,51.33,41.06,18.68
2004,Jilin,3280,735.1,2389.075,46.21,398.58,178.14,50.35,21.14,31.07,1322.76,436.14,0.02,58.05,63.96,41.72,17.06
2005,Jilin,2774,819.8,2664.35,66.74,494.54,219.94,29.73,21.99,42.48,1718.62,479.36,0,51.13,52.19,50.27,24.36
2006,Jilin,3249,904.4,2532.32,77.07,577.78,257.65,50.38,27.98,45.18,1799.19,567.83,0.72,75.18,73.24,51.97,24.6
2007,Jilin,3984,1255.1,2974.587,86.92,810.87,479.99,87.56,41.46,76.34,1903.81,632,2.95,87.26,89.76,70.62,36.05
2008,Jilin,5257,1474.8,2920.104,96.79,832.08,451.07,95.11,51.72,70.74,2581.83,718.32,7.18,79.43,86.2,90.52,25.33
2009,Jilin,5936,1705,2762.1,106.65,853.28,422.14,102.65,61.97,65.13,3679.57,870.74,10.49,83.85,97.68,78.91,29.05
2010,Jilin,6181,2029.6,2557.296,136.73,1078,536.08,111.03,86.87,82.62,3079.97,1063.56,0,83.33,101.81,82.36,27.23
2011,Jilin,5158,2376,2930.58216,176.71,1444.87,718.63,144.38,122.08,86.89,3801.93,1107.43,0,80.5,98.1,88,29.6
2012,Jilin,5286,2649.7,3197.710954,195.03,1527.26,808.8,155.72,119.33,75.33,3242.75,1229.5,0,67.7,78.2,63.9,27.01
2013,Jilin,5376,2852.7,3366.842121,213.35,1609.65,898.97,167.06,116.58,63.77,3470.92,1507.86,0,73.4,92.8,33.97,27.4
2014,Jilin,5311,3065,3535.9066,219.09,1611.54,883.74,167.06,135.59,55.82,3705.89,1412.2,0,71,100.2,63.1,28.61
2015,Jilin,5682,3090.7,3483.373435,185.06,1522.42,712.53,179.87,150.04,57.58,3325.02,1152.5,0,66.7,105,76.4,30.2
2016,Jilin,6003,3148.2,3464.468172,162.07,1571.41,523.45,179.87,163.76,72.41,2765.18,961.39,0,80.74,124.43,75.15,35.35
2017,Jilin,5971,3235.2,3474.184224,162.07,1571.41,523.45,179.87,163.76,72.41,2715.19,1028.01,0,85.43,131.47,61.73,36.02
2018,Jilin,5963,3287.2,3442.52,162.07,1571.41,523.45,179.87,163.76,72.41,1480,1300.85,0,76.68,117.05,64.76,36.92
2019,Jilin,3042,3347.8,3507.26,162.07,1571.41,523.45,179.87,163.76,72.41,1815.06,1544.24,0,86.72,127.71,51.59,32.18
2020,Jilin,3043,3501.2,3451.36,162.07,1571.41,523.45,179.87,163.76,72.41,2232.8,1661.62,0,86,135.51,52.24,40.28
1999,Heilongjiang,2957,1399.9,3275.766,181.31,41.47,29.49,9.26,27.64,14.13,850.95,68,0,34.67,35.06,38.69,16.63
2000,Heilongjiang,2666,1566.4,3665.376,365.58,56.81,27.24,10.11,26.79,24.73,903.68,76.35,0,48.01,60.65,43.04,18.13
2001,Heilongjiang,2500,1592,3725.28,160.45,48.52,22.56,10.97,31.8,28.45,965.56,77.55,0,50.42,77.29,65.15,18.93
2002,Heilongjiang,2593,1650.8,3862.872,297.17,63.14,38.85,11.91,34.75,24.74,957.71,97.2,0,46.51,75.79,61.5,19.3
2003,Heilongjiang,2567,1874.8,4387.032,433.89,77.76,55.14,12.84,37.7,21.04,1114.43,141.43,0,50.81,82.51,75.03,20.88
2004,Heilongjiang,3297,2175.7,5091.138,538.8,105.99,81.74,22.15,40.32,17.95,1159.93,201.39,0.1,45.6,81.87,66.19,20.96
2005,Heilongjiang,2887,2556.6,5982.444,690.74,118.11,99.34,19.29,42.52,12.2,1214.48,236.69,0.04,55.56,108.6,77.04,17.83
2006,Heilongjiang,2956,2890.2,6445.146,789.22,153.21,115.7,23.24,41.49,6.35,1482.74,298.54,0.03,51.67,122.66,64.91,12.84
2007,Heilongjiang,3172,3254.1,6801.069,871.57,230.56,229.14,29.21,39.76,9.19,1645.06,407.53,0,53.66,125.79,58.33,13.86
2008,Heilongjiang,4392,3765.6,7154.64,930.09,222.16,221.37,29.69,43.37,8.34,1968.21,426.26,0,58.15,126.66,52.73,12.13
2009,Heilongjiang,4408,3470.2,4788.876,988.61,213.76,213.6,30.16,46.98,7.5,2603.76,506.04,0.12,58.34,125.34,50.29,13.26
2010,Heilongjiang,4596,3894.1,7090.964536,1256.55,327.86,270.9,41.33,63.02,0.46,3592.25,567.11,0,54.36,109.41,77.42,8.19
2011,Heilongjiang,3377,4624.4,8420.80491,1445.72,424.13,324.05,43.45,68.63,9.02,4379.04,597.83,0,61.6,125.8,58.55,13.3
2012,Heilongjiang,3911,4776,8696.861052,1424.81,477.69,325.78,42.77,75.76,4.96,3985.14,610.8,0,67.2,118.87,61.6,10.7
2013,Heilongjiang,4398,4857.5,8845.268543,1403.89,531.25,327.51,42.09,82.89,0.89,4070.89,631,0,76,140.1,75.1,7.1
2014,Heilongjiang,4305,4527.9,8245.083157,1335.68,550.92,221.14,42.09,82.03,1.71,3715.19,483.5,0,103.9,178.61,59.5,7.7
2015,Heilongjiang,4162,3593.9,6544.315104,976.01,517.85,134.21,36.01,71.34,1.98,3111.89,403.8,0,84,161.1,51.7,8
2016,Heilongjiang,3946,3367.3,6131.687651,948.8,533.8,101.1,36.01,61.04,2.14,3381.03,332.75,0,110.76,197.72,34.38,7.66
2017,Heilongjiang,3731,3226.1,5874.569397,948.8,533.8,101.1,36.01,61.04,2.14,2452.65,410.6,0,115.83,214.94,44.11,7.48
2018,Heilongjiang,3740,3266.7,5948.5,948.8,533.8,101.1,36.01,61.04,2.14,1955.16,561.39,0,105.81,197.82,45.32,5.2
2019,Heilongjiang,3531,3334,6390.403879,948.8,533.8,101.1,36.01,61.04,2.14,1989.61,781.99,16.48,128.83,236.29,34.38,3.65
2020,Heilongjiang,3832,3121.8,6282.7,948.8,533.8,101.1,36.01,61.04,2.14,2409.91,878.96,15.09,131.1,247.07,31.86,2.51
1999,Shanghai,9205,1807.3,2132.614,143.68,349.49,518.74,71.3,61.42,160.98,251.14,1486.08,4,59.26,89.67,45.42,37.38
2000,Shanghai,8574,2022.5,2386.55,201.33,414.51,585.72,72.48,56.89,159.66,311.69,1544.46,4,59.05,95.47,43.54,47.15
2001,Shanghai,9762,2194.1,2589.038,181.95,423.34,525.65,90.81,62.97,50.2,433.69,1677.02,5.29,63.1,108.31,51.32,49.67
2002,Shanghai,10057,2399.1,2830.938,351.82,498.06,661.95,112.86,76.8,54.36,351.59,1626.98,0,80,129.57,42.61,51.67
2003,Shanghai,11098,3001.6,3541.888,521.69,572.79,798.25,134.91,90.63,58.51,744.67,1779.78,0,94.83,166.88,51.69,54.17
2004,Shanghai,15766,3621.8,4273.724,670.82,778.47,1079.31,231.61,119.4,76.1,970.96,1923.7,2.65,95.6,176.21,40.28,61.08
2005,Shanghai,14809,4038.7,4765.666,827.23,1047.57,1339.84,256.01,136.66,48.98,1045.21,2108.63,0,160.44,237.89,90.33,49.78
2006,Shanghai,14404,4621.2,5545.44,919.04,1333.15,1445.74,415.97,157.8,48.58,1131.08,2177.97,0,193.83,289.69,85.87,56.79
2007,Shanghai,15099,5357.9,5411.479,973.74,1862.19,1638.97,430.45,187.62,108.94,959.44,2185.41,0,187.24,304.95,83.76,56.38
2008,Shanghai,18792,5832,5598.72,975.99,1776.92,1463.99,375.85,191.68,72.95,765.46,2074.95,0,182.03,283.28,80.46,43
2009,Shanghai,17906,5740.8,5511.168,978.24,1691.65,1289.01,321.24,195.74,36.96,754.19,2181.37,0,180.3,304.9,70.24,37.91
2010,Shanghai,16684,6943.9,6390.957243,1359.92,2284.33,1722.87,444.19,262.12,41.48,670.8,2475.94,0,226.72,361.23,86.94,49
2011,Shanghai,9962,7673.3,6758.182242,1648.24,2527.78,1813.16,497.47,279.65,42.51,805.68,2483.55,0,197.5,325.94,87.3,51.3
2012,Shanghai,9772,7661.3,6443.996043,1704.28,2567.06,1671.35,485.32,283.72,42.35,798.87,2341.34,0,195.6,316.44,91.46,49.58
2013,Shanghai,9796,7765.3,6223.732644,1760.32,2606.34,1529.54,473.16,287.78,42.19,750.58,2322.8,0,212,335.5,85.3,47.8
2014,Shanghai,9469,8099.9,6170.908815,1408.11,2645.78,1491.2,473.16,291.95,41.52,686.03,2309.1,0,188.5,363.28,92.1,45.22
2015,Shanghai,8994,7888.6,5697.304692,1147.07,2500.57,1182.83,379.49,245.04,31.03,433.6,2202.7,0,210.8,388.27,65.8,45.65
2016,Shanghai,8351,8045.5,5810.35,1024.34,2457.02,1106.93,379.49,233.64,36.08,418.42,2080.14,0,209.32,380.73,62.08,43
2017,Shanghai,8122,8977.4,5591.59,1024.34,2457.02,1106.93,379.49,233.64,36.08,417.53,2056.04,0,201.2,364.03,46.25,43.45
2018,Shanghai,8130,9763.5,5434.91,1024.34,2457.02,1106.93,379.49,233.64,36.08,414.52,1983.32,0,172.88,335.39,16.79,39.7
2019,Shanghai,8776,9565.1,5668.05,1024.34,2457.02,1106.93,379.49,233.64,36.08,441.53,1819.69,0,211.12,431.41,50.4,40.92
2020,Shanghai,8804,9625.5,5138.51,1024.34,2457.02,1106.93,379.49,233.64,36.08,398.89,1879.61,0,206.09,421.62,42.33,37.93
1999,Jiangsu,18001,3388,5657.96,184.32,862.81,349.03,187.3,129.95,229.56,4378.32,1170.25,112.65,39.67,106.9,123.3,170.05
2000,Jiangsu,18309,3848.5,6426.995,249.83,1045.24,462.27,205.62,170.22,270.44,4599.52,1401.83,124.42,43.43,160.28,205.25,191
2001,Jiangsu,19684,4270.9,7132.403,237.94,1055.99,511.42,226.07,201.57,270.43,5246.93,1877.72,135.41,40.55,199.56,337.75,223.92
2002,Jiangsu,21476,4880.1,8149.767,286.6,1358.62,873.85,301.32,252.03,356.27,6035.29,2274.56,150.21,48.08,208.96,315.26,261.22
2003,Jiangsu,23862,6004.7,10027.849,335.26,1661.25,1236.28,376.56,302.48,442.11,7825.14,2961.49,181.32,76.53,279.2,398.91,307.76
2004,Jiangsu,40848,7407.8,12371.026,429.18,2441.27,2350.38,671.03,396.17,521.23,8804.98,4200.53,194.71,81.76,434.66,543.36,472.83
2005,Jiangsu,32224,9155,15288.85,618.88,3147.52,3036.08,835.33,474.16,786.84,9681.49,4424.63,221.42,111.71,374.52,578.58,501.95
2006,Jiangsu,36319,10812,16974.84,771.98,3946.45,3806.99,1408.03,573.72,999.44,10975.97,5875.46,247.23,140.17,377.36,783.75,691.7
2007,Jiangsu,41841,13137.9,18524.439,901.67,6581.59,6419.86,1915.69,756.78,1293.12,11849.78,7322.68,289.41,145.59,468.7,974.98,833.58
2008,Jiangsu,65495,15336,19476.72,967.73,6836.32,6349.54,2108.74,857.59,1293.92,12683.21,7364.13,299.95,134.78,440.39,984.33,790.67
2009,Jiangsu,60817,16570.3,18393.033,1033.8,7091.04,6279.22,2301.78,958.4,1294.71,14475.68,7892.42,248.42,141.6,541.83,1033.54,903.08
2010,Jiangsu,64136,19382.2,20341.6189,1496.56,9170.96,7117.94,2905.11,1118.42,1682.74,15829.74,9135.95,267.28,121.47,562.43,1088.22,1027.16
2011,Jiangsu,43368,22313.5,22068.0515,1886.95,11738.06,8352.72,2986.29,1200.68,2268.16,15034.22,10011.71,318.99,153.9,606.59,1118.57,1132.59
2012,Jiangsu,45859,23942.2,22230.3327,2050.23,13235.45,9354.38,3320.63,1250.85,2479.42,16902.33,11008.35,338.4,132.5,772.97,1245.86,1278.09
2013,Jiangsu,48787,25564.4,22189.8992,2213.51,14732.83,10356.03,3654.97,1301.01,2690.67,18027.05,12398,325.5,145.9,832.2,1207.83,1296.33
2014,Jiangsu,48708,27154.5,21927.25875,2303.39,15997.66,10054.56,3654.97,1447.67,2525.11,19496.49,13255.2,318.7,152.7,1114.25,1336.8,1312.17
2015,Jiangsu,48488,28802.6,23255.88,2152.04,16573.1,9153.52,4029.72,1556.01,2597.88,18056.11,13560.8,279.9,154.3,1274.63,1374.7,1429.29
2016,Jiangsu,47900,30291.4,23587.77,2056.11,17707.77,8954.96,4029.72,1633,2786.86,18038.08,13469.72,311.13,162.95,1328.38,1319.83,1446.25
2017,Jiangsu,45414,33782.6,23472.5,2056.11,17707.77,8954.96,4029.72,1633,2786.86,17357.29,12295.44,456.23,145.3,1175.39,1277.68,1425.33
2018,Jiangsu,45675,36113.2,22915.16,2056.11,17707.77,8954.96,4029.72,1633,2786.86,14717.81,12146.72,437.84,161.2,930.78,1140.97,1370.47
2019,Jiangsu,46090,37225.7,23498.52,2056.11,17707.77,8954.96,4029.72,1633,2786.86,15767.36,14211.41,512.84,189.15,1138.24,1471.57,1526.81
2020,Jiangsu,50168,38198.1,23459.56,2056.11,17707.77,8954.96,4029.72,1633,2786.86,15275.13,15004.86,484.07,220.33,1135.6,1411.25,1534.12
1999,Zhejiang,13301,2693.5,4013.315,139.31,325.73,95.99,108.8,135.9,128.79,3795.41,265.8,9.6,0,21.42,245.95,122.79
2000,Zhejiang,14575,2964.7,4417.403,252.15,374.41,122.39,140.92,160.42,263.89,4256.61,291.52,8.7,0,29.59,284.99,154.08
2001,Zhejiang,18626,3205.4,4776.046,68.56,545.52,119.22,185.43,200.4,338.35,4791.03,361.58,8.99,0,31.84,499.79,221.33
2002,Zhejiang,21896,3670.4,5468.896,191.23,609.79,189.56,245.52,251.94,384.72,5742.79,404.83,10.54,0,38.25,496.29,307.25
2003,Zhejiang,25526,4501.6,6707.384,313.9,674.06,259.9,305.6,303.47,431.08,7194.1,527.03,11.82,0,47.08,657.73,407.57
2004,Zhejiang,41358,5428.7,8088.763,503.19,1038.36,530.44,559.86,403.52,731.04,8772.93,881.57,13.88,0,198.69,769.92,628.11
2005,Zhejiang,40275,6177.6,9204.624,701.24,1241.6,623.79,750.76,482.41,964.39,9128.97,803.45,13.28,0,120.08,966.98,660.33
2006,Zhejiang,45686,7419,10609.17,838.52,1569.72,805.01,1214.11,591.06,1241.08,9952.29,1206.63,13.95,16.75,133.77,1022.8,827.41
2007,Zhejiang,51604,9094,11822.2,885.69,2644.82,1643.93,1403.33,718.94,1533.3,10548.51,1630.57,14.55,0,261.66,1218.64,972.96
2008,Zhejiang,58816,10317,12174.06,925.47,2674.43,1566.32,1341.8,781.36,1478.86,10207.8,1748.75,15.15,0.14,279.43,1282.8,1054.05
2009,Zhejiang,59971,10491.3,11750.256,965.24,2704.04,1488.7,1280.28,843.78,1424.41,10822.25,2364.69,15.58,0,389.45,1377.28,1210.9
2010,Zhejiang,64364,12432.1,13178.026,1353.7,3510.84,1905.87,1835.74,1049.63,1858.27,11317.16,2839.75,12.66,52.59,460.17,1399.64,1366.43
2011,Zhejiang,34698,14277.8,14277.8,1765.62,4546.79,2267.86,2062.99,1116.69,2585.88,12196.95,3177.61,25.18,110.8,497.81,1522.23,1522.95
2012,Zhejiang,36496,14853.3,13962.102,1716.01,5012.92,2444.55,2171.89,1148.89,2485.33,11575.35,3370.84,23,110.3,510.54,1539.95,1692.99
2013,Zhejiang,39561,15835.8,13935.504,1666.39,5479.04,2621.24,2280.79,1181.08,2384.78,12479.56,3823.4,26.77,114,584.1,1623.12,1839.3
2014,Zhejiang,40841,16955.3,13903.346,1788.96,5692.73,2574.39,2280.79,1167.99,2487.28,12413.35,4171,27.9,97.1,736.25,1693.7,1987.09
2015,Zhejiang,41167,17803.3,13530.508,1348.84,5134.07,2129.15,2443.47,1264.91,2443.02,11330.88,4047.7,29.3,135.1,830.74,1739.6,2158.3
2016,Zhejiang,40128,18661.5,13063.05,1421.16,5206.54,2121.55,2443.47,1331.15,2418.13,10848,3760.9,30.71,143.91,881.76,1889.76,2072.84
2017,Zhejiang,39949,20038.7,14027.09,1421.16,5206.54,2121.55,2443.47,1331.15,2418.13,11284.99,3160.46,32.28,144.24,896.29,1911.21,2055.37
2018,Zhejiang,40586,21621.2,15134.84,1421.16,5206.54,2121.55,2443.47,1331.15,2418.13,12323.46,3048.69,33.61,119.97,926.21,1869.05,2282.3
2019,Zhejiang,45695,22520.9,15764.63,1421.16,5206.54,2121.55,2443.47,1331.15,2418.13,13399.26,3468.25,31.74,150.9,1155.87,1768.4,2778.41
2020,Zhejiang,47956,22627.8,15839.46,1421.16,5206.54,2121.55,2443.47,1331.15,2418.13,13260,3806.68,29.59,204.2,1132.52,1452.75,2964.24
1999,Anhui,3784,781.6,2446.41,56.02,104.63,95.57,63.38,21.25,13.29,2133.44,388.58,6.67,0,4.59,45.7,8.25
2000,Anhui,3680,841.5,2633.89,85.67,115.32,109.34,57.5,19.37,13.98,1905.57,421.22,8.06,0,7.17,54.97,12.35
2001,Anhui,3698,1007.3,3152.85,27.22,125.47,82.26,60.78,22.27,10.05,2371.52,549.46,7.68,0,9.07,106.74,11.22
2002,Anhui,3918,1055.3,3303.09,59.61,140.89,150.16,81.26,25.97,14.25,2403.51,670.14,8.56,0,6.1,73.15,11.31
2003,Anhui,4158,1185.7,3711.24,92,156.32,218.05,101.73,29.67,18.45,3072.96,720.14,17.15,0,14.07,117.65,14.36
2004,Anhui,4778,1378.2,4313.77,131.44,229.75,393.54,175.41,40.97,21.8,3464.52,997.36,21.34,0.04,18.55,115.31,11.55
2005,Anhui,5277,1664.6,5210.198,157.67,288.27,471.62,273.63,47.38,21.36,3352.56,1198.96,24.09,0,28.53,122.24,11.36
2006,Anhui,6523,2031.2,5809.232,185.95,350.68,511.5,503.41,58.94,25.19,4579.72,1329.44,9.9,0,36.41,125.01,11.65
2007,Anhui,8111,2604.9,6850.887,213.01,672.08,1171.82,636.97,77.35,32.08,5402.23,1778.52,35.71,0,43.45,141.31,11.57
2008,Anhui,11392,3238.4,7577.856,230.06,750.6,1123.68,689.05,109.41,34.72,5915.18,1906.59,36.95,0,36.4,185.09,10.65
2009,Anhui,14122,3743.7,7861.77,247.11,829.11,1075.54,741.13,141.46,37.37,7278.35,2119.95,35.58,1.96,50.59,201.54,19.76
2010,Anhui,16277,4949.2,9529.18968,330.45,1143.91,1362.64,1170.25,185.42,55.98,8068.91,2454.75,35.36,1.7,57.69,208.86,22.04
2011,Anhui,12432,6424.7,11248.36476,401.19,1549.99,1774.12,1579.91,261.51,80.81,9572.17,2746.3,42.1,0.6,67.92,256.97,25.8
2012,Anhui,14514,7279.7,11474.26314,406.72,1738.14,1912.94,1660.82,259.79,75.91,11004.7,2770.3,49.4,0,58.06,214.02,28.14
2013,Anhui,16193,8045.3,11276.29248,412.24,1926.28,2051.75,1741.73,258.07,71,12827.11,3164.44,54.7,0,75,221.82,32.7
2014,Anhui,17762,8595.2,10546.3104,581.59,2132.94,2220.53,1741.73,309.81,81.61,12982.13,3262.63,66.5,0,105.35,262.2,23.1
2015,Anhui,19077,8360.5,8798.5902,459.18,2204.64,1911.77,2077.95,359.84,91.38,13207.86,3334.7,76.9,0,121,306.3,27
2016,Anhui,19838,8909.4,7820.67132,379.38,2371.29,1861.39,2077.95,420.63,94.81,13584.12,3217.75,88.69,0,133.32,343.8,34.98
2017,Anhui,18883,9739.9,8477.34,379.38,2371.29,1861.39,2077.95,420.63,94.81,13474.02,3046.83,86.55,0,137.35,350.38,38.98
2018,Anhui,19421,10639.8,8473.37,379.38,2371.29,1861.39,2077.95,420.63,94.81,13248.19,3194.95,37.34,0,148.25,353.7,39.61
2019,Anhui,17761,11181.7,8829.61,379.38,2371.29,1861.39,2077.95,420.63,94.81,14113.02,3158.37,78.95,0,200.88,415.91,37.09
2020,Anhui,18447,11235.5,9697.12,379.38,2371.29,1861.39,2077.95,420.63,94.81,14189.26,3607.46,88.81,0,328.09,406.64,51.46
1999,Fujian,5549,1230.2,1783.79,52.44,91.49,75.09,32.52,58.2,40.44,1825.81,253.43,7.8,0,7.37,67.94,36.56
2000,Fujian,6011,1422.3,2062.335,89.28,105.62,77.47,36.48,68.49,75.01,1513.64,283.79,9.21,0,14.35,85.07,41.22
2001,Fujian,6583,1586.5,2300.425,24.49,124.61,68.71,40.13,79.77,84.04,1762.02,337.77,11.4,0,17.45,156.45,48.44
2002,Fujian,7462,1809,2623.05,57.06,162.68,116.28,50.96,101.13,79.01,1698.69,368.14,12.37,0,19.55,123.65,65.97
2003,Fujian,9208,2059.3,2985.985,89.63,200.75,163.85,61.79,122.5,73.98,2400.2,461.98,16.2,0,30.73,166.16,60.23
2004,Fujian,11918,2422.2,3512.19,110.75,309.62,277.71,97.29,166.69,62.66,2382.61,541.19,18.51,0,75.56,213.69,79.65
2005,Fujian,12396,2744.7,3979.815,124.13,333.32,350.69,122.64,198.14,131.1,2791.64,729.67,19.23,0,53.37,200,70.12
2006,Fujian,13755,3189.5,4369.615,167.7,387.29,430.24,196.14,235.73,179.48,3416.7,847.79,19.8,0,40.42,201.36,108.32
2007,Fujian,15178,3956.4,5222.448,174.89,542.27,757.26,275.16,291.41,226.55,4500.1,1047.56,19.79,0,41.09,237.85,137.71
2008,Fujian,17212,4676.9,4435.6904,257.35,554.43,747.56,301.79,345.86,238.62,4508.6,1106.95,18.86,0,30.41,296.5,151.09
2009,Fujian,18154,5218.6,4886.2489,339.81,566.59,737.86,328.41,400.31,250.69,5477.91,1342.26,19.28,20.28,59.83,324.18,183.66
2010,Fujian,19227,6532.3,5629.7283,641.47,780.09,947.93,482.56,534.65,327.8,5921.17,1340.56,17.79,84.48,152.5,428.86,206.15
2011,Fujian,14116,7823.2,6365.2122,666.13,1016.84,1254.12,743.26,678.14,478.22,6809.62,1589.14,10.04,88.4,248.4,529.7,225.09
2012,Fujian,15333,8711.2,6411.0977,657.33,1147.55,1465.64,819.93,735.04,579.5,7258.96,2292.6,0.74,84.9,176.52,624.63,278.63
2013,Fujian,16120,9650.2,6932.3718,648.53,1278.26,1677.15,896.6,791.94,680.77,7591.54,2784.83,0.64,71.4,164.9,611.34,376.7
2014,Fujian,16744,10682.2,7790.8609,1080.45,1712.92,1863.58,896.6,845.23,847.51,7778.91,3019.6,0.94,100.6,227.2,653.9,456.15
2015,Fujian,17240,11008.7,7019.9973,1047.78,1537.24,1560.84,1412.29,900.03,960.56,7787.48,2820.7,1,117.2,228.01,665.4,576.2
2016,Fujian,17262,11712,6537.214,858.38,1655.39,1663.22,1412.29,1024.1,1050.96,8105.99,2859.58,16.24,110.01,200.82,727,681.01
2017,Fujian,17348,12864.9,7085.2762,858.38,1655.39,1663.22,1412.29,1024.1,1050.96,8526.11,2725.74,25.57,120.07,235.74,779.9,675.63
2018,Fujian,17470,14781,7823.3831,858.38,1655.39,1663.22,1412.29,1024.1,1050.96,8831.93,2915.94,24.94,102.86,324.91,771.41,694.88
2019,Fujian,18373,15654,8259.0041,858.38,1655.39,1663.22,1412.29,1024.1,1050.96,9475.07,3737.66,29.07,121.67,383.32,805.13,834.4
2020,Fujian,18845,15615.5,8599.4253,858.38,1655.39,1663.22,1412.29,1024.1,1050.96,9718.36,3861.65,25.49,138.74,398.33,798.49,856.36
1999,Jiangxi,3730,503.8,1566.818,53.69,49.8,58.52,49.43,14.63,10.33,1315.02,228.6,0,0,10.73,27.96,7.65
2000,Jiangxi,3549,543.9,1691.529,75.98,52.95,71.56,64.03,11.33,15.71,1463.04,282.9,0,0,13.7,25.4,7.08
2001,Jiangxi,3283,603.2,1875.952,24.47,64.14,63.74,81.34,12.21,18.07,1608.31,386.19,0,0,14.45,27.01,7.93
2002,Jiangxi,3076,702.4,2184.464,56.11,68.68,121.1,108.19,12.82,16.2,1965.97,531.64,0,0,12.79,28.19,8.59
2003,Jiangxi,3051,863.3,2684.863,87.75,73.21,178.45,135.03,13.42,14.32,2524.18,664.14,0,0,14.33,27.21,11.97
2004,Jiangxi,4019,1149.8,3575.878,127.31,108.76,253.51,254.98,24.33,21.78,3094.38,757.7,0,0.13,17.26,56.95,37.49
2005,Jiangxi,4403,1468.7,4567.657,156.85,150.17,338.58,380.58,46.14,33.89,3700.5,1023.33,0,0,15.6,73.38,18.07
2006,Jiangxi,5333,1923,5230.56,195.56,210.93,426.47,733.46,66.14,34.9,4300.27,1226.52,0,0,14.14,93.69,20.86
2007,Jiangxi,6028,2435.5,5601.65,210.25,558.61,741.33,1285.76,82.15,53.23,5008.54,1351.45,0,0,14.33,110.93,27.7
2008,Jiangxi,7367,2936.9,5697.586,238.62,637.52,710.96,1487.44,100.42,39.03,5271.59,1277.21,0,0,12.51,113.73,16.87
2009,Jiangxi,7539,3232.5,5398.275,266.99,716.43,680.58,1689.12,118.69,24.83,6200.55,1648.72,0,0,12.53,139.64,13.51
2010,Jiangxi,7908,4327.3,6510.42285,363.95,1231.03,926.5,2502.27,170.01,36.48,6262.68,1984.4,0,0,11.13,186.27,17.92
2011,Jiangxi,6481,5462.3,7314.0197,425.63,1582.32,1203.62,3469.49,213.43,59.34,6874.02,2250.32,0,0,10.7,219.4,31.5
2012,Jiangxi,7217,5889.2,6910.9762,484.91,1720.93,1190.61,3858.08,238.83,60.39,7572.05,2371.71,0,0,11.7,155.98,37.92
2013,Jiangxi,8126,6523.3,6575.4864,544.18,1859.53,1177.59,4246.67,264.22,61.44,9095.17,2438.58,0,0,14,181.32,42
2014,Jiangxi,8996,6930.7,5839.11475,533.61,2188.11,1209.53,4246.67,298.51,77.06,9848.6,2611.1,0,0,15.1,154.5,45.9
2015,Jiangxi,9941,7026.2,5916.38,479.13,2292.34,1068.03,4635.24,330.86,86.15,9458.08,2577.6,0,1.4,29.11,173.6,46.9
2016,Jiangxi,10931,7349.3,6012.65,542.88,2517.02,1095.1,4635.24,367.77,87.83,9553.28,2527.16,0,1.31,22.76,200.34,45.82
2017,Jiangxi,10889,7969.6,6028.42,542.88,2517.02,1095.1,4635.24,367.77,87.83,8984.58,2474.35,0,0,25.46,211.04,46.33
2018,Jiangxi,11630,8264.2,6251.263371,542.88,2517.02,1095.1,4635.24,367.77,87.83,8884.3,2571.34,0,0,33.31,214.5,54.62
2019,Jiangxi,13022,8774.2,6637.041102,542.88,2517.02,1095.1,4635.24,367.77,87.83,9691.28,2795.71,28.95,2.7,48.44,276.24,60.4
2020,Jiangxi,14341,8991.6,6801.488315,542.88,2517.02,1095.1,4635.24,367.77,87.83,10030.74,3093.92,40.16,0.61,84.68,291.06,86.9
1999,Shandong,11391,3197.2,6873.98,286.88,428.64,190.08,96.33,200.11,93.99,5949.2,633.39,147.84,49.54,87.14,352.95,43.25
2000,Shandong,11679,3620.1,7783.215,468.85,493.64,226.23,95.43,210.27,119.13,6547.05,840.95,154.75,50.05,92.86,436.68,39.62
2001,Shandong,12268,3911,8408.65,161.07,580.43,187.28,108.37,237.73,141.01,7287.25,1018.32,156.91,55.52,139.56,561.26,49.23
2002,Shandong,13468,4364.4,9383.46,372.59,859.58,439.29,160.78,373.39,131.48,8238.69,1437.74,170.82,52.27,108.13,665.93,52.06
2003,Shandong,16177,4995.7,10740.755,584.11,1138.72,691.3,213.18,509.05,121.96,9935,2194.17,184.31,56.32,122.9,858.28,70.4
2004,Shandong,23915,6497.7,13970.055,933.83,1687.61,1291.9,464.82,720.18,140.05,12876.96,3010.86,278.15,45.79,207.98,1039.22,139.99
2005,Shandong,27540,7875.6,16932.54,1310.75,2585.87,1937.24,669.96,929.59,147.15,14425.85,4091.79,260.16,83.77,202.99,1255.85,95.38
2006,Shandong,31936,9467.5,19124.35,1812.57,3455.82,2245.89,1052.73,1118.7,117.2,16669.63,4961.85,275.74,85.41,224.2,1272.64,82.2
2007,Shandong,36145,11233.1,21230.559,2310.06,5826.94,3606.81,1607.79,1345.42,146.47,15023.89,4961.85,285.8,84.68,268.57,1406.26,71.8
2008,Shandong,42629,13310.8,22628.36,2648.76,6491.34,3442.67,1909.16,1490.18,144.18,5027.44,5027.44,296.21,80.04,274.07,1526.92,78.47
2009,Shandong,45518,13998.5,21557.69,2987.45,7155.75,3278.52,2210.53,1634.94,141.89,14057.69,5877.95,359.09,76.01,279.84,1539.46,89.18
2010,Shandong,44037,15450,23568.2025,4054.84,8290.5,3779.81,2786.15,1868.37,156.87,14742.57,6784.61,442.13,85.57,369.72,1638.57,93.3
2011,Shandong,35813,17280.8,26109.56072,5394.44,10169.45,4876.91,3917.18,2152.47,194.24,15072.84,7083.34,439.9,85.2,375.98,1821.03,80.9
2012,Shandong,37625,18421.9,27565.61007,6121,12277.24,5208.63,4729.08,2251.6,209.02,,7823.64,410.22,80.6,428.78,1952.2,96.11
2013,Shandong,40467,19475.3,28858.49954,6847.55,14385.03,5540.35,5540.97,2350.73,223.8,16275.41,8148.9,394.59,78.3,462.2,2013.5,71.65
2014,Shandong,40756,20178.2,29606.46395,7461.07,16229.88,5469.17,5540.97,2444.53,250.86,16553.17,8939.4,435.3,83.2,483.15,1981.6,78.33
2015,Shandong,41485,21156.5,31041.5,7092.44,16792.06,4564.07,6607.06,2524.65,256.97,15249.07,9003.2,446.7,102.4,554.42,2001.5,81.91
2016,Shandong,39567,21696,31492,8096.68,17717.46,4924.61,6607.06,2530.83,297.74,16156.09,9788.19,350.45,117.07,644.27,2170.38,70.76
2017,Shandong,38147,22515.8,31139,8096.68,17717.46,4924.61,6607.06,2530.83,297.74,15417.24,9201.53,412.03,102.55,710.42,2177.5,82.08
2018,Shandong,38333,22613,31146.2,8096.68,17717.46,4924.61,6607.06,2530.83,297.74,12619.03,9427.78,438.47,122.38,763.08,2033.67,59.58
2019,Shandong,27129,22755.1,31293.7,8096.68,17717.46,4924.61,6607.06,2530.83,297.74,14596.3,9289.44,428.42,121.89,839.22,2075.36,90.78
2020,Shandong,29628,22986.5,31234.3,8096.68,17717.46,4924.61,6607.06,2530.83,297.74,15970.42,11269.32,383.75,119.88,945.98,2297.7,74.75
1999,Henan,9922,1729.3,6951.786,76.27,208.21,123.93,131.04,85.8,37.91,3800.8,379.45,39.47,14.03,34.43,278.85,11.47
2000,Henan,9930,2000,8040,135.06,217.36,141.85,110.19,73.42,45.75,3723.4,405.62,33.65,14.01,38.2,290.07,18.63
2001,Henan,9720,2182.8,8774.856,66.64,199.84,118.15,148.33,80.41,45.94,4686.4,502.86,56.92,18.63,48.82,434.82,32.58
2002,Henan,9671,2476.7,9956.334,124.75,252.85,222.88,220.17,112.87,51.69,4481.3,593.6,73.53,18.64,50.94,355.05,35.4
2003,Henan,9091,2833.9,11392.278,182.85,305.86,327.61,292,145.33,57.43,4722.6,744.68,108.85,19,57.48,469.37,39.2
2004,Henan,11474,3536.8,14217.936,254.36,416.47,532.97,528.66,191.26,74.18,5295.14,1129.25,108.03,21.9,83.72,517.61,41.46
2005,Henan,10867,4563.4,18344.868,333.02,572.6,748.67,712.75,263.06,84.53,6487.18,1338.96,118.65,19.16,74.98,653.66,39.73
2006,Henan,11895,5584.8,21110.544,439.84,707.17,932.49,1117.62,362,105.59,7605.06,1838.9,166.54,21.45,90.02,822.47,45.54
2007,Henan,13510,7067.2,24381.84,484.57,1421.07,1913.9,1733.21,534.06,138.34,9471.36,2514.71,200.44,21.15,123.33,939.73,50.18
2008,Henan,18700,8687.4,26757.192,611.41,1393.71,1795.25,1903.03,608.93,100.03,10227.04,2570.78,226.51,17.48,108.24,989.02,46.47
2009,Henan,18105,9064.9,24565.879,738.25,1366.34,1676.6,2072.85,683.79,61.71,11874.13,2888.24,213.08,20.58,123.66,956.96,53.6
2010,Henan,19548,10584.6,21493.08876,951.68,1767.12,1937.63,2771.38,816.78,119.56,11564.48,3273.72,188.14,21.2,186.28,967.79,52.25
2011,Henan,18328,12153.7,16422.07944,1214.32,2539.07,2463.15,3726.46,1032.48,136.95,13824.26,3553.54,266.74,18.3,211.55,1181.46,53.1
2012,Henan,19237,12868.7,17385.73,1247.75,2814.73,2879.05,3955.86,967.55,110.41,14888.89,3484.88,294.9,20.9,222.32,901.39,54.14
2013,Henan,20573,13441.5,15447.22,1281.18,3090.39,3294.95,4185.25,902.62,83.88,16782.03,4255.2,337.93,30.1,209.6,826.1,53.8
2014,Henan,21748,14229.3,15375.62,1183.24,3660.44,3661.95,4185.25,990.99,80.75,17331.49,4704.1,333.2,23.6,269.14,739.4,48.97
2015,Henan,22892,14797.6,14949.36,1026.54,3961.32,3484.17,4914.65,1012.73,93.3,16676.19,4766.8,350.1,,219.95,698.4,48.6
2016,Henan,23679,15536.8,14396.83,1158.62,4261.18,3590.7,4914.65,1081.39,109.97,15672.11,4444.4,349.43,1.05,219.25,739.39,54.51
2017,Henan,22023,16741.4,13857.47,1158.62,4261.18,3590.7,4914.65,1081.39,109.97,14973.3,3862.2,359.65,1.1,232.07,697.54,55.67
2018,Henan,22081,17323.4,13889.54,1158.62,4261.18,3590.7,4914.65,1081.39,109.97,11019.99,3660.99,382.74,0.9,166.33,379.07,56.7
2019,Henan,19516,17938.2,12988.75,1158.62,4261.18,3590.7,4914.65,1081.39,109.97,10459.06,3837.97,511.98,28.41,232.52,386.83,55.77
2020,Henan,19803,17147.2,13165.16,1158.62,4261.18,3590.7,4914.65,1081.39,109.97,11767.92,4233.36,470.56,24.86,215.5,355.66,75.33
1999,Hubei,6874,1139.5,3988.25,102.65,200.98,212.44,52.61,47.15,19.85,762.03,2209.7,52.52,0,15.27,51.37,8
2000,Hubei,6282,1243.2,4351.2,164.01,192.27,234.07,49.37,47.49,24.38,811.1,2460.92,60.09,0,23.04,54.42,9.82
2001,Hubei,6197,1360.1,4760.35,46.7,210.53,184.82,50.79,53.05,25.64,915.51,2796.7,66.71,0,32.98,80.61,9.08
2002,Hubei,6183,1473,5155.5,110.95,243.92,282.71,65.01,63.21,22.36,993.52,2948.66,69.59,0.02,25.42,103.46,10.61
2003,Hubei,6271,1682.2,5887.7,175.19,277.3,380.59,79.22,73.36,19.08,1126.25,3445.81,69.46,0,29.67,102.22,14.35
2004,Hubei,6232,1955.6,6844.6,247.06,300.95,617.3,133.28,70.85,20.45,1398.98,3631.92,69.37,0.03,39.94,121.37,13.34
2005,Hubei,6813,2410.4,8436.4,315.51,424.16,712.89,176.25,81.87,20.31,1580.87,4485.69,71.13,0,47.01,112.89,11.74
2006,Hubei,7546,2863.5,9535.455,369.73,509.51,717.75,255.78,96.4,23.71,1693.12,5202.65,72.77,0,53.51,116.95,12.24
2007,Hubei,8996,3597.4,10864.148,393.88,992.27,1684.68,369.28,114.71,33.24,1857.93,5638.85,87.12,0,50.96,122.18,14.35
2008,Hubei,12067,4406.9,11810.492,429.93,1081.25,1697.68,374.09,149.38,26.82,2150.84,6169.31,90.27,0,50.42,132.22,11.92
2009,Hubei,14027,5212.7,12249.845,465.98,1170.22,1710.67,378.9,184.04,20.4,2177.35,7006.4,137.7,0,66.81,171.26,12.1
2010,Hubei,16106,6750.7,14680.94981,609.27,1600.8,2442.92,587.05,237.58,32.99,3026.55,9000.96,143.04,0,80.3,175.81,11.66
2011,Hubei,10633,8551.2,17097.78235,750.43,2206.59,3067.36,836.64,352.12,62.84,3706.01,9504.29,145.2,0,81.63,249.3,14.4
2012,Hubei,12441,9771,17824.16049,798.42,2738.54,3057.23,905,402.56,69.32,3560.78,10375.28,137.71,0,85.17,223.94,17.97
2013,Hubei,14650,10227.4,16864.16441,846.4,3270.48,3047.1,973.35,453,75.79,3346.99,11020.23,132.21,56.5,99.1,210.29,21.7
2014,Hubei,15957,11174.2,16466.85983,909.67,3824.9,2549.18,973.35,504.99,80.98,3452.66,11423.74,140.9,83.1,210.04,236.4,26.2
2015,Hubei,16413,11677.3,15161.57277,744.47,4091.64,2054.82,837.39,545.34,74.84,3421.2,11145.46,159.5,85.3,219.42,266.2,31.11
2016,Hubei,16296,12480.5,14016.97436,788.04,4246.99,1787.44,837.39,566.77,73.58,3512.71,11600.53,164.78,72.89,225.45,251.13,26.7
2017,Hubei,15097,13431.6,12731.00774,788.04,4246.99,1787.44,837.39,566.77,73.58,3610.12,11192.71,155.64,86.7,191.86,276.72,27.64
2018,Hubei,15598,14849.6,14074.61,788.04,4246.99,1787.44,837.39,566.77,73.58,3649.87,10695.31,137.48,88.4,191.26,325.91,25.49
2019,Hubei,15521,15707.6,15019.74,788.04,4246.99,1787.44,837.39,566.77,73.58,3769.26,11396.85,164.08,90.03,203.43,415.83,23.72
2020,Hubei,15708,13174.7,13468.37,788.04,4246.99,1787.44,837.39,566.77,73.58,3649.11,9826.63,173.29,69.78,174.51,467.54,32.54
1999,Hunan,4790,1010.5,2910.24,106.18,113.02,94.17,90.34,31.22,13.22,2273.85,288.79,10.05,0,17.2,59.24,6.28
2000,Hunan,4808,1094.8,3153.024,143.79,143.86,101.21,86.05,30.48,19.47,2395.72,299.05,13.03,0,23.1,70.07,7.79
2001,Hunan,4961,1180.4,3399.552,58.34,128.46,91.96,99.67,42.76,18.5,2761.89,397.17,12.58,0,19.81,111.33,6.98
2002,Hunan,5438,1265.7,3645.216,118.26,172.58,150.9,131.69,58.4,19.26,2746.5,487.71,14.44,0,23.93,88.54,9.02
2003,Hunan,5967,1475.8,4250.304,178.18,216.7,209.83,163.7,74.04,20.02,3135,562.01,15.9,0,26.22,137.92,8.31
2004,Hunan,7523,1768.8,5094.144,238.66,288.46,378.84,268.49,97.06,22.29,3385.79,798.84,19.1,0.09,42.76,211.7,10.01
2005,Hunan,8022,2075.4,5977.152,292.16,378.63,490.4,375.03,134.09,27.84,3742.32,965.96,27.53,0,37.87,222.12,8.29
2006,Hunan,8999,2547.4,6979.876,342.62,466.77,590.54,612.23,147.74,25.18,4592.68,1146.89,37.38,0,33.92,217,6.26
2007,Hunan,10201,3260.6,8184.106,421.77,923.81,1129.16,864.84,192.77,29.23,5683.28,1303.1,39.67,0,41.47,224.1,4.69
2008,Hunan,12391,4110.8,8139.384,404.62,1018.47,1007.79,987.35,259.44,26.74,6043.88,1293.01,39.02,0,34.63,280.46,3.34
2009,Hunan,13311,4565.7,7168.149,387.46,1113.13,886.41,1109.85,326.1,24.24,7652.23,1509.21,40.99,0,45.18,347.11,4.83
2010,Hunan,13844,5913.4,8726.10871,510.34,1554.36,1208.26,1684.14,460.74,30.78,8748.85,1816.13,47.09,0,49.74,381.71,4.55
2011,Hunan,12477,7535.5,10408.78615,690.69,2129.59,1568.9,2484.2,573.61,44.58,9364.29,1947.75,60.1,0,50.5,426.8,4.4
2012,Hunan,12785,8423.1,10840.10854,770.73,2415,1589.64,2555.74,583.51,35.19,10573.71,1851.61,61.35,0.3,62.36,398.81,6.31
2013,Hunan,13598,9179.7,10947.71022,850.76,2700.4,1610.37,2627.28,593.4,25.8,11314.14,1977.9,60.73,0,65.2,406.82,4.6
2014,Hunan,13723,9859.9,10828.63517,739.09,2835.65,1567.98,2627.28,692.53,27.53,12186.83,1989.3,62.98,0,71.43,406.6,6.5
2015,Hunan,13992,10458.8,10499.58932,673.92,2927.25,1411.36,2802.51,665.07,30.58,11680.08,1951.3,47.2,0,69.26,398.47,6.5
2016,Hunan,14386,10540.1,9586.747955,635.72,3029.6,1541.32,2802.51,692.43,73.58,12239.68,1998.69,43.46,0,52.98,422.13,7.09
2017,Hunan,15201,10709.8,8730.62896,635.72,3029.6,1541.32,2802.51,692.43,73.58,11980.95,2210.15,30.25,0,48.4,402.28,8.2
2018,Hunan,16055,10785.6,8792,635.72,3029.6,1541.32,2802.51,692.43,73.58,10997.43,2374.69,16.66,5.4,49.1,348.33,10.77
2019,Hunan,16562,11995.8,10651,635.72,3029.6,1541.32,2802.51,692.43,73.58,11195.62,2432.16,32.61,0,58.96,331.27,8.91
2020,Hunan,18239,12401.4,10402,635.72,3029.6,1541.32,2802.51,692.43,73.58,11043.16,2729.73,32.86,0.64,60.2,316.1,6.95
1999,Guangdong,18879,3864.8,4173.984,264.57,442.72,119.31,146.48,217.85,92.87,5609.4,426.34,24.09,34.01,89.2,194.04,39.17
2000,Guangdong,19695,4518.7,4880.196,446.93,553.77,142.43,166.98,229.53,133.65,5872.4,406.28,24.28,54.85,119.65,260.3,45
2001,Guangdong,20721,5012.2,5413.176,202.25,719.96,149.83,183.69,269.87,83.08,6018.02,577.05,24.61,57.94,157.66,390.64,47.82
2002,Guangdong,22619,5628.7,6078.996,377.64,930.47,241.05,234.7,337.14,63.67,7442.3,664.4,27.68,56.24,142.12,410.05,44.78
2003,Guangdong,24494,6991.5,7550.82,553.03,1140.98,332.26,285.71,404.4,44.26,7530.01,846.32,28.81,56.01,172.65,664.56,46.54
2004,Guangdong,34584,8433.2,9107.856,789.92,1465.73,539.64,465.95,575.79,55.18,7683.11,1214.06,31.76,61.35,247.24,616.93,49.07
2005,Guangdong,35157,10231.1,11049.588,958.41,1652.88,727.11,660.21,666.74,79.83,8228.92,1415.79,31.91,56.17,220.22,712.53,39.91
2006,Guangdong,37494,12259.4,12749.776,1327.61,2024.07,912.2,1060.61,800.19,140.59,9704.02,1732.19,30.14,135.8,262.42,934.36,41.21
2007,Guangdong,42260,14990.8,14690.984,1621.33,3123.91,1493.45,1519.55,998.6,167.95,9799.57,2026.88,34.13,200.4,320.98,930.23,49.16
2008,Guangdong,52574,17356.7,15100.329,1760.43,3166.55,1456.46,1673.55,1124.05,152.2,9484.35,2040.34,34.62,201.55,350.89,1153.97,41.6
2009,Guangdong,52188,18128.5,14684.085,1899.53,3209.18,1419.46,1827.56,1249.49,136.46,10043.18,2296.58,37.88,220.14,419.33,1281.61,43.87
2010,Guangdong,53389,21387.7,16425.7536,2758.97,4094.04,1969.47,2310.6,1656.31,188.2,11610.94,2932.77,40.01,203.96,472.62,1422.79,44.54
2011,Guangdong,38305,24460.7,17758.4682,3255.85,4944.3,2315.6,2471.53,1703.2,195.27,12714.01,3189.9,48.8,226.6,516.12,1494.08,42
2012,Guangdong,37790,25526.2,17459.9208,3435.27,5122.64,2428.08,2709.81,1689.01,163.3,13429.4,3384.5,52.04,234.7,542.12,1581.84,58.91
2013,Guangdong,41184,27142.1,17425.2282,3614.7,5300.97,2540.55,2948.08,1674.81,131.33,12943.18,3429.14,60.7,238.3,585.5,1870.31,56
2014,Guangdong,41133,29497.8,17698.68,3210.78,5876.45,2487.48,2948.08,1802.32,133.39,14812.38,3447.1,60.2,239.7,602.02,2070.7,59.1
2015,Guangdong,42113,31315.5,17474.049,2313.11,6085.91,2250.01,3112.68,1913.75,124.85,14530.24,3271,63,215.1,584.43,2078.3,58.3
2016,Guangdong,42688,32677.9,18217.9,2188.9,6198.59,2523.77,3112.68,2050.1,32.79,15080.6,4113.34,56.36,241.84,669.27,2127.52,58.92
2017,Guangdong,47203,35344,18809.34,2188.9,6198.59,2523.77,3112.68,2050.1,32.79,15825.3,4213.69,41.95,248.18,695.31,2177.74,53.58
2018,Guangdong,47456,37651.1,19194.42,2188.9,6198.59,2523.77,3112.68,2050.1,32.79,16082.16,4337.64,58.22,299.28,593.8,2094.55,48.53
2019,Guangdong,55394,39141.8,19361.5,2188.9,6198.59,2523.77,3112.68,2050.1,32.79,16949.59,4510.45,58.04,348.23,661.75,2223.09,65.17
2020,Guangdong,58483,39353.9,19466.41531,2188.9,6198.59,2523.77,3112.68,2050.1,32.79,17165.52,4866.19,54.39,365.68,713.44,2435.96,67.15
1999,Guangxi,3142,570.8,2588.264122,10.33,69.82,40.34,66.21,22.01,5.25,2062.55,108.27,1.66,0,1.8,71.24,2.68
2000,Guangxi,3155,612.3,2776.443802,15.01,78.52,41.53,62.38,25.36,5.63,2198.35,102.63,1.9,0,3.9,82.55,2.62
2001,Guangxi,3126,639.5,2899.780845,4.12,79.45,40.99,73.19,26.88,5.13,2140.45,140.37,2.66,0,4.19,82.91,2.42
2002,Guangxi,2911,699.2,3170.487516,12.6,92.81,74.76,77.51,30.33,3.22,2401.18,188.55,3.21,0,4.94,86.72,2.38
2003,Guangxi,2871,788.4,3574.960466,21.08,106.17,108.52,81.83,33.77,1.3,2665.19,228.84,2.13,0,5.69,96.47,1.36
2004,Guangxi,3749,953.6,4324.051624,26.08,135,218.89,147.92,42.76,0.38,2777.05,394.41,0.57,0,6.4,116.13,0.33
2005,Guangxi,3687,1098.4,4980.64,36.33,184.59,298.29,179.66,52.39,0.29,3306.13,519.88,0.27,0,7.8,125.37,0.32
2006,Guangxi,4051,1343.2,5514.7,55.07,239.95,389.22,281.66,66.41,0.09,3654.94,715.31,0.91,0,12.15,118.02,0.46
2007,Guangxi,4408,1762.1,6136.67,79.18,375.28,847.65,373.88,83.81,0.23,4350.48,984.91,3.62,0,12.84,134.44,0.19
2008,Guangxi,5427,2088,6497.05,82.15,383.05,819.59,384.56,100.8,0.29,5110.8,941.45,3.84,0,10.01,149.7,0
2009,Guangxi,5678,2241.4,7074.96,85.12,390.83,791.53,395.24,117.79,0.34,6435.27,1179.79,4.73,3.47,12.53,168.8,0.05
2010,Guangxi,6583,2875.5,4549.11,257.8,546.58,1064.69,669.91,170.07,0.09,7516.51,1560.36,3.71,0,18.77,199.02,0
2011,Guangxi,5046,3504.1,5138.94,672.27,682.05,1394.87,832.58,238.89,0.25,8746.52,1809.22,4.4,0,43.51,235.5,0
2012,Guangxi,5239,3643.8,5545.1,771.51,780.91,1782.68,859.24,300.87,0.42,9983.95,2149.66,5.65,0,22.52,297.06,0
2013,Guangxi,5495,3699.7,6084.62,870.74,879.77,2170.48,885.89,362.84,0.58,10908.43,2790.7,5.7,0,23.7,371.74,0
2014,Guangxi,5447,4023.8,6116.29,836.06,963.93,2406.45,885.89,362.75,0.23,10752.28,3262.6,6,0,21.32,319.6,0.2
2015,Guangxi,5518,4159.1,5802.01,620.76,1128.82,2397.21,1129.49,364.5,0.86,11144.46,3545.4,6.1,0,19.53,282.6,0.3
2016,Guangxi,5464,4307.3,5929.64,637.21,1205.66,2625.16,1129.49,369.39,129.78,12034.87,3644.7,5.27,0,22.08,288.71,0.4
2017,Guangxi,5723,4680.1,6148.87,637.21,1205.66,2625.16,1129.49,369.39,129.78,12218.75,3270.73,4.84,0,28.45,300.89,0.51
2018,Guangxi,6058,5101.9,6543.56,637.21,1205.66,2625.16,1129.49,369.39,129.78,11827.06,2890.93,3.51,0,18.69,294.84,0
2019,Guangxi,6185,5246.6,6967.68,637.21,1205.66,2625.16,1129.49,369.39,129.78,12072.88,3346.74,0,0,23.31,323.84,0
2020,Guangxi,7099,5172.8,6869.670854,637.21,1205.66,2625.16,1129.49,369.39,129.78,12129.05,4731.16,0,0,28.6,313.38,0
1999,Hainan,541,570.8,199.23,0.8,9.8,2.17,0.46,1.07,8.87,288.17,4.24,0,0,0,1.32,3.06
2000,Hainan,596,612.3,192.64,2.73,15.47,3.95,0.62,0.79,8.95,315.05,8,0,0,0,1.31,3.53
2001,Hainan,589,639.5,205.27,1.69,15.41,2.23,1.15,1.07,8,312.59,7.87,0,0,0,2.4,3.06
2002,Hainan,601,699.2,461.787722,3.08,17.65,4.13,1.15,1.43,6.98,347.35,8.14,0,0,0,2.16,5.23
2003,Hainan,619,788.4,520.7,4.47,19.88,6.03,1.14,1.79,5.97,397.84,10.82,0,0,0,1.89,5.7
2004,Hainan,588,953.6,584,4.82,30.68,7.51,1.03,2.79,6.4,425.37,13.8,0,0,0,1.97,5.6
2005,Hainan,616,1098.4,501,5.35,34.07,8.8,1.26,33.81,5.71,446.42,14.86,0,0,0,2.18,4.61
2006,Hainan,595,1343.2,510.98,89.63,57.65,9.49,1.57,53.26,6.94,585.48,14.15,0,0,5.9,2.17,5.59
2007,Hainan,488,1762.1,593.19,342.77,89.15,13.76,1.4,64.79,7.47,633.32,11.55,0,0,22.43,2.34,5.87
2008,Hainan,548,2088,590.98,359.08,77.77,16.38,1.19,59.59,6.06,619.16,9.25,0,0,21.42,17.72,4.67
2009,Hainan,494,2241.4,663,375.38,66.38,19,0.97,54.38,4.66,938.52,10.68,0,0,22.81,23.67,5.14
2010,Hainan,497,2875.5,695,475.6,87.05,5.54,1.06,83.33,5.03,1264.05,14.54,0,0,20.78,51.43,4
2011,Hainan,358,3504.1,882,581.26,108,8.56,3.94,66.61,10.32,1521.92,23.2,0,0,23.8,112.8,5.5
2012,Hainan,377,3643.8,969.3458419,524.25,118.29,8.07,3.26,91.25,5.41,1672.45,20.9,0,0,23.4,128.2,4.8
2013,Hainan,388,3699.7,984.2167,467.24,128.57,7.57,2.58,115.88,0.5,1988.4,27,0,0,17.7,145.5,0.4
2014,Hainan,382,4023.8,1059.1663,637.65,188.97,9.19,2.58,113.42,0.66,2151.6,29.7,0,0,21.8,154.9,0
2015,Hainan,380,4159.1,1114,549.73,181.6,12.21,3.5,124.22,0.83,2225.2,34.7,0,0,22.1,167.4,0
2016,Hainan,337,4307.3,1066,503.93,183.41,10.44,3.5,114.45,0.99,2227.91,36.29,0,0,20.9,167.06,0
2017,Hainan,335,4680.1,1078.9875,503.93,183.41,10.44,3.5,114.45,0.99,2213.31,1.09,0,0,19.67,175.16,0
2018,Hainan,337,5101.9,1176.232629,503.93,183.41,10.44,3.5,114.45,0.99,2104.15,0,0,0,30.59,166.38,0
2019,Hainan,412,5246.6,1209.592918,503.93,183.41,10.44,3.5,114.45,0.99,2019.04,0,0,0,32.54,178.78,0
2020,Hainan,493,5172.8,1192.578479,503.93,183.41,10.44,3.5,114.45,0.99,1838.85,0,0,0,34.87,174.95,0
1999,Chongqing,1975,597.9,1644.225,1.89,69.58,56.85,25.38,7.02,10.17,1197.6,135.1,8.21,0.07,0.07,11.2,2.17
2000,Chongqing,2040,644,1771,2.53,74.54,55.84,25.15,5.85,13.34,1402.78,156.98,8.87,0,0.03,10.7,2.17
2001,Chongqing,2054,707.6,1945.9,2.39,81.84,36.09,30.97,7.52,12.31,1698.8,180.09,9.04,0,0.29,19.08,1.63
2002,Chongqing,2060,803,2208.25,2.62,97.44,62.28,45.13,10.04,6.21,1750,201.48,9.12,0,0.17,16.88,1.73
2003,Chongqing,2241,953.1,2621.025,2.84,113.03,88.46,59.28,12.56,0.1,2037.66,242.28,9.89,0,0.44,30.77,1.47
2004,Chongqing,2634,1146.4,3152.6,7.31,137.66,137.33,90.16,19.65,1.29,1992.13,301.62,10.28,0,1.73,39.42,2.35
2005,Chongqing,2943,1294.9,3560.975,10.66,169.73,146.1,133.19,20.23,1.47,2226.15,294.7,9.18,0,0.54,46.81,2.97
2006,Chongqing,3208,1573.1,4137.253,15.63,189.32,174.36,224.68,25.14,1.77,2618.63,390.19,9.61,0,0.21,34.24,4.1
2007,Chongqing,3916,1862.3,4488.143,22.19,361.55,310.32,318.5,32.03,2.81,3000.05,443.96,19.24,0,0.14,47.29,5.08
2008,Chongqing,6119,2188.6,4617.946,30.52,375.05,305.39,318.23,57.67,4.15,3135.31,447.92,72.79,0,0.31,81.53,5.24
2009,Chongqing,6412,2470.8,4570.98,38.84,388.54,300.45,317.95,83.3,5.49,3640.74,481.32,99.15,0,1.62,168.36,7
2010,Chongqing,7130,2945.5,5007.35,40.61,534.45,482.6,399.07,135.72,7.31,4621.05,720.94,106.52,0,1.89,185.77,6.71
2011,Chongqing,4778,3700.2,5735.31,50.47,736.6,688.89,488.8,131.49,7.14,5016.19,950.14,113.6,0,3.22,178,6.3
2012,Chongqing,4985,4291.4,6007.96,50.49,738.76,711.44,517.71,165.54,6.04,5561.78,1154.19,114.7,0,4.11,170.55,4.59
2013,Chongqing,5559,4775.7,5969.625,50.51,740.92,733.99,546.61,199.59,4.93,6143.74,1290.55,118.7,0,4.3,252.06,4.6
2014,Chongqing,6158,5369.9,5906.89,64.36,815.1,744.11,546.61,244.16,5.66,6702.82,1321.84,118.4,0,7.13,311.2,5
2015,Chongqing,6608,5621.5,5340.425,67.74,880.59,690.05,736.86,268.21,10.64,6840.2,1411.4,120,0,17.54,298.9,5.8
2016,Chongqing,6782,5896.2,4716.96,66.6,928.43,582.63,736.86,292.18,10.64,6790.2,1234.22,119.63,0,32.08,299.57,7.38
2017,Chongqing,6684,6202.4,4031.56,66.6,928.43,582.63,736.86,292.18,10.64,6376.78,917.25,97.25,0,38.89,328.99,8.29
2018,Chongqing,6772,6268.1,4073,66.6,928.43,582.63,736.86,292.18,10.64,6583.06,1187.66,106.1,0,37,308.47,10.01
2019,Chongqing,6694,6551.8,4202,66.6,928.43,582.63,736.86,292.18,10.64,6757.65,1136.45,113.9,0,46.45,361.35,13.91
2020,Chongqing,6938,6990.8,4250,66.6,928.43,582.63,736.86,292.18,10.64,6524.41,1309.95,117.64,0,48.08,402.48,17.96
1999,Sichuan,4538,1114.5,3923.04,3.91,145.52,210.39,40.89,36.51,14.12,2591.18,543.5,40.44,0,10.59,70.36,6.89
2000,Sichuan,4394,1170.6,4120.512,4.76,156.38,234.46,40.86,38.59,22.46,2766.42,541.34,52.51,0,15.59,71.52,9.05
2001,Sichuan,4572,1270.9,4473.568,6.36,177.29,181.04,52.02,42.35,21.56,3162.14,647.54,59.68,0,17.16,104.92,9.22
2002,Sichuan,4908,1392.1,4900.192,18.62,220.79,287.12,75.31,50.14,22.83,3294.47,752.83,62.57,0,23.44,93.68,10.85
2003,Sichuan,5448,1627.9,5730.208,30.88,264.29,393.2,98.59,57.92,24.1,4059.85,827.3,66.06,0,39.81,135.16,15.66
2004,Sichuan,7413,1990,7004.8,47.54,407.66,587.01,141.51,70.83,32.85,3855.77,1161.71,81.72,0,49.19,148.39,16.87
2005,Sichuan,7959,2454.3,8639.136,80.06,539.64,701.63,194.33,90.72,45.33,4480.19,1172.2,106.51,0,71.02,135.91,26.56
2006,Sichuan,8995,3059.5,8627.79,115.56,617.11,810.97,336.98,104.85,52.51,5060.03,1329.96,107.85,0,78.92,147.94,32.19
2007,Sichuan,10709,3896.5,10208.83,171.81,1040,1215.13,481.78,144.29,67.93,6375.6,1592.47,124.5,0,89.5,190.72,37.75
2008,Sichuan,13725,4912.4,12182.752,227.72,1142.49,1298.76,474.47,207.39,70.3,6066.9,1577.19,118.12,0,81.89,211.19,37.05
2009,Sichuan,13267,5621.3,12647.925,283.63,1244.98,1382.38,467.15,270.48,72.67,9003.64,1834.42,168.63,0,98.3,246.52,43.46
2010,Sichuan,13706,7032.9,14611.55304,427.03,1614.23,1652.36,581.35,385.38,96.44,13377.54,1980.44,170.78,0,105.62,341.95,51.22
2011,Sichuan,12085,8457.4,16113.03848,488.21,2102.3,2124.33,822.95,491.04,154.54,14522.3,2237.59,169.81,0,105.78,369.2,61.2
2012,Sichuan,12719,9408.5,16303.0488,519.19,2165.74,2268.52,783.16,472.68,158.57,13465.03,2287.98,170.34,0,109.08,232.42,70.83
2013,Sichuan,12998,10309,16086.1636,550.18,2229.18,2412.72,743.37,454.32,162.59,13947.15,2785.2,180.79,0,117.1,212.3,91.5
2014,Sichuan,13267,10703.8,14856.8744,823.86,2395.12,2435.84,743.37,477.37,183.84,14660.53,2935.2,129.67,0,191.33,224.2,110.29
2015,Sichuan,13525,10735,13049.466,780.43,2510.61,2132.65,643.86,436.15,200.08,14091,2702.5,106.9,0,209.06,189.8,118.1
2016,Sichuan,13819,10790.9,11257.06688,809.45,2853.65,2202.01,643.86,490.49,17.46,14615.51,2837.21,120.56,0,232.31,210.58,118.06
2017,Sichuan,13904,11437.8,11924.5,809.45,2853.65,2202.01,643.86,490.49,17.46,13823.83,2491.16,124.15,0,232.58,237.07,126.47
2018,Sichuan,14205,12360.1,12053,809.45,2853.65,2202.01,643.86,490.49,17.46,13752.78,2896.74,140.48,0,236.25,261.47,86.16
2019,Sichuan,14599,13165.9,12614.4,809.45,2853.65,2202.01,643.86,490.49,17.46,14184.62,3308.24,144.95,0,281.87,332.41,81.43
2020,Sichuan,15280,13401,12892.7,809.45,2853.65,2202.01,643.86,490.49,17.46,14517.47,3437.18,128.93,0,284.79,365.83,79.01
1999,Guizhou,2119,294.4,2246.324843,0.01,55.34,50.99,46.24,5.19,0.27,710.29,118.77,0,0,0,6.8,0.23
2000,Guizhou,2087,328.7,2508.04,0.17,57.05,58.45,37.84,3.25,1.17,783.88,150.93,0,0,0,5.72,0.45
2001,Guizhou,2054,360.7,2492.69,0.2,66.05,51.76,44.14,3.08,0.39,1204,138.64,0,0,0.05,13.31,0.16
2002,Guizhou,2067,395.5,3003.991286,1.55,79.35,77.76,68.83,3.56,0.49,1121.11,177.79,0,0,0,5.48,0.42
2003,Guizhou,2129,474.5,3604.03,2.9,92.66,103.76,93.52,4.04,0.59,1590.98,193.07,0,0,0,8.15,0.36
2004,Guizhou,2545,565.1,3622.465773,9.57,115.61,177.29,124.55,4.47,1.05,1429.8,208.35,0,0,10.95,10.55,0.79
2005,Guizhou,2585,679,4352.6,14.31,196.44,187.03,134.21,5.62,0.88,1685.1,214.89,0,0,0,7.81,0.69
2006,Guizhou,2594,807,5026.18,22.39,182.06,218.45,197.88,5.77,0.55,1906.6,256.93,0,0,1.1,12.32,0.47
2007,Guizhou,2296,1000.9,5606.93,31.9,313.02,364.09,218.44,6.1,0.27,2059.06,328.99,0,0,4.37,9.77,0.23
2008,Guizhou,2676,1207,4613.69,47.86,298.18,347.13,194.79,11.63,0.14,2048.94,337.52,0,0,4.77,2.41,0
2009,Guizhou,2791,1297,4945.38,63.83,283.34,330.16,171.13,17.16,0,2883.63,338.64,0,0,3.46,10.31,0
2010,Guizhou,2963,1484.9,5289.48,67.18,336.03,408.41,219.7,24.36,0,3809.6,391.57,0,0,6.24,20.2,0
2011,Guizhou,2329,1822.9,5895.87,75.98,476.8,541.53,299.07,38.02,0,5309.36,462.88,0,0,12.18,13.4,0
2012,Guizhou,2752,2185.8,5078.43,85.69,542.08,570.46,345.99,39.51,0.05,6749.36,564.86,0,0,11.92,16.4,0
2013,Guizhou,3576,2533.3,5452.49,95.4,607.35,599.39,392.9,40.99,0.1,8189.17,562.6,0,0,6.6,28,0
2014,Guizhou,3895,2840.3,5529.57,159.15,651.38,625.22,392.9,59.44,0.14,9598.34,552.4,0,0,6.53,25,0
2015,Guizhou,4482,3196,5234.04,194.09,741.73,631.29,421.45,82.87,0.19,9940.93,463,0,0,6.63,27.8,0
2016,Guizhou,5123,3501.7,5306.03,121.67,825.64,623.77,421.45,105.98,0.19,10798.51,526.18,0,0,8.33,35.5,0
2017,Guizhou,5311,3821.4,5113.74,121.67,825.64,623.77,421.45,105.98,0.19,11363.33,495.72,0,0,8.82,17.34,2.41
2018,Guizhou,5583,4165.5,4968.43,121.67,825.64,623.77,421.45,105.98,0.19,11121.78,554.28,0,0,10.5,23.76,1.27
2019,Guizhou,4686,4459,5143.8,121.67,825.64,623.77,421.45,105.98,0.19,11061.07,707.74,0,0,8.04,32.79,1.32
2020,Guizhou,4482,4666.2,5199.04,121.67,825.64,623.77,421.45,105.98,0.19,10820.86,741.09,0,0,4.73,73.33,1.37
1999,Yunnan,2212,686.1,2435.655,1.05,88.04,47.12,78.07,15.72,4.73,1622.77,182.01,2.55,0,1.38,23.9,1.73
2000,Yunnan,2124,707,2509.85,1.26,91.13,54.08,79.78,12.43,5.12,1512,176.45,7.73,0,1.71,15.25,1.39
2001,Yunnan,2031,734.5,2607.475,1.46,100.54,39.64,89.81,11.69,0,1640.87,186.2,8.53,0,1.67,22.8,0
2002,Yunnan,2072,796.5,2827.575,3.04,121.47,78.14,124.22,16.47,1.98,1709,200.77,9.98,0,2.32,14.03,0
2003,Yunnan,1995,895.6,3179.38,4.62,142.39,116.64,158.62,21.24,3.95,2052.79,286.54,9.78,0,1.38,26.3,1.35
2004,Yunnan,2332,1060.4,3764.42,15.68,203.03,217.22,267.23,31.99,4.03,2300.29,368.77,14.81,0,4.4,29.94,1.64
2005,Yunnan,2362,1144.6,4063.33,36.66,252.69,296.11,401.57,31.22,8.91,2832.62,486.93,16.2,0,3.06,28.88,3.04
2006,Yunnan,2602,1387.8,4718.52,45.63,296.46,313.35,760.82,31.05,9.88,3305.97,588,17.67,0,6.25,33.26,5.77
2007,Yunnan,2698,1728.3,5461.428,97.51,520.39,648.24,998.07,37.36,10.6,3568.53,789.99,18.39,0,14.14,37.72,3.49
2008,Yunnan,3320,2092.6,5963.91,126.53,495.56,613.23,878.77,42.39,11.4,3863.8,834.57,16.76,0,13.98,36.68,3.55
2009,Yunnan,3489,2135,5849.9,155.55,470.73,578.21,759.47,47.43,12.19,5046.45,973.3,14.09,0,21.41,39.39,3.63
2010,Yunnan,3599,2675,6937.345,211.51,565.03,771.69,1001.12,52.1,12.03,5786.17,1205.28,14.33,0,17.73,34.84,3.56
2011,Yunnan,2773,3076.5,7527.5802,252.6,759.76,891.92,1286.88,56.7,12.74,6788.9,1351.98,15.2,0,20.2,40.6,3.6
2012,Yunnan,3211,3557.4,8182.73148,263.96,771.52,987.59,1333.87,58.92,13.85,8013.87,1600.26,15.3,0,24.8,51.5,3.9
2013,Yunnan,3551,3903.4,8406.36224,275.31,783.28,1083.25,1380.86,61.14,14.96,9234.42,2054.01,15.4,0,26.3,41.4,5
2014,Yunnan,3797,4085,8198.595,227.37,785.53,963.52,1380.86,57.74,15.21,9662.5,1935.1,13.1,0,25,46.6,5.6
2015,Yunnan,3876,4044.5,7524.3878,156.42,818.39,630.91,1295.96,65.1,15.23,9436.21,1695.4,9,0,19.6,58.9,5
2016,Yunnan,4194,4087.5,7005.1575,144.85,784.03,606.33,1295.96,76.9,1.56,11104.36,1654.65,6.38,0,22.89,78.46,4.74
2017,Yunnan,4186,4347.8,7449.99,144.85,784.03,606.33,1295.96,76.9,1.56,11515.21,1607.38,10.2,0,23.43,89.55,6.15
2018,Yunnan,4260,4911.7,7632.21,144.85,784.03,606.33,1295.96,76.9,1.56,12119.76,1940.74,13.27,0,42.9,88.51,6.22
2019,Yunnan,4366,5400.5,7969.85,144.85,784.03,606.33,1295.96,76.9,1.56,12907.45,2323.31,15.78,0,43.06,85.26,4.33
2020,Yunnan,4401,5579.4,8809.99,144.85,784.03,606.33,1295.96,76.9,1.56,13130.31,2640.72,9.54,0,34.56,74.29,4.01
1999,Shaanxi,2589,549,1438.38,37.88,46.53,19.03,21.4,13.45,2.9,990,61.75,2.16,0,0,23.39,2.08
2000,Shaanxi,2553,629.9,1650.338,64.19,52.63,18,22.5,14.53,2.8,989.44,57.7,1.32,0,2.75,23.89,2.04
2001,Shaanxi,2440,706.6,1851.292,22.56,56.42,16.55,22.32,12.95,2.93,1492.91,64.77,3.21,0,2.7,233.76,1.67
2002,Shaanxi,2461,819.5,2147.09,78.1,69.04,39.22,35.5,14.89,1.62,1328.3,82.05,11.43,0,3.29,24.06,1.79
2003,Shaanxi,2493,1006.9,2638.078,133.63,81.66,61.88,48.69,16.83,0.3,1828,132.98,15.95,0,4.37,166.88,1.58
2004,Shaanxi,3012,1269.9,3327.138,232.7,96.48,108.87,76.98,23.16,2.94,2020.37,205.44,18.9,0,8.58,76.66,2.34
2005,Shaanxi,2997,1532.2,4014.364,335.39,135.95,148.7,112.52,23.73,3.52,2164.86,337.8,21.91,0,11.37,61.63,0.65
2006,Shaanxi,3375,1944,4782.24,615.86,176.73,184.9,171.27,29.86,1.24,2514.98,490.76,25.38,0,30.41,81.38,0.48
2007,Shaanxi,3372,2449.8,5561.046,699.8,261.74,295.29,318.85,37.2,1.6,3175.49,559.82,26.7,0,35.44,100.77,0.22
2008,Shaanxi,4025,3122,6275.22,815.26,255.94,337.84,367.27,46.57,6.3,3608.62,500.98,28,0,33.88,73.5,0
2009,Shaanxi,4480,3339.8,4575.526,930.71,250.13,380.39,415.69,55.94,10.99,4501.66,888.27,30.01,0,34.34,73.99,2.44
2010,Shaanxi,4564,4271.8,5560.17488,1267.62,340.43,434.2,646.74,66.91,10.92,5496.55,997.34,25.99,0,40.86,86.63,2.31
2011,Shaanxi,3684,5513.9,6799.74148,1662.75,472.81,647.21,925.21,79.38,11.73,6591.6,1034.73,27.87,0,70.11,92.8,2.3
2012,Shaanxi,4284,6505.2,7577.25696,1750.51,557.96,743.66,1053.08,91.15,13.71,7636.17,1285.7,36.71,0,89.07,80.3,3.06
2013,Shaanxi,4751,7156.9,7846.82516,1838.26,643.1,840.11,1180.94,102.91,15.69,8670.45,1522.62,38.14,0,115.9,80.4,2.36
2014,Shaanxi,5081,7632.4,7846.1072,1850.32,831.59,852.25,1180.94,112.21,16.89,9158.75,1683.9,28.82,0,192.99,70.8,2.9
2015,Shaanxi,5413,7103.3,6816.32668,1446.79,1033,908.15,1288.83,136.82,15.9,8578.7,1655.6,23.7,0,344.2,70,2.3
2016,Shaanxi,5862,7226.9,6440.61328,1215.63,1259.64,945.49,1288.83,163.46,15.9,7264.04,1233.79,27.01,0,460.21,72.15,2.03
2017,Shaanxi,6271,8232.9,6774.03012,1215.63,1259.64,945.49,1288.83,163.46,15.9,7333.96,1377.61,28.03,0,478.63,75.95,1.39
2018,Shaanxi,6426,9088.1,7473.58,1215.63,1259.64,945.49,1288.83,163.46,15.9,6286.61,1445.15,25.68,0,475.34,72.41,1.42
2019,Shaanxi,7037,9459.9,7986.95,1215.63,1259.64,945.49,1288.83,163.46,15.9,6642.74,2037.51,26.61,0,511.94,66.97,4.47
2020,Shaanxi,7205,8740.2,8260.17,1215.63,1259.64,945.49,1288.83,163.46,15.9,6809.85,2019.98,25.6,0,593.24,58.34,3.97
1999,Gansu,2245,327,3006.104212,81.18,62.52,50.07,99.1,3.76,0.07,705.03,154.9,13.11,15.51,24.91,8.08,1.47
2000,Gansu,2851,327.6,3011.62,114.56,78.42,54.49,94.93,4.65,0.08,723.5,197.99,14.06,16.72,27.85,8.49,2.22
2001,Gansu,3153,355.5,3068.36,70.57,30.05,42.94,104.21,5.39,0.12,891.65,228.47,13.87,17.36,30.71,10.46,2.44
2002,Gansu,3204,389.4,2763.11,142.29,38.64,65.02,136.67,5.52,0.15,1081.02,207.66,15.28,17,29.79,6.74,2.09
2003,Gansu,2884,452.3,3375.08,214,47.22,87.09,169.12,5.64,0.17,1160.82,245.58,15.5,17.53,33.82,11.03,1.87
2004,Gansu,1927,549.5,3907.74,375.23,72.11,177.85,256.9,5.17,3.47,1326.37,298.17,17.24,24.05,45.56,16.59,2.79
2005,Gansu,1733,633.3,4367.67,486.26,96.45,243.66,339.92,6.24,11.37,1415.99,452.25,18.01,24.57,45.92,13.42,0.6
2006,Gansu,1733,818.3,4743.06,602.27,119.9,268.74,533.38,9.38,11.28,1454.17,535.58,18.97,24.01,42.18,9.38,0.48
2007,Gansu,1841,1070.2,5109.29,740.54,184.85,485.94,753.89,8.62,11.89,1540.21,597.89,20.53,68.18,111.84,8.21,0.49
2008,Gansu,1940,1197.1,5373.06,751.15,186.07,489.35,700.84,8.82,10.26,1560.32,577.3,20,70.15,117.08,14.09,0.7
2009,Gansu,1987,1214,5481.6,761.76,187.29,492.76,647.78,9.01,8.63,1854.8,644.54,12.77,69.38,115.45,10.6,0.35
2010,Gansu,2000,1613.8,5923.13,898.94,257.98,603.56,852.19,11.05,6.7,2425.34,699.16,13.66,69.48,112.59,11.57,0.36
2011,Gansu,1371,1947.2,6495.78,1198.09,317.12,843.77,985.96,10.37,3.4,2759.55,841.66,19,69.4,129.07,6.9,0.02
2012,Gansu,1735,2107.1,7007.04,1179.92,324.4,892.55,1109.93,15.37,4.17,3651.92,883.1,20.1,64.7,125.21,4.9,0
2013,Gansu,1992,2262.6,7406.79,1161.74,331.67,941.33,1233.89,20.37,4.94,4426.58,1021.57,20.8,63.2,116.1,5.9,0
2014,Gansu,2091,2374.3,7521.45,1087.3,343.45,1059.64,1233.89,20.36,4.57,4935.26,1108.1,16.1,63,114.41,8.3,0
2015,Gansu,2148,2031.6,7522.85,831.35,267.89,706.38,1468.88,20.29,1.68,4764.3,847.8,9.8,64.2,118,4.6,0
2016,Gansu,2105,1995.5,7333.62,686.46,276.85,312.87,1468.88,18.29,15.28,4640.4,665.87,10.14,51.73,95.39,4.54,0
2017,Gansu,1905,2020.5,7538.33,686.46,276.85,312.87,1468.88,18.29,15.28,4021.36,702.25,7.96,64,121.57,2.53,0
2018,Gansu,1917,2253.4,7594.243585,686.46,276.85,312.87,1468.88,18.29,15.28,3883.25,833.45,0,64.39,125.79,4.88,0.03
2019,Gansu,1825,2319.8,7818.02,686.46,276.85,312.87,1468.88,18.29,15.28,4450.09,936.66,0,53.34,127.54,5.53,0
2020,Gansu,1952,2265.4,7634.685106,686.46,276.85,312.87,1468.88,18.29,15.28,4716.73,1102.65,0,69.7,159.43,5.54,0
1999,Qinghai,559,45.9,157.896,0.32,10.04,18.26,37.77,0.35,0.07,116.75,36.07,0,0,0,1.57,0
2000,Qinghai,445,50.9,175.096,0.08,12.29,21.63,27.77,0.36,0.08,123.71,36.39,1.44,0,1.16,0.37,0
2001,Qinghai,391,58,199.52,0,11.59,15.45,27.54,0.39,0.12,176.13,36.41,3.8,0,1.21,1.05,0
2002,Qinghai,399,66.5,228.76,0.07,13.83,21.63,38.54,0.3,0.15,263.5,35.55,5.26,0,1.38,0.64,0
2003,Qinghai,400,79,271.76,0.14,16.07,27.81,49.53,0.21,0.17,307,40.3,6.08,0,1.55,0.42,0
2004,Qinghai,463,98.4,338.496,0.26,29.68,37.54,63.97,0.03,3.47,340.97,37.96,7.66,0,2.46,0.21,0
2005,Qinghai,404,133,457.52,0.31,44.37,45.25,88.38,0.23,11.37,370.62,48.47,17.38,0,3.05,0,0
2006,Qinghai,435,166.2,604.968,0.6,64.24,68.18,129.51,0.13,11.28,371.32,76.76,71.11,0,3.32,0.9,0
2007,Qinghai,471,207.5,720.025,1.09,154.37,151.52,165.61,0.07,11.89,436.85,109.53,102.17,0,3.4,0.02,0
2008,Qinghai,515,271.3,879.012,10.56,158.17,134.23,180.61,0.04,10.26,457.75,113.59,115.5,0,2.76,0,0
2009,Qinghai,523,273.7,804.678,20.02,161.96,116.93,195.6,0.01,8.63,610.99,125.06,119.78,0,2.44,0,0
2010,Qinghai,555,326.7,1008.62091,20.68,155.71,142.86,302.29,0,6.7,811.09,138.01,74.74,0,3.67,0,0
2011,Qinghai,386,415.4,1343.65284,56.7,245.89,182.19,461,0,3.4,1048.09,142.07,133,0,19.3,0,0
2012,Qinghai,423,462.7,1564.80513,38.07,245.42,195.66,513.17,0,4.17,1409.52,139.4,212.4,0,26.8,0,0
2013,Qinghai,522,502,1771.6584,19.43,244.94,209.12,565.34,0,4.94,1928.67,130.82,228.2,0,28.5,0,0
2014,Qinghai,568,504.5,1854.79425,17.54,301.82,191.14,565.34,0.27,4.57,1869.57,131.4,326.6,0,29.5,0,0
2015,Qinghai,575,516.4,1974.61032,6.14,287.33,169.75,638.82,0.25,1.68,1767.89,113.6,348.7,0,27.5,0,0
2016,Qinghai,593,597.4,2372.33514,14.85,359.93,153.34,638.82,0.33,15.28,1895.42,125.14,367.73,0,28.52,0,0
2017,Qinghai,569,683.2,2813.69088,14.85,359.93,153.34,638.82,0.33,15.28,1462.63,127.09,375.5,0,42.25,0,0
2018,Qinghai,586,777.5,3202.34,14.85,359.93,153.34,638.82,0.33,15.28,1354.86,146.63,432.02,0,60.28,0,0
2019,Qinghai,585,821.9,3186.26,14.85,359.93,153.34,638.82,0.33,15.28,1348.81,180.56,453.23,0,67.03,0,0
2020,Qinghai,580,792.2,3076.89,14.85,359.93,153.34,638.82,0.33,15.28,1225.79,189.11,413.79,0,53.98,0,0
1999,Ningxia,496,83.5,754.005,13.72,23.03,7.62,23.83,5.88,0.4,248.28,11.86,0,0,1.78,18.07,0
2000,Ningxia,409,96.7,873.201,5.39,41.18,10.63,21.89,7.51,0.81,280.25,5.59,0,0,4.16,23.71,0
2001,Ningxia,410,106.8,964.404,7.09,27.44,10.14,25.35,8.91,0.63,318.69,1.08,0,0,5.23,30.85,0
2002,Ningxia,388,120.5,1088.115,15.41,31.43,15.13,37.98,11.88,0.46,374.24,12.16,0,0,9.12,31.5,0
2003,Ningxia,418,150.2,1356.306,23.73,35.42,20.11,50.61,14.85,0.3,494.13,12.68,0,0,1,37.44,0
2004,Ningxia,662,190.3,1718.409,43.31,57.47,44.66,62.08,18.15,0.31,580.23,14.07,0.6,0,14.1,44.82,0
2005,Ningxia,685,214.4,1936.032,64.76,72.83,31.75,80.16,19.9,0.42,567.58,9.21,0.94,0,20.15,45.58,0
2006,Ningxia,761,268.6,2331.448,83.28,83.75,42.05,129.72,21.22,0.23,709.91,21.99,1.24,0,30.21,47.31,0
2007,Ningxia,745,357.6,2903.712,85.36,173.12,91.27,159.49,23.76,0.08,817.36,44.58,1.18,0,36.46,50.94,0
2008,Ningxia,901,476.5,3397.445,126.73,161.19,81.07,160.83,33.1,0.04,884.76,33.18,1.8,0,45.1,69.02,0
2009,Ningxia,969,484.8,3156.048,168.1,149.25,70.86,162.17,42.44,0,1066.5,38.01,8.66,0,44.44,77.21,0
2010,Ningxia,975,597.8,3831.06108,217.9,170.73,116.64,228.73,44.9,0,1422.31,33.03,0,0,47.76,78.92,0
2011,Ningxia,764,751.2,4737.96864,193.74,252.68,173.25,289.19,43.37,0,1463.37,76.6,2.6,0,48.2,72.3,0
2012,Ningxia,865,802,4977.0516,345.09,276.45,225.51,334.54,30.63,0,1615.01,109.2,2.88,0,94.5,52.86,0
2013,Ningxia,1044,846.3,5166.15372,496.43,300.21,277.76,379.89,17.88,0,1929.46,149.35,0,0,96.5,21.6,0
2014,Ningxia,1170,881,5288.643,486.96,310.43,233.37,379.89,18.13,0,1803.88,165.6,0,0,104.3,22.6,0
2015,Ningxia,1245,874.7,5162.12952,503.19,356.01,243.78,296.53,21.42,0,1749.79,201.6,0,0,207.7,24.2,0
2016,Ningxia,1174,925.4,5367.50508,553.48,444,253.18,296.53,17.56,0,1984.71,164.14,3.77,0,209.48,20.67,0
2017,Ningxia,1223,1129.2,6435.08496,553.48,444,253.18,296.53,17.56,0,2188.18,221.76,13.67,0,226.34,24.69,0
2018,Ningxia,1250,1191,6787,553.48,444,253.18,296.53,17.56,0,1767.91,266.78,22.64,0,278.45,23.34,0
2019,Ningxia,1196,1272.5,7578.9266,553.48,444,253.18,296.53,17.56,0,1889.67,306.21,29.36,0,383.79,21.89,0
2020,Ningxia,1241,1306.5,8082,553.48,444,253.18,296.53,17.56,0,1979.94,481.99,29.91,0,439.27,23.27,0
1999,Xinjiang,1625,315.9,947.7,62.83,14.55,24.67,11.43,5.34,1.17,802,114.45,0,16.11,27.56,16.22,3.95
2000,Xinjiang,1455,418.6,1255.8,153.18,18.25,33.43,10.09,4.63,2.55,894.55,126.23,0,16.23,30.05,19.38,3.03
2001,Xinjiang,1300,445.6,1336.8,90.21,17.43,31.64,10.53,4.61,2.66,981,134.42,0,17.01,33.66,19.34,3.24
2002,Xinjiang,1267,463.6,1390.8,174.72,28.44,51.49,13.41,6.31,2.01,981.64,148.11,0,15.74,34.62,15.5,2.3
2003,Xinjiang,1254,563.7,1691.1,259.22,39.45,71.34,16.29,8.01,1.35,1127.71,204.2,0,23.59,48.51,24.15,2.29
2004,Xinjiang,1430,734.5,2203.5,354.54,52.81,117.87,16.91,10.03,4.21,1200.27,253.91,0,25.37,62.11,21.85,4.28
2005,Xinjiang,1445,962.3,2886.9,498.3,60.72,143.64,19.59,12.5,8.07,1245.47,322.93,3.03,26.14,78.61,25.79,5.42
2006,Xinjiang,1481,1242.6,3615.966,639.39,82.97,167.6,27.7,14.22,13.37,1224.26,411.09,7.35,24.72,97.75,31.36,8.62
2007,Xinjiang,1575,1406.8,3910.904,724.55,206.48,406.71,43.03,15.41,28.55,1479.28,470.24,8.39,23.92,106.87,21.72,9.03
2008,Xinjiang,1859,1757.9,5273.7,792.18,225.06,393.91,38.35,14.93,49.28,1663.82,566.54,8.53,25.86,128.12,23.31,12.52
2009,Xinjiang,2018,1558.5,4831.35,859.8,243.63,381.12,33.67,14.45,70.01,2045.88,689.01,9.59,49.15,186.99,23.04,14.01
2010,Xinjiang,2465,2165.6,7644.221223,1245.08,316.65,553.15,69.45,19.51,95.21,2470.9,891.7,11.32,119.33,297.98,31.98,34.49
2011,Xinjiang,1738,2718.9,9597.281623,1572,470.96,697.39,125.55,17.45,107.38,3171.66,985.11,12.58,104,337.7,30.3,32.6
2012,Xinjiang,1959,2873.2,10141.93592,1642.01,545.99,697.23,291.16,23.31,98.69,4315.93,1289.97,12.52,127.1,396.15,32.39,44.98
2013,Xinjiang,2224,2951.6,10418.67536,1712.03,621.01,697.07,456.77,29.17,89.99,5190.32,1395.3,12.72,131.9,507.3,35.1,55.9
2014,Xinjiang,2477,3211.2,11335.02179,1758.1,651.78,623.29,456.77,34.54,91.98,5081.63,1489.5,15.87,128.5,558.71,35.5,55
2015,Xinjiang,2707,2770.9,9780.833296,1200.52,667.12,326.29,804.25,34.76,73.91,4278.49,1070.5,11.35,109.1,535.01,29.5,48.7
2016,Xinjiang,2894,2686.8,9483.973763,1131.56,712.17,353.96,804.25,45.31,105.17,4250.23,1087.64,13.08,130.8,584.63,31.5,67.43
2017,Xinjiang,2955,3266.1,12932.71,1131.56,712.17,353.96,804.25,45.31,105.17,4658.57,1299.64,15.2,132.15,621.72,25.26,71.33
2018,Xinjiang,3025,3758.5,13069.27,1131.56,712.17,353.96,804.25,45.31,105.17,3592.63,1322.65,10.9,131.83,645.02,22.73,78.11
2019,Xinjiang,3182,3831,13722.78,1131.56,712.17,353.96,804.25,45.31,105.17,3877.06,1367.93,6.8,110.82,637.87,17.65,83.59
2020,Xinjiang,3633,3683,14212.44,1131.56,712.17,353.96,804.25,45.31,105.17,4030.88,1420.52,16.65,141,726.79,16.13,61.81
