date,state,地区生产总值(亿元),地区生产总值－第一产业(亿元),地区生产总值－第二产业(亿元),地区生产总值－工业(亿元),地区生产总值－建筑业(亿元),地区生产总值－第三产业(亿元),地区生产总值－交通运输、仓储和邮政业(亿元),地区生产总值－批发和零售业(亿元),地区生产总值－金融业(亿元),地区生产总值－房地产业(亿元),地区生产总值－其他服务业(亿元),第一产业占GDP比重(%)(没有单位),第二产业占GDP比重(%)(没有单位),第三产业占GDP比重(%)(没有单位),人均地区生产总值(元),地区生产总值指数（上年＝100）(没有单位),地区生产总值指数－第一产业（上年＝100）(没有单位),地区生产总值指数－第二产业（上年＝100）(没有单位),地区生产总值指数－第三产业（上年＝100）(没有单位),社会消费品零售总额(亿元),,年底人口数(万人)
2000,北京市,2478.76,89.97,943.51,745.32,198.19,1445.28,190.12,406.38,425.19,77.37,776.88,3.6296,38.0638,58.3066,22459.6566,110.9846,103.9974,111.3549,112.9,1443.3,1280.46,1357
2000,天津市,1639.36,73.54,820.17,747.28,72.89,745.65,178.83,229.16,58.44,69.35,245.3,4.4859,50.0299,45.4842,17993.195,110.7667,103.6816,111.48,110.5,736.6,610.94,1001
2000,河北省,5088.96,824.55,2559.96,2246.73,313.23,1704.45,415.79,459,183.77,99.53,546.36,16.2027,50.3042,33.4931,7662.7577,109.4704,105.0508,110.1061,110.4,1613.9,1816.79,6674
2000,山西省,1643.81,179.86,827.59,706.39,121.2,636.36,146.01,180.16,127.74,29.39,246.07,10.9417,50.3458,38.7125,5137.0507,107.7821,110.7476,107.8835,110,629.1,548.16,3248
2000,内蒙古自治区,1401.01,350.8,556.28,455.21,101.07,493.93,142.59,195.39,36.26,17.63,164.77,25.0391,39.7056,35.2553,5871.7938,109.6553,102.6005,112.1148,114.5,484,423.64,2372
2000,辽宁省,4669.06,503.44,2344.4,2114.89,229.51,1821.22,350.46,631.6,127.91,103.56,607.63,10.7825,50.2114,39.0061,11226.4006,108.9391,98.3851,110.7345,109.6,1847.6,1267.68,4184
2000,吉林省,1821.19,398.73,800.28,655.68,144.6,622.18,119.1,237.55,72.33,45.83,241.36,21.8939,43.9427,34.1634,6847.4027,109.1569,96.9979,113.3531,111.7,810.9,603.51,2682
2000,黑龙江省,3253,357,1868.55,1664.35,204.2,1027.45,203.13,317.4,30.9,104.7,369.45,10.9745,57.4408,31.5847,8561.6528,108.2,96.8,109.8,111.8,1094,832.64,3807
2000,上海市,4551.15,83.2,2163.68,1956.66,207.02,2304.27,315.42,533.89,602.95,251.7,701.06,1.8281,47.5414,50.6305,34546.9796,110.7721,103.4261,109.7997,113.5,1722.3,1869.38,1641
2000,江苏省,8582.7276,1031.17,4435.889,3848.5206,587.3684,3115.6686,557.3707,958.5,349.49,351.922,905.95,12.0145,51.6839,36.3016,11772.9659,110.6365,103.8939,111.6204,111.2,2604.1,2569.97,7327
2000,浙江省,6036.34,664.16,3183.47,2883.37,300.1,2188.71,428.3,794.64,221.73,116.9,642.77,11.0027,52.7384,36.2589,13460.9329,111.0333,104.546,111.7335,111.8,2298.8,2349.95,4596
2000,安徽省,3038.2359,732.19,1296.312,1100.452,195.86,1009.7339,179.85,300.75,76.54,114.2922,398.36,24.0992,42.6666,33.2342,4867.4077,108.266,101.2003,109.9373,111.5,1054.3,803.97,6286
2000,福建省,3920.07,640.57,1711.16,1470.07,241.09,1568.34,444.13,399.11,118.85,118.02,419.3,16.3408,43.6513,40.008,11601.2726,109.468,102.5674,111.2484,110,1372.8,1112.2,3410
2000,江西省,2003.07,485.14,700.76,539.78,160.98,817.17,194.98,181.96,92.97,89.76,257.5,24.2198,34.9843,40.7959,4851.2583,107.9915,106.8009,106.6689,110.4,704.9,516.08,4149
2000,山东省,8542.44,1268.57,4244.4,3737.38,507.02,3029.47,553.17,856.94,314.25,309.99,912.23,14.8502,49.686,35.4638,9555.2379,110.5,103.8045,112.3947,110.4,2545.9,2531.1,8998
2000,河南省,5137.66,1161.58,2413.78,2078.94,334.84,1562.3,391.88,411.47,144.81,154.71,498.63,22.6091,46.9821,30.4088,5443.8781,109.4468,104.522,111.7344,109.2,1786.7,1377.74,9488
2000,湖北省,4276.32,662.3,2123.7,1903.28,220.42,1490.32,256.94,449,81.49,87.75,531.46,15.4876,49.6619,34.8505,7188.2764,109.2621,102.5036,110.7945,111.5,1789.4,1339.2,5960
2000,湖南省,3691.88,784.92,1461.86,1230.71,231.15,1445.1,277.69,342.3,88.88,97.14,622.47,21.2607,39.5966,39.1427,5639.0149,108.9787,103.9,110.5979,110.9,1364.7,1012.24,6562
2000,广东省,9662.23,1000.06,4868.75,4295.03,573.72,3793.42,908.45,1371.49,443.69,515.52,1375.4,10.3502,50.3895,39.2603,12885.3958,110.8256,102.3986,111.7441,113.2,4071.9,3145.13,7707
2000,广西壮族自治区,2050.14,538.69,748,619.84,128.16,763.45,160.87,290.02,21.39,46.12,287.78,26.2758,36.4853,37.2389,4318.8119,107.274,100.186,108.9729,113.4,859.2,583.34,4750
2000,海南省,518.48,196.56,102.45,65.76,36.69,219.47,46.97,70.3,9.27,9.32,82.2,37.9108,19.7597,42.3295,6893.9475,108.7524,110.2472,107.4939,108.8,172.5,198.87,789
2000,重庆市,1589.34,283,657.51,527.48,130.03,648.83,98.19,191.08,61.61,51.92,229.33,17.8061,41.37,40.8239,5157.3147,108.4874,101.5003,110.4898,109.4,643.4,572.59,3092
2000,四川省,4010.25,945.58,1700.49,1393.84,306.65,1364.18,249.39,426.63,153.05,105.49,508.39,23.5791,42.4036,34.0173,4783.7658,109.0004,103.3398,111.1185,113.1,1523.7,1418.04,8602
2000,贵州省,993.53,270.99,387.85,314.73,73.12,334.69,64.59,83.72,36.07,27.58,134.82,27.2755,39.0376,33.687,2661.5571,108.6523,103.6232,110.2881,113.7,343.7,396.98,3756
2000,云南省,1955.09,436.26,843.24,697.69,145.55,675.59,119.77,216.33,79.05,71.09,244.33,22.3141,43.1305,34.5554,4636.6504,107.1178,105.7153,105.7233,110.4,583.2,683.96,4241
2000,陕西省,1660.92,279.12,731.9,549.58,182.32,649.9,156.18,175.62,50.27,35.85,326.14,16.8051,44.0659,39.1289,4549.2194,109.0276,104.5023,109.7347,112.1,607.6,653.67,3644
2000,甘肃省,983.36,193.36,439.88,328.41,111.47,350.12,50.07,112.81,42.84,24.77,170.82,19.6632,44.7323,35.6045,3838.2514,108.7082,101.4996,110.7604,112.7,362.7,395.4,2557
2000,青海省,263.59,38.53,114,80.55,33.45,111.06,19.19,23.98,16.98,4.06,45.41,14.6174,43.249,42.1336,5087.1369,108.9566,95.9695,111.4616,111.4,82.1,151.14,517
2000,宁夏回族自治区,265.57,45.95,120.04,93,27.04,99.58,19.31,26.24,21.57,5.46,41.34,17.3024,45.2009,37.4967,4839.1035,109.758,98.0428,114.513,111.6,90.2,157.52,554
2000,新疆维吾尔自治区,1364.36,288.18,586.84,422.08,164.76,489.34,121.79,110.1,41.94,15,210.27,21.122,43.0121,35.8659,7469.8056,108.2227,104.8405,108.9558,112.1,374.5,610.39,1849
2001,北京市,3710.52,93.08,1030.6,816.24,214.36,1721.97,218.53,459.11,487.54,111.03,978.49,3.3,36.2,60.5,25523,111.7052,104.4904,109.4159,113.1,1593.5,1513.3161,1383
2001,天津市,1919.09,78.55,904.64,821.18,83.46,856.91,203.98,269.76,66.52,85.61,277.18,4.2688,49.1625,46.5687,20154.4359,112.0238,106.2823,112.8388,111.7,832.7,704.9964,1004
2001,河北省,5516.76,913.9,2767.41,2439.56,327.85,1896.47,498.81,488.61,167.29,106.8,634.25,16.4,49.6,34,8362,108.6988,105.3,108.3,111,1778.3,1912.5323,6699
2001,山西省,2029.53,171.09,917.98,779.78,138.2,690.9,157.2,201.68,139.24,31,276.73,9.6,51.6,38.8,5460,110.1001,96.4,110.3,112.6,679.9,663.5802,3272
2001,内蒙古自治区,1713.81,358.89,626.47,506.69,119.78,560.43,162.79,226.46,39.92,21.02,184.67,23.2173,40.5275,36.2552,6462.5219,110.6,101.984,111.4601,115.5,537.3,503.632,2377
2001,辽宁省,5033.08,544.44,2440.55,2190.12,250.43,2048.09,394.5,696.51,131.32,114.96,710.8,10.8172,48.4902,40.6926,12040.8612,108.9825,106.684,107.5473,111.5,2034.9,1421.1896,4194
2001,吉林省,2120.35,409.1,880.84,724.73,156.11,742.54,129.06,267.37,79.5,49.62,271.06,20.1281,43.3382,36.5337,7640.0119,109.2999,104.5996,110.8574,109.9,909.1,701.7035,2691
2001,黑龙江省,3390.13,409.3,1998.74,1767.79,230.95,1152.96,239.1,344.8,31.3,108.16,432.35,11.494,56.1286,32.3774,9348.9105,109.3,107.9916,109.8386,108.8,1198.9,963.5805,3811
2001,上海市,5210.12,85.5,2355.53,2121.19,234.34,2509.81,344.85,603.92,529.26,316.85,840.85,1.7,47.6,50.7,37382,110.501,103,112,109.4,1861.3,2004.6422,1614
2001,江苏省,9456.84,1082.43,4907.46,4270.9,636.56,3522.02,644.87,1094.24,353.41,393.75,1035.64,11.4,51.6,37,12922,110.1514,103.9,111,111.5,2869,2823.1985,7355
2001,浙江省,6898.3388,695.15,3459.75,3106.29,353.46,2593.25,503.68,868,260.36,146.31,843.9,10.3,51.3,38.4,14655,110.6463,104.8,111,111.7,2555.5,2834.9392,4613
2001,安徽省,3246.7146,750.07,1415.32,1191.62,223.7,1124.74,195.3,323.51,78.83,126.44,465.29,22.7976,43.0171,34.1853,5220.7712,108.8879,102.7493,110.5445,112.3,1142.8,893.3729,6328
2001,福建省,4072.85,651.11,1904.21,1645.34,258.87,1698.36,468.49,429.56,124.84,128.52,469.66,15.3,44.8,39.9,12362,108.6598,103.5,110.7,109.2,1499.5,1172.9112,3440
2001,江西省,2175.68,506,788.12,595.55,192.57,881.56,216.1,192.06,82.02,114.84,276.7,23.3,36.2,40.5,5221,108.78,104.2,112.9,107.9,763.3,631.8353,4186
2001,山东省,9195.036,1359.49,4654.51,4092.24,562.27,3424.31,668.49,972.33,318.34,376.26,1001.25,14.4,49.3,36.3,10465,110.0424,104.1984,111.3437,111.2,2834.9,2788.6826,9041
2001,河南省,5533.01,1234.34,2659.04,2279.89,379.15,1746.73,442.07,460.77,150.78,171.71,568.39,21.885,47.1452,31.0028,5923.552,109.0054,105.5459,109.9,110.3,1979.8,1544.0556,9555
2001,湖北省,3880.53,692.17,2313.66,2066.47,247.19,1656.45,282.45,480.79,88.48,106.46,605.63,14.8,49.6,35.5,7813.07,108.8633,102.5,110.2,110.8,1975.2,1486.5484,5975
2001,湖南省,3831.9,825.73,1573,1309.5,263.5,1584.27,294.9,377.18,91.71,108,682.17,20.7,39.5,39.8,6054,109.0284,104,110.3,110.6,1511.1,1174.2998,6596
2001,广东省,12039.2536,1004.35,5341.6086,4732.4086,609.2,4301.7521,1073.8139,1543.83,450.81,559.6555,1739.13,9.4325,50.1667,40.4007,13729.9286,110.489,102.2999,110.4286,112,4515.3,3484.4304,7783
2001,广西壮族自治区,2279.34,562.52,791.85,648.19,143.66,876.82,187.66,312.68,27.4,60.83,351.56,25.2,35.5,39.3,4668,108.2965,103.4008,108.0508,111.8,935.9,655.629,4788
2001,海南省,558.4137,201.79,111.25,71.59,39.66,232.92,50.76,74.08,9.75,10.12,88.78,37,20.4,42.7,7135,109.0791,109.6815,108.6579,108.7,187.5,213.3167,796
2001,重庆市,1765.68,293.03,727.66,576.58,151.08,729.08,109.48,208.51,64.99,60.47,260.2,16.7,41.6,41.7,5654,109,102.2,111.8,109.1,699.3,697.0277,3097
2001,四川省,4293.491,981.68,1756.86,1407.81,349.05,1683.22,313.78,474.79,168.86,131.55,583.77,22.2,39.7,38.1,5250,108.9759,102.2,112.3,109.8,1680.4,1617.5184,8640
2001,贵州省,1133.27,274.17,419.74,335,84.74,390.99,75.37,89.67,37.24,33.19,164.64,25.2715,38.6893,36.0393,2895.2902,108.7502,101.1403,111.0171,113.6,378,536.014,3799
2001,云南省,2138.31,450.54,881.49,723.98,157.51,742.68,139.01,221.24,86.25,79.57,287.42,21.7,42.5,35.8,4866,106.8164,103.9,104.3,111.7,655.4,738.4472,4287
2001,陕西省,2010.62,287.24,816.34,606.12,210.22,740.69,188.91,202.17,58.16,41.48,356.77,15.6,44.3,40.2,5024,109.8,102.5,109.9,111.2,665.1,773.4348,3659
2001,甘肃省,1125.3728,207.05,481.07,356.51,124.56,384.39,56.55,121.28,42.47,27.44,169.86,19.3052,44.8546,35.8402,4163.3574,109.7646,107.499,110.1482,111,395.4,460.3746,2575
2001,青海省,300.13,42.79,132.18,89.2,42.98,125.98,23.11,26.25,16.1,4.34,53.82,14.2183,43.9209,41.8608,5734.5655,111.7125,105.7617,115.5263,110.7,90.4,196.3462,523
2001,宁夏回族自治区,337.4447,49.57,134.37,102.23,32.14,114.44,22.95,29.18,21.37,7.65,51.11,16.6,45,38.4,5340,110.0857,106.3,111.2,110.3,98.9,191.0833,563
2001,新疆维吾尔自治区,1491.6,288.12,630.37,450,180.37,566.99,118.6,118.45,48.53,19.19,278.92,19.4,42.4,38.2,7913,108.5519,102.8,108.7,112.1,406.3,705.997,1876
2002,北京市,4330.4,98.05,1116.53,874.15,242.38,1998.13,235.56,509.68,561.91,163.12,1220.26,3.05,34.75,62.19,28449,111.5208,105,108.5,113.3,1744.8,1796.14,1423
2002,天津市,2150.76,84,1001.9,909.24,92.66,965.26,230.88,311.2,76.86,97.66,307.01,4.1,48.85,47.06,22380,112.6663,106.1,114.3,111.4,941.4,807.51,1007
2002,河北省,6018.28,957.01,3046,2695.69,350.31,2119.52,554.91,521.81,179.6,115.16,754.27,15.6,49.8,34.6,9115,109.6494,105.4,110.6,110.2,1968.3,2020.38,6735
2002,山西省,2324.8,197.8,1083.79,921.99,161.8,735.95,177.6,226.21,124.1,33.5,308.32,9.8,53.7,36.5,6146,112.8997,113.6,114.4,111.2,755.4,813.36,3294
2002,内蒙古自治区,1940.94,374.69,728.34,573.3,155.04,631.28,188.08,266.54,43.99,22.79,205.18,21.6,42,36.4,7241,113.1753,104.8,116.5,115.3,606,707.91,2379
2002,辽宁省,5458.22,590.2,2609.85,2331.95,277.9,2258.17,425.41,760.26,137.18,130.94,804.38,10.8,47.8,41.4,12986,110.25,108.4,109.8,111.3,2258.4,1605.55,4203
2002,吉林省,2348.54,446.17,978.37,803.53,174.84,821.58,138.92,287.78,75.45,60.02,328.67,19.9,43.5,36.6,8334,109.5,106.3,110.5,110.1,1008.1,834.23,2699
2002,黑龙江省,3637.2,447,2169.15,1916.04,253.11,1266.01,264.89,377.1,31.6,115.89,489.6,11.6,55.6,32.8,10184,110.237,108.1,110.7,110.2,1320,1046.17,3813
2002,上海市,5741.03,88.24,2564.69,2312.77,251.92,2755.83,382.82,660.49,485.25,373.63,1029.17,1.63,47.42,50.95,40646,111.3423,103,112.1,110.9,2035.2,2213.72,1625
2002,江苏省,10606.85,1119.12,5550.98,4826.58,724.4,3961.65,717.76,1246.05,368.86,456.56,1188.16,10.5,52.2,37.3,14391,111.6643,103.5,113.7,111.6,3215.8,3450.12,7381
2002,浙江省,8003.67,694,3982,3580,402,3120,602,983.72,347.53,186.83,1045.95,8.9,51.1,40,16838,112.639,104.5,113.4,113.7,2877.5,3477.47,4647
2002,安徽省,3519.7195,772.55,1552.21,1290.52,261.69,1244.34,219.44,343.87,81.85,142.31,558.85,21.6,43.5,34.9,5817,109.6063,103.9,110.7,113,1228.7,1074.46,6338
2002,福建省,4467.55,664.78,2159.94,1882.55,277.39,1857.29,491,465.91,138.28,142.17,528.46,14.2,46.1,39.7,13497,110.16,102.7,114.2,109.2,1663.3,1253.08,3466
2002,江西省,2450.48,535.98,951.77,693.18,258.59,962.73,243.61,214.19,76.51,125.27,308.15,21.9,38.8,39.3,5829,110.54,104.4,118.5,106.9,832.7,889.04,4222
2002,山东省,10275.4957,1390,5309.54,4629.54,680,3852.52,667.75,1142.54,310.07,429.32,1221.13,13.2,50.3,36.5,11645,111.7293,102.5,114.8,110.9,3181.9,3483.31,9082
2002,河南省,6035.48,1288.36,2951.06,2531.72,419.34,1929.31,491.57,514.03,158.77,185.6,635.49,20.9,47.8,31.3,6436,109.4698,104.5,111.5,109.9,2189.8,1725.93,9613
2002,湖北省,4212.82,707,2446.05,2168.42,277.63,1822.58,306.43,519.46,96.95,124.23,686.51,14.2,49.2,36.6,8319,109.218,102,110.3,111.4,2198.4,1605.06,5988
2002,湖南省,4151.54,847.25,1737.2,1440.8,296.4,1756.49,322.58,416.15,92.43,125.46,773.41,19.5,40,40.5,6565,108.9894,102.6,110.9,110.5,1678.9,1347.96,6629
2002,广东省,13502.4249,1032.8,5935.63,5288.53,647.1,4801.3,1157.75,1761.27,454.65,633.87,2113.66,8.8,50.4,40.8,15030,112.3731,104.4,113.4,112.5,5013.6,3850.78,7859
2002,广西壮族自治区,2523.73,595.68,863.96,699.16,164.8,995.72,225.81,342.28,35.86,69.43,399.95,24.3,35.2,40.5,5099,110.5535,107.3,111.3,112,1025.5,750.33,4822
2002,海南省,621.974,228.95,125.33,83.78,41.55,249.85,54.62,78.65,10.08,11.07,98.82,37.9,20.7,41.4,7803,109.5713,109.1,112.5,108.5,204.4,225.41,803
2002,重庆市,1990.01,315.78,827.55,651,176.55,827.97,123.97,229.1,68.96,70.9,302.12,16.02,41.98,42,6347,110.25,104.1,113.8,109.3,763.1,899.26,3107
2002,四川省,4725.0134,1027.62,1982.44,1551.48,430.96,1865.06,348.78,519.46,183.13,147.02,681.49,21.1,40.7,38.2,5766,110.2509,104.8,114.3,111.5,1850.1,1902.72,8673
2002,贵州省,1243.43,280.83,474.68,370.49,104.19,429.53,84.35,100.61,41.45,37.22,182.34,23.7,40.1,36.2,3153,109.0568,102.2,113.6,109.4,416.2,632.97,3837
2002,云南省,2312.82,470.5,951.48,780.33,171.15,810.34,150.56,239.25,102.38,84.11,322.48,21.1,42.6,36.3,5179,108.9923,103.9,109.4,111.4,711.3,814.61,4333
2002,陕西省,2253.39,303.79,925.78,691.07,234.71,806.39,210.43,228.35,67.3,58.33,387.14,14.9,45.5,39.6,5523,111.0606,104.2,112.2,111,728.2,915.35,3674
2002,甘肃省,1232.0302,214.45,530.36,390.61,139.75,416.62,64.25,129.91,42.08,29.91,194.31,18.4,45.7,35.9,4493,109.8642,105.8,110.8,111.3,433.5,526.21,2593
2002,青海省,340.65,44.9,154.01,100.19,53.82,142.2,27.53,29.29,16.75,5.38,60.7,13.2,45.1,41.7,6426,112.0804,104.5,116.6,110.6,101,232.35,529
2002,宁夏回族自治区,377.1552,52.84,151.16,114.8,36.36,125.28,25.58,32.25,21.45,7.35,60.44,16.1,45.9,38,5804,110.2096,106.1,112.5,109.4,108.8,226.98,572
2002,新疆维吾尔自治区,1612.65,305,672.1,473,199.1,621.18,131.43,123.88,52.18,22.79,316.82,19.1,42.1,38.8,8382,108.1504,105,108.4,110.4,442.9,800.09,1905
2003,北京市,5023.77,95.64,1311.86,1032.03,279.83,2255.6,253.8,567.09,635.56,190.55,1441.15,2.6109,35.8128,61.5763,32061,111,103.3136,111.9155,110.8,1916.7,2169.26,1456.4
2003,天津市,2578.03,89.66,1245.29,1136.24,109.05,1112.71,244.48,358.23,112.79,125.43,344.77,3.6,50.8768,45.4602,26532.0369,114.8,106.1023,118.0328,111.9,922.3,1039.39,1011.3
2003,河北省,6921.29,1064.33,3657.19,3212.96,444.23,2377.04,611.96,557.34,199.87,136.85,888.2,14.9936,51.5202,33.4862,10513.239,111.6,106.1,114.3,110,2177.9,2477.98,6769.44
2003,山西省,2855.23,215.19,1389.33,1192.74,196.59,852.07,203.77,258.15,118.48,37.45,400.58,8.7597,56.5552,34.6851,7435,114.9,106.9,116,115.5,729.3,1100.86,3314.29
2003,内蒙古自治区,2388.38,420.0993,973.9356,721.59,252.3456,756.38,216.76,312.12,48.39,24.92,282.43,19.5357,45.2906,35.1737,8974.6459,117.6,105.9491,127.9033,114.5,726.8,1174.66,2379.61
2003,辽宁省,6002.54,615.8,2898.89,2556.82,342.07,2487.85,495.67,803.21,145.38,188.49,855.1,10.259,48.2944,41.4466,14257.8147,111.5,107.1635,112.2555,111.7,2330.8,2076.36,4210
2003,吉林省,2662.08,486.9,1143.39,929.28,214.11,892.33,152.27,327.67,73.15,66.09,366.71,19.3014,45.3255,35.3731,9338,110.2,105.9,114.3,108.3,1110.3,969.03,2703.7
2003,黑龙江省,4057.4,500.8,2532.45,2248.59,283.86,1396.75,278.32,412.3,32.2,123.24,565.7,11.3047,57.1659,31.5293,11615.1,110.2,102.3516,111.8762,110.1,1376.5,1166.18,3815
2003,上海市,6694.23,90.64,3130.72,2865.85,264.87,3029.45,420.53,731.3,517.97,463.93,1119.29,1.4501,50.085,48.4,46718,112.3,99.7961,116.1085,109,2220.6,2499.14,1711
2003,江苏省,12442.87,1106.35,6787.11,6004.65,782.46,4567.37,821.48,1434.33,392.11,549.5,1397.91,8.8786,54.4676,36.6,16809,113.6,99.8658,117.2,112.4,3566.5,5233,7405.82
2003,浙江省,9705.02,728,4941,4381,560,3726,700.88,1095.92,451.53,238.5,1311.1,7.7488,52.5918,39.6594,20147,114.7,103.6,116.7,114.4,3157.1,4740.27,4679.55
2003,安徽省,3923.1,732.81,1780.6,1445.6,335,1458.97,254.32,380.49,87.45,166.66,681.5,18.5,44.8245,36.7279,6455,109.4,97.8,112.6,114.3,1331.2,1418.69,6410
2003,福建省,4983.67,692.94,2492.73,2147,345.73,2046.5,532.04,520.56,150.09,158.21,584.58,13.3,47.6424,39.1138,14979,111.5,103.2995,116.0246,109.7,1740.4,1496.37,3488
2003,江西省,2807.41,560,1227.38,849.32,378.06,1043.08,261.11,243.06,64.31,138.02,331.58,19.7848,43.3633,36.8,6678,113,102.7,124.3,107.4,923.2,1303.22,4254.23
2003,山东省,12078.15,1480.67,6656.85,5860.63,796.22,4298.41,724.62,1283.7,329.71,490.88,1370.62,11.9064,53.5292,34.5644,13661,113.4,105.55,117.01,111.4,3936.5,5315.14,9125
2003,河南省,6867.7,1239.7,3551.94,3034.14,517.8,2256.95,561.17,643.7,165.11,201.17,797.36,17.5879,50.3922,32.0199,7570.1751,110.7,97.4514,117.0476,110.1,2426.4,2262.97,9667
2003,湖北省,4757.45,798.35,2580.58,2254.5,326.08,2022.78,334.59,569.27,107.31,148.95,765.06,14.7796,47.7734,37.447,9010.7,109.7,105.8,110.2,110.8,2358.7,1809.45,6001.7
2003,湖南省,4659.99,886.47,1794.21,1452.86,341.35,1958.05,359.83,458.07,99.35,137.71,878.6,19.1102,38.6789,42.2109,7554,109.6,103.6,112.4,109.7,1816.3,1590.32,6662.8
2003,广东省,15844.64,1093.5191,7307.08,6532.98,774.1,5225.267,1207.6748,2009.33,534.28,731.5729,2416.28,8.0253,53.6265,38.4,17213.0699,114.8,102.3158,120.0076,111.3,5606,4813.2,7954.22
2003,广西壮族自治区,2821.11,652.28,1007.96,813.81,194.15,1074.89,248.22,375.96,61.59,81.67,405.38,23.8482,36.8524,39.2994,5969,110.2,104.0336,114.622,110,857.7,921.3,4857
2003,海南省,693.2,248.33,151.16,102.52,48.64,271.44,58.19,85.64,10.68,12.45,105.85,37.0128,22.5299,40.4573,8316,110.6,108.9915,119.0469,107.8,191.6,280.02,810.52
2003,重庆市,2272.82,336.36,977.3,768.37,208.93,936.9,136.56,253.49,74.86,87.79,346.43,15,43.4247,41.6296,7209,111.5,104.2,116,109.5,835.5,1161.51,3130
2003,四川省,5333.09,1128.61,2266.06,1771.41,494.65,2061.65,381.25,540.91,206.24,187.36,785.35,20.6845,41.5309,37.7846,6418,111.3,105.5439,116.4921,111.2,2091.1,2336.34,8700.4
2003,贵州省,1426.34,298.37,579.31,457.12,122.19,478.43,93.11,116.05,48.01,38.85,215.1,22.0019,42.7185,35.2796,3603,110.1,104.5528,113.3,110.1,458.8,748.12,3869.66
2003,云南省,2556.02,502.84,1069.29,872.14,197.15,893.16,172.52,244.87,105.47,90.04,383.25,20.3968,43.3738,36.2294,5662,108.8,105.5,110.5,109.1,782.5,1000.12,4375.6
2003,陕西省,2587.72,320.03,1133.56,834.76,298.8,944.99,226.01,256.16,77.87,117.37,428.46,13.3425,47.2596,39.3979,6480,111.8,105.1,114.8,109.8,853.2,1200.68,3689.5
2003,甘肃省,1399.83,236.61,607.62,449.81,157.81,460.37,70.91,140.18,42.31,33.4,234.34,18.1366,46.5752,35.2882,5021.6324,110.7,105.4204,112.2302,112,474.6,619.82,2603.34
2003,青海省,390.2,46.15,184.26,120.77,63.49,159.8,32.58,33.3,17.98,5.94,68.22,11.827,47.2207,40.9523,7277,111.9,103.8046,116.4431,109.9,102.7,255.62,533.8
2003,宁夏回族自治区,445.36,55.5,192,143.31,48.69,137.84,27.84,36.53,24.8,8.66,67.3,14.4029,49.8261,35.771,6691,112.7,102.4,118.8,110.4,120.8,317.99,580.3
2003,新疆维吾尔自治区,1886.35,412.9,796.84,571,225.84,667.87,121.24,141.32,64.92,24.67,340.4,21.9907,42.4391,35.5702,9700,111.2,108.2,112.1,112.3,421.2,973.39,1933.95
2004,北京市,6060.28,102.9,1610.37,1290.16,320.21,2570.04,283.09,305.03,598.57,228.44,1154.91,2.4023,37.5964,60.0013,37058,114.1,101.9114,116.6504,111.6042,2191.814,2528.2,1493
2004,天津市,3110.97,102.29,1560.16,1436.73,123.43,1269.43,285.05,242.07,129.72,146.51,466.08,3.4889,53.2136,43.2975,31550,115.8,105.1375,119.803,111.6892,1052.7006,1245.7,1024
2004,河北省,8477.63,1370.4,4635.23,4086.43,548.8,2763.16,724.34,689.24,231.59,154.38,963.61,15.6282,52.8605,31.5113,12918,112.9,106.7401,114.1879,112.4539,2522.8853,3218.8,6809
2004,山西省,3571.37,253.37,1810.08,1568.47,241.61,978.96,235.77,201.24,80.55,42.28,419.12,8.3279,59.4949,32.1771,9150,115.2,104.4953,116.7631,112.6576,884.7572,1443.9,3335
2004,内蒙古自治区,3041.07,506.07,1332.4728,1015.66,316.8128,873.5345,242.9624,203.3616,30.566,27.7807,368.8639,18.6599,49.1311,32.2091,11305,120.9,111.6746,127.507,113.3987,891.9597,1788,2384
2004,辽宁省,6672,769.8962,3278.8848,2832.9889,445.8959,2823.8711,613.031,896.0006,159.7139,206.1344,948.9912,11.2023,47.7092,41.0885,16297,112.8,107.8804,115.9813,110.6587,2642.8367,2979.6,4217
2004,吉林省,3122.01,560.96,1379.31,1142.08,237.23,1017.94,180.21,368.3,21.52,67.32,380.59,18.9628,46.6265,34.4107,10932,112.2,107.9691,114.791,111.1134,1252.6238,1169.1,2709
2004,黑龙江省,4750.6,587.7563,3155.3325,2814.4166,340.9159,1559.9154,306.2253,479.6963,38.9589,134.6044,600.4304,11.0835,59.5008,29.4157,13897,111.7,112.17,112.8648,109.2602,1555.3926,1430.8,3817
2004,上海市,8072.83,96.71,3788.22,3492.89,295.33,3565.34,489.042,706.65,740.96,644.12,984.568,1.2981,50.8467,47.8552,55307,114.2,95.05,114.8783,112.8843,2454.6127,3050.3,1742
2004,江苏省,15003.6,1315.38,8716.1069,7714.4,1001.7069,5371.6777,945.4331,1404.6981,632.8822,659.4,1729.26,8.5397,56.5865,34.8739,20705,114.8,106,117.0854,113.6854,4159.6969,6557.1,7433
2004,浙江省,11648.7,816,6045,5381.4,663.6,4382,834.95,1335.4,479.93,288.29,1443.43,7.2578,53.7668,38.9754,23942,114.5,103.737,116.1774,113.8698,3645.3817,5781.4,4720
2004,安徽省,4759.32,932.42,2169.82,1735.99,433.83,1710.44,312.22,457.8,140.53,193.35,606.54,19.3742,45.0855,35.5403,7768,113.3,108.5504,113.766,112.9589,1503.0787,1935.3,6461
2004,福建省,5763.35,777.87,2950.33,2532.68,417.65,2324.94,601.42,559.35,292.5,176.7,694.97,12.8507,48.7405,38.4088,17218,111.8,104.5007,115.1917,110.8442,1995.8224,1892.9,3511
2004,江西省,3456.7,711.7,1595.74,1110.74,485,1188.5,300.27,274.17,88.39,174.74,350.93,20.3579,45.6455,33.9966,8189,113.2,108.0001,118.6303,109.6419,1059.9178,1713.2,4284
2004,山东省,15021.84,1778.3,8724.52,7799.31,925.21,4987.91,990.65,1283.28,557.95,563.65,1592.38,11.4798,56.3209,32.1993,16925,115.4,106.8554,119.2361,112.3347,4483.4459,6970.6,9180
2004,河南省,8553.79,1647.48,4515.35,3862.18,653.17,2652.26,678.73,668.02,137.49,217.06,950.96,18.6893,51.223,30.0877,9470,113.7,112.8119,116.1958,110.5847,2808.1727,3099.4,9717
2004,湖北省,5633.24,1020.09,2994.67,2593.88,400.79,2295.16,395.82,622.19,313.6,169.32,794.23,16.1664,47.4597,36.3738,10500,111.2,106.5003,113.8833,109.4887,2667.4849,2264.8,6016
2004,湖南省,5641.94,1155.85,2214.41,1781.14,433.27,2242,425.38,527.61,171.83,154.66,962.52,20.5951,39.4567,39.9483,9117,112.1,107.3994,116.2124,110.2009,2069.8412,2072.6,6698
2004,广东省,18864.62,1245.42,8890.29,8011.15,879.14,5903.75,1351.62,1378.72,461.8,824.66,1886.95,7.7647,55.4276,36.8077,19707,114.8,104.2,118.3574,110.4036,6370.4163,5870,8304
2004,广西壮族自治区,3433.5,811.38,1288.26,1044.83,243.43,1220.46,286.44,376.49,66.43,95.69,395.41,24.4384,38.8018,36.7597,7196,111.8,105.3999,117.0586,110.61,973.4121,1236.5,4889
2004,海南省,798.9,283.84,180.41,119.68,60.73,305.11,66.81,94.16,40.84,14.56,88.74,36.893,23.4494,39.6576,9450,110.7,107.9572,115.7912,109.597,220.1979,317.1,818
2004,重庆市,2692.81,431.32,1181.24,927.51,253.73,1052.83,153.83,227.51,93.45,98.42,479.62,16.1822,44.3177,39.5,9608,112.2,104.6912,116.2143,110.3746,955.0055,1537.1,3122
2004,四川省,6379.63,1394.2583,2689.9955,2165.2243,524.7712,2471.7596,480.47,593.37,262.306,211.0236,924.59,21.2669,41.031,37.7022,8113,112.7,105.9173,117.6551,110.8848,2383.9515,2818.4,8725
2004,贵州省,1677.8,334.11,714.66,574.62,140.04,543.13,99.64,114.9,49.87,41.24,237.48,20.9881,44.8935,34.1183,4215,111.4,105.2998,114.17,112.0446,517.5572,865.2,3904
2004,云南省,3081.91,604.33,1314.19,1053.36,260.83,1040.96,212.56,247.43,94.02,98.19,388.76,20.4201,44.4061,35.1737,6733,111.3,105.6002,114.9646,110.7371,884.8664,1291.5,4415
2004,陕西省,3175.58,394.98,1416.82,1064.81,352.01,1071.71,277.54,168.19,41.76,122.49,461.73,13.6979,49.1353,37.1669,7757,112.9,109.8037,116.783,109.4763,966.4894,1508.9,3705
2004,甘肃省,1688.49,281.4,758.18,576.22,181.96,519.35,84.32,158.92,65.26,38.04,172.81,18.0508,48.6346,33.3145,5970,111.5,106.5005,112.5734,110.9928,535.8426,733.9,2619
2004,青海省,466.1,57.81,227.06,158.64,68.42,180.86,36.65,31.97,17.71,6.38,88.15,12.4128,48.7536,38.8337,8606,112.3,103.8336,116.3562,110.2076,115.5981,289.2,539
2004,宁夏回族自治区,537.16,65.13,239.42,186.3,53.12,155.8,29.9,31.75,17,10.05,67.1,14.2,52.0083,33.8438,7880,111.2,103.8266,114.0751,109.8244,137.7593,376.2,588
2004,新疆维吾尔自治区,2209.09,444.7,1010.07,745,265.07,745.38,138.49,178.05,70.87,26.92,331.05,20.2123,45.9091,33.8786,11199,111.4,105.0997,114.3365,110.3672,482.0745,1147.2,1963
2005,北京市,6969.52,97.99,2026.51,1707.04,319.47,4761.81,404.66,654.09,836.62,455.31,2228.32,1.4,29.5,69.1,45443.6929,112.1,99.2387,110.1294,113.0088,2902.8,2827.2346,1538
2005,天津市,3905.64,112.38,2051.17,1885.04,166.13,1534.07,227.16,436.14,159.24,128.77,512.61,3,55.5,41.5,35783.1885,114.9,104.2615,117.6153,111.6564,1190.1,1495.1431,1043
2005,河北省,10012.11,1503.07,5232.5,4665.21,567.29,3360.54,702,598.56,211.17,291.51,1442.08,14.9,51.8,33.3,14782.2597,113.4,106.2,115.4374,113.2166,2952.9,4139.6947,6851
2005,山西省,4230.53,262.42,2353.16,2117.68,235.48,1563.94,351.19,261.24,122.09,106.48,613.55,6.3,56.3,37.4,12495,113.5,94.6,116.2,111.2,1401.2,1826.5766,3355
2005,内蒙古自治区,3905.03,589.56,1773.21,1477.88,295.33,1532.78,360.19,338.12,67.52,98.32,528.52,15.1,45.5,39.4,16330.8187,123.8,109.1128,134.8793,118.1139,1344.1,2643.6015,2403
2005,辽宁省,8047.26,882.41,3953.28,3489.58,463.7,3173.32,509.37,850.33,212.72,243.99,1178.07,11,49.4,39.6,18983.2013,112.7,107.8582,117.0669,108.1955,2999,4200.4485,4221
2005,吉林省,3620.27,625.61,1580.83,1363.94,216.89,1413.83,208.1,345.02,83.63,112.29,581.4,17.3,43.6,39.1,13348,112.1,109.9,111.6,113.6,1460.8,1741.0949,2716
2005,黑龙江省,5513.7,684.6,2971.68,2696.3,275.38,1855.22,318.39,413.16,33.48,163.47,823.37,12.4,53.9,33.7,14434.0561,111.6,108.7406,112.6313,110.7628,1760.1,1737.2743,3820
2005,上海市,9247.66,80.34,4452.92,4129.52,323.4,4620.92,582.6,840.89,675.12,676.12,1677.88,0.9,48.6,50.5,51474,111.4,91.1,111.5,111.1,2973,3509.6561,1890
2005,江苏省,18598.69,1461.49,10355.03,9334.69,1020.34,6489.14,741.06,1816.46,562.42,731.01,2350.94,8,56.6,35.4,24560,114.5,102.8556,115.9843,114.9119,5699.9,8165.3793,7588
2005,浙江省,13417.68,892.83,7166.15,6349.34,816.81,5378.87,512.94,1258.21,674.77,695.82,2015.86,6.6,53.4,40,27702.6847,112.8,101.4666,112.703,115.2139,4631.7,6520.0741,4991
2005,安徽省,5350.17,966.49,2221.17,1818.45,402.72,2187.46,358.71,397.7,112.86,219.19,999.75,18,41.3,40.7,8675.1448,111,101.7269,117.0839,110.773,1765,2525.1056,6120
2005,福建省,6554.69,841.2,3200.26,2842.43,357.83,2527.47,455.18,584.63,179.14,321.74,878.01,12.8,48.7,38.5,18645.8416,111.6,104.1607,112.9736,112.4871,2345.8,2316.7239,3557
2005,江西省,4056.76,727.37,1917.47,1455.5,461.97,1411.92,300.6,288.52,69.55,171.88,514.26,17.9,47.3,34.8,9440,112.8,106.5006,117.1,110.8,1236.2,2176.5954,4311
2005,山东省,18366.87,1963.51,10628.62,9568.58,1060.04,5924.74,968.64,1387.22,467.59,653.66,2006.37,10.6,57.4,32,20096.4547,115,104.849,117.8826,114.4348,6126.4,9307.2988,9248
2005,河南省,10587.42,1892.01,5514.14,4896.01,618.13,3181.27,625.87,616.25,181.74,298.19,1156.99,17.9,52.1,30,11346.498,114.2,107.4815,117.5562,112.8347,3358.4,4311.6327,9380
2005,湖北省,6590.19,1082.13,2810.01,2436.55,373.46,2628,365.71,575.37,127.32,217.17,1186.98,16.6,43.1,40.3,11431,112.1,104,115.2,111.8,2964.6,2676.5753,5710
2005,湖南省,6596.1,1274.15,2596.71,2189.91,406.8,2640.48,366.72,516.51,123.31,234.93,1271.41,19.6,39.9,40.5,10426,112.2,105.7,112.2,113.5,2459.1,2629.0663,6326
2005,广东省,22557.37,1428.27,11339.93,10482.03,857.9,9598.34,990.53,2222.72,673.65,1456.14,3734.67,6.4,50.7,42.9,24435.0156,114.13,104.9241,115.0324,113.6771,7882.6,6977.9265,9194
2005,广西壮族自治区,3984.1,912.5,1510.68,1264.84,245.84,1652.57,225.2,389.43,90.83,164.26,671.03,22.4,37.1,40.5,8787.729,113.1,107.0941,118.4464,111.4294,1397,1661.1713,4660
2005,海南省,897.99,300.75,220.07,156.16,63.91,373.75,64.34,91.67,12.44,33.61,144.14,33.6,24.6,41.8,10871,110.5,106.0191,116.8722,110.1521,268.6,367.1693,828
2005,重庆市,3467.72,463.4,1259.12,1023.35,235.77,1347.97,218.97,277.68,92.98,143.88,547.9,15.1,41,43.9,10982,111.7,104.5,112.9,112.3,1215.8,1933.1582,2798
2005,四川省,7385.1,1481.14,3067.23,2527.08,540.15,2836.74,380.28,475.16,262.26,286.23,1211.39,20.1,41.5,38.4,9060,112.6,105.3914,118.0413,110.6465,2981.4,3585.1815,8212
2005,贵州省,2005.42,368.94,826.63,714.24,112.39,783.49,115.82,131.5,71.07,79.53,346.41,18.6,41.8,39.6,5051.96,112.7,105.2,112.7,114,606.9,998.2529,3730
2005,云南省,3461.73,669.81,1432.76,1180.83,251.93,1370.32,163.08,271.48,131.66,143.87,586.13,19.3,41.2,39.5,7835,108.9,106.1,108.1,111.4,1034.4,1777.6297,4450
2005,陕西省,3933.72,435.77,1849.28,1553.6,295.68,1390.61,242.12,293.83,97.04,105.53,577.42,11.9,50.3,37.8,9899,113.7,107.7,115.8,110.1,1322.4,1882.1792,3690
2005,甘肃省,1933.98,308.06,838.56,685.8,152.76,787.36,144.7,130.78,44.73,63.78,349.84,15.9,43.4,40.7,7476.5293,111.8,105.8606,113.1523,112.8239,632.8,870.361,2545
2005,青海省,543.32,65.34,264.61,203.94,60.67,213.37,31.88,35.63,20.36,14.1,102.02,12,48.7,39.3,10044.7403,112.2,104.9833,115.9252,110.2223,160.5,329.8142,543
2005,宁夏回族自治区,612.61,72.08,281.23,229.07,52.16,252.79,45.81,38.65,32,22.61,102.39,11.9,46.4,41.7,10239,110.9,103.1742,115.253,108.9032,174.3,443.2509,596
2005,新疆维吾尔自治区,2604.19,509.99,1164.79,961.61,203.18,929.41,149.63,145.1,80.34,55.79,452.85,19.6,44.7,35.7,13108,110.9,106.5,114.4,109.4,637.8,1339.0555,2010
2006,北京市,8117.78,98.04,2191.43,1821.86,369.57,5580.81,458.29,751.91,974.06,559.82,2617.12,1.3,27.8,70.9,50467,113,100.6,110.5,114.1,3275.2169,3296.3757,1581
2006,天津市,4462.74,118.23,2488.29,2292.73,195.56,1752.63,252.86,468.12,186.87,160.72,604.65,2.7,57.1,40.2,41163,114.7,103.3,117.7,111.1,1356.7865,1820.516,1075
2006,河北省,11467.6,1606.48,6115.01,5490.54,624.47,3938.94,971.5,661.21,279.72,354.6,1549.95,13.8,52.4,33.8,16962,113.4,105,115.1,114.3,3397.423,5470.2356,6898
2006,山西省,4878.61,276.77,2748.33,2485.06,263.27,1727.44,383.38,295.61,138.26,118.06,679.18,5.8,57.8,36.4,14123,112.8,105.1,115.4,107.6,1613.44,2255.7351,3375
2006,内蒙古自治区,4944.25,649.62,2327.44,1978.19,349.24,1814.42,426.16,390.9,87.81,122.32,617.2,13.6,48.6,37.8,20053,119.1,105.6,125.7,115.8,1595.2651,3363.2077,2397
2006,辽宁省,9304.52,976.37,4729.5,4175.33,554.17,3545.28,565.67,952.66,250.13,294.7,1279.13,10.6,51.1,38.3,21788,114.2,106.9,118.6,110,3434.6478,5689.6384,4271
2006,吉林省,4275.12,672.76,1915.29,1659.29,256,1687.07,236.82,402.37,100.75,131.01,718.73,15.7,44.8,39.5,15720,115,104.2,117,117.4,1675.8413,2594.3415,2723
2006,黑龙江省,6211.8,737.59,3365.31,3049.04,316.27,2086,325.08,460.9,67.74,195.24,921.04,11.9,54.4,33.7,16195,112.1,108.5,112.9,112.4,1997.7081,2235.9968,3823
2006,上海市,10572.24,93.8,5028.37,4670.11,358.26,5244.2,669.01,929.16,825.2,688.1,1938.65,0.9,48.5,50.6,57695,112.7,100.8,112.3,112,3360.4142,3900.0368,1815
2006,江苏省,21742.05,1545.01,12250.84,11110.24,1140.6,7849.23,928.41,2028.8,723.79,914.78,2891.31,7.1,56.6,36.3,28814,114.9,105,116,115.5,6623.1803,10069.223,7550
2006,浙江省,15718.47,925.1,8509.57,7590.57,919,6307.85,630.94,1435.97,846.63,807.52,2332.9,5.9,54,40.1,31874,113.9,103.2,114.3,115.2,5325.3462,7590.2212,4980
2006,安徽省,6112.5,1028.66,2648.13,2190.18,457.95,2471.94,409.64,449.63,130.25,247.76,1122.5,16.7,43.1,40.2,10055,112.5,106.4,117.3,110.9,2029.4001,3533.5609,6110
2006,福建省,7583.85,896.17,3743.71,3311.59,432.12,2974.67,537.11,667.79,229.65,415.1,997.32,11.8,49.1,39.1,21471,114.8,102.5,117,116,2704.2307,2981.8231,3558
2006,江西省,4820.53,786.14,2320.74,1806.15,514.59,1563.65,306.14,326.58,76.13,171.06,607.31,16.8,49.7,33.5,10798,112.3,106.5,116.3,109.9,1428.0151,2683.5744,4339
2006,山东省,21900.19,2138.9,12751.2,11555.99,1195.21,7187.26,1212.33,1611.66,576.69,779.7,2476.51,9.7,57.7,32.6,23794,114.7,105.2,116.7,114.5,7122.5463,11111.422,9309
2006,河南省,12362.79,2049.92,6724.61,6031.21,693.4,3721.44,739.29,682.4,219.72,348.7,1353.39,16.4,53.8,29.8,13313,114.4,107.3,117.7,112.9,3880.4699,5904.7144,9392
2006,湖北省,7617.47,1140.41,3365.08,2929.19,435.89,3075.83,425.37,649.37,174.99,264.73,1381.86,15,44.4,40.6,13296,113.2,105.1,115.9,113.7,3411.997,3343.4672,5693
2006,湖南省,7688.67,1332.23,3151.7,2694.11,457.59,3084.96,426.09,558.88,184.7,268.52,1495.38,17.6,41.6,40.8,11950,112.8,104.8,116.5,111.7,2834.2204,3175.5246,6342
2006,广东省,26587.76,1577.12,13431.82,12500.22,931.6,11195.53,1113.77,2542.45,932.39,1784.68,4208.55,6,51.3,42.7,28332,114.8,104.2,116.9,113.4,9118.082,7973.3691,9304
2006,广西壮族自治区,4746.16,1032.47,1878.56,1592.33,286.23,1917.47,261.14,439.39,110.2,192.2,785.37,21.4,38.9,39.7,10296,113.6,106.5,119.3,112.2,1600.8382,2198.7176,4719
2006,海南省,1044.91,344.48,287.86,217.55,70.31,420.51,73.81,104.1,13.76,34.41,163.76,32.7,27.4,39.9,12654,113.2,109.1,119.8,111,308.2961,423.8914,836
2006,重庆市,3907.23,425.81,1500.97,1234.12,266.85,1564.79,259.59,314.33,106.56,158.2,648.87,12.2,43,44.8,12457,112.4,94.5,116.9,114,1403.5809,2407.3568,2808
2006,四川省,8690.24,1595.48,3775.19,3144.72,630.47,3267.14,451.19,541.68,299.49,336.18,1379.42,18.5,43.7,37.8,10546,113.5,102.6,120,111.8,3421.6483,4412.8753,8169
2006,贵州省,2338.98,393.17,980.78,855.56,125.22,908.05,134.63,148.1,83.21,87,409.58,17.2,43,39.8,5787,112.8,104.6,114.2,112.3,689.7682,1197.4272,3757.18
2006,云南省,3988.14,749.81,1712.6,1408.76,303.84,1544.31,175.98,306.2,144.03,168.64,668.59,18.7,42.8,38.5,8970,111.6,106.8,117,109.2,1188.8789,2208.6025,4483
2006,陕西省,4743.61,488.48,2440.5,2094.02,346.48,1594.76,281.54,337.6,114.67,117.34,656.5,10.8,53.9,35.3,12138,113.9,107.4,114.3,112.4,1522.0028,2480.6855,3735
2006,甘肃省,2276.7,333.35,1043.19,868.13,175.06,900.16,169.58,145.89,50.51,73.21,401.41,14.7,45.8,39.5,8757,111.5,105.2,114.2,111.1,717.4744,1022.5882,2606
2006,青海省,648.5,69.64,331.16,265.12,66.04,240.78,35.27,38.9,22.67,15.86,116.95,10.9,51.6,37.5,11762,113.3,103.5,115.8,110.5,180.1065,408.5366,548
2006,宁夏回族自治区,725.9,79.54,349.83,289.33,60.5,281.39,50.46,39.69,35.93,24.7,117.57,11.2,49.2,39.6,11847,112.7,106.2,117.7,109.1,198.9647,498.7452,604
2006,新疆维吾尔自治区,3045.26,527.8,1459.3,1241.33,217.97,1058.16,165.6,163.15,99.25,68.9,509.49,17.3,48,34.7,15000,111,105.7,111.2,113.6,727.5884,1567.0521,2050
2007,北京市,9846.81,101.26,2509.4,2082.76,426.64,6742.66,502.61,879.42,1286.28,644.24,3183.1,1.1,26.8,72.1,58204,114.5,102.2,112.7,113.7854,3800.2,3907.1967,1633
2007,天津市,5252.76,110.19,2892.53,2661.87,230.66,2047.68,294.06,498.61,288.17,189.42,684.81,2.2,57.3,40.5,46122,115.5,101.4,116.5,114.2892,1603.7,2353.1494,1115
2007,河北省,13607.32,1804.72,7241.8,6555.24,686.56,4662.98,1161.63,714.84,353.22,409.64,1891.1,13.2,52.8,34,19877,112.8,104,114.1,114.1,3986.2,6884.6817,6943
2007,山西省,6024.45,269.68,3438.58,3141.89,296.68,2025.09,437.62,348.61,160.31,135.89,806.16,4.7,60,35.3,16945,115.9,99.8,117.1,111.9,1914.1,2861.4572,3393
2007,内蒙古自治区,6423.18,762.1,3154.56,2742.67,411.89,2174.46,510.42,458.42,137.81,148.04,715.67,12.5,51.8,35.7,25393,119.2,103.9,125.8,115.6606,1904.1,4372.8799,2405
2007,辽宁省,11164.3,1133.4,5853.1,5199.89,653.21,4036.99,642.83,1062.34,298.73,360.81,1448.22,10.3,53.1,36.6,25729,115,104,119.7,110.3,4030.1,7435.2262,4298
2007,吉林省,5284.69,783.8,2475.45,2170.74,304.71,2025.44,275.76,485.96,126.03,153.03,867.31,14.8,46.8,38.3,19383,116.1,101.2,121.2,116.4,1999.2,3651.364,2730
2007,黑龙江省,7104,915.38,3695.58,3326.9,368.68,2454.04,364.63,530.02,135.7,226.6,1066.19,13,52.3,34.7,18478,112,104.1,112,114.7782,2331.1,2833.4993,3824
2007,上海市,12494.01,101.84,5678.51,5298.08,380.43,6408.5,723.13,1077.76,1209.08,806.79,2372.38,0.8,46.6,52.6,66367,115.2,102,111.5,117.0731,3847.8,4420.3747,1858
2007,江苏省,26018.48,1816.24,14306.4,13016.84,1289.56,9618.52,1039.46,2432.88,1202.1,1132.32,3401.13,7.1,55.6,37.4,33928,114.9,103.1,115.5,116.1859,7838.1,12268.0635,7625
2007,浙江省,18753.73,986.02,10148.45,9095.65,1052.8,7645.96,739.44,1711.2,1122.86,1004.62,2761.89,5.3,54,40.7,37411,114.7,102.3,115.5,115.4483,6214,8420.4275,5060
2007,安徽省,7360.92,1200.18,3289.12,2752.08,537.04,2874.88,483.04,525.71,154.73,294.99,1283.8,16.3,44.7,39,12045,114.2,103.6,119.5,112.2454,2403.7,5087.53,6118
2007,福建省,9248.53,1002.11,4549.42,4018.42,531,3697.6,650.25,809.15,364.32,481.33,1253.65,10.8,49.2,40,25908,115.2,103.9,118.8,113.9707,3187.9,4287.7524,3581
2007,江西省,5800.25,905.77,2840.92,2277.69,563.23,1753.56,337.6,362.72,85.72,189.35,691.25,16.5,51.7,31.9,12633,113.2,104.1,117.3,111.1293,1683.1,3301.9427,4368
2007,山东省,25776.91,2509.14,14776.53,13412.72,1363.81,8680.24,1399.94,1958.24,841.86,935.55,2934.96,9.7,56.9,33.4,27807,114.2,104,115.8,114.7028,8438.8,12537.7014,9367
2007,河南省,15012.46,2217.66,8282.83,7508.33,774.5,4511.97,866.73,765.76,302.31,447.44,1636.33,14.8,55.2,30.1,16012,114.6,103.8,118.1,114.1,4597.5,8010.1136,9360
2007,湖北省,9333.4,1378,3966.68,3451.62,515.06,3886,479.92,749.81,337.27,379.65,1718.28,14.9,43,42.1,16206,114.6,104.7,115.1,117.7,4028.5,4330.3573,5699
2007,湖南省,9439.6,1626.52,3916.44,3375.87,540.57,3657.04,477.27,650.94,211.74,332.62,1800.45,17.7,42.6,39.8,14492,115,104,118.1,115,3356.5,4154.7577,6355
2007,广东省,31777.01,1695.57,15939.1,14910.03,1029.07,13449.73,1254.58,2805.16,1798.22,2141.47,4734.11,5.5,51.3,43.3,33151,114.9,103.2,117,113.3846,10598.1,9294.2635,9449
2007,广西壮族自治区,5823.41,1241.35,2425.29,2090.1,335.19,2289,311.22,510.21,150.35,239.45,915.43,20.8,40.7,38.4,12555,115.1,105.5,120.7,114.632,1897.9,2939.6701,4768
2007,海南省,1254.17,361.07,364.26,278.37,85.89,497.95,86.36,121.1,22.44,45.78,186.63,29.5,29.8,40.7,14555,115.8,108,125.8,113,362,502.3744,845
2007,重庆市,4676.13,482.39,1892.1,1572.26,319.84,1748.02,265.74,366.19,122.54,196.06,705.64,11.7,45.9,42.4,14660,115.9,109.5,120.6,112.4,1661.2,3127.7376,2816
2007,四川省,10562.39,2032,4641.3,3913.92,727.38,3832,511.5,624.74,359.11,396.84,1630.06,19.3,44.2,36.5,12893,114.5,103.5,119.2,113.5,4015.6,5639.7996,8127
2007,贵州省,2884.11,446.38,1148.27,1007.75,140.52,1147.25,164.38,174.26,109.73,105.22,529.47,16.3,41.9,41.8,6915,114.8,103.3,114,118,821.8,1488.8043,3762
2007,云南省,4772.52,837.35,2051.08,1711.78,339.3,1852.88,196.06,354.32,169.27,192.12,843.64,17.7,43.3,39.1,10540,112.2,105.5,115.2,112.6,1394.6,2759.0333,4514
2007,陕西省,5757.29,592.63,2964.56,2544.42,420.14,1908.6,311.86,392.84,175.5,138.95,782.81,10.8,54.2,34.9,14607,115.8,105,117.2,113.8,1800.9,3415.0239,3748
2007,甘肃省,2702.4,385.97,1279.32,1063.84,215.48,1037.11,181.24,166.85,61.6,83.52,475.69,14.3,47.3,38.4,10346,112.3,104,116.8,110.5241,833.3,1304.157,2617
2007,青海省,797.35,83.41,417.78,344.52,73.26,282.42,40.9,44.75,25.91,17.96,140.55,10.6,53.3,36,14257,113.5,104.4,114.9,111.6971,208.3,482.843,552
2007,宁夏回族自治区,919.11,97.89,451.82,380.22,71.6,339.49,55.56,48.11,47.81,28.07,143.83,11,50.8,38.2,14649,112.7,106.5,116.1,110.4045,233.3,599.7984,610
2007,新疆维吾尔自治区,3523.16,628.72,1647.55,1405.11,242.44,1246.89,177.28,187.1,149.22,91.28,584.32,17.8,46.8,35.4,16999,112.2,107.1,112.7,114.3,847.7,1850.8415,2095
2008,北京市,11115,112.81,2693.15,2198.49,494.66,7682.07,505.74,1060.92,1493.58,610.84,3733.47,1.1,25.7,73.2,63029,109.1,101.1,102.4,111.7,4645.5,3814.7291,1695
2008,天津市,6719.01,122.58,3821.07,3533.86,287.21,2410.73,320.63,604.64,360.55,202.38,816.44,1.9,60.1,37.9,55473,116.5,103.1,118.2,114.7,2078.7,3389.7939,1176
2008,河北省,16011.97,2034.6,8777.42,7967.62,809.8,5376.59,1281.27,844.94,419.01,435.87,2247.68,12.6,54.2,33.2,23239,110.1,104.9,110.5,111.1,4991.1,8866.5605,6988.82
2008,山西省,7315.4,302.48,4265.77,3919.8,345.97,2370.48,476.52,421.82,189.76,168.99,942.32,4.4,61.5,34.2,20398,108.5,102.5,107.4,110.6,2421.1,3531.1563,3410.61
2008,内蒙古自治区,8496.2,906.98,4271.03,3798.6,472.43,2583.79,640.5,548.42,166.85,167.58,824.89,11.7,55,33.3,32214,117.8,107.5,120.5,115.5,2463,5475.4076,2413.73
2008,辽宁省,13668.58,1302,7512.11,6735.74,776.37,4647.46,715.17,1239.86,345.62,416.21,1666.57,9.7,55.8,34.5,31259,113.4,106.3,115.5,111.2,5032.4,10019.0695,4314.7
2008,吉林省,6426.1,916.7,3064.63,2686.98,377.65,2442.73,318.84,591.41,147.2,181.35,1061.64,14.3,47.7,38,23514,116,109.5,117.2,116.7,2549.2,5038.9232,2734
2008,黑龙江省,8314.37,1089.1,4365.9,3927.58,438.32,2855,386.79,632.59,155.28,249.86,1277.66,13.1,52.5,34.4,21727,111.8,108.2,112.1,112.4,2928.3,3655.965,3825.39
2008,上海市,14069.86,111.8,6235.92,5784.99,450.93,7350.43,769.64,1266.37,1442.6,747,2877.93,0.8,45.5,53.7,73124,109.7,100.7,108.2,111.3,4577.2,4823.1478,1888.46
2008,江苏省,30981.98,2100,16663.81,15068.98,1594.83,11548.8,1218.81,3026.27,1483.23,1220.98,4054.47,6.9,55,38.1,39622,112.7,104,112.9,112.7,9905.1,15300.5502,7677.3
2008,浙江省,21462.69,1095.43,11580.33,10359.77,1220.56,8811.17,827.71,2027.59,1405.2,1082.98,3104.88,5.1,53.9,41,42214,110.1,103.9,109.4,111.8,7533.3,9323.002,5120
2008,安徽省,8851.66,1418.08,4137.35,3487.53,649.82,3318.74,547.41,634.14,183.18,342.72,1448.71,16,46.6,37.4,14485,112.7,106.2,116.4,111,3045.2,6746.9586,6135
2008,福建省,10823.01,1157.75,5415.77,4755.45,660.32,4249.59,735.44,950.65,468.86,466.75,1470.58,10.7,50,39.3,30123,113,104.8,115.2,112.1,3866.7,5207.6821,3604
2008,江西省,6971.05,1060.38,3414.88,2766.93,647.95,2005.07,384.35,438.59,98.06,190.65,788.85,16.4,52.7,30.9,14781,113.2,104.8,116.6,110.1,2142,4745.4333,4400
2008,山东省,30933.28,3002.65,17702.17,16102.19,1599.98,10367.23,1873.58,2363.93,1020.38,1043.92,3363.39,9.7,57,33.4,33083,112,105.1,112.1,114,10658.8,15435.9284,9417.23
2008,河南省,18018.53,2658.8,10477.92,9546.08,931.84,5271.06,1043.87,902.3,345.36,484.11,1884.33,14.4,56.9,28.6,19593,112.1,105.5,114.9,110.2,5815.4,10490.6446,9429
2008,湖北省,11328.89,1780,4963.61,4330.2,633.41,4586.77,584.19,899.58,393.05,421.33,2017.14,15.7,43.8,40.5,19860,113.4,106,116.6,112.4,5109.7,5647.0131,5711
2008,湖南省,11555,2007.4,4933.08,4280.16,652.92,4216.16,523.13,766.44,245.67,387.08,2078.15,18,44.2,37.8,17521,113.9,105.3,114.9,113.3,4222.6,5534.0361,6380
2008,广东省,36796.71,1970.23,18402.64,17254.04,1148.6,15323.59,1387.51,3306.97,2117.35,2209.78,5456.42,5.5,51.6,42.9,37589,110.4,103.7,111.4,109.1,12986.6,10868.6726,9544
2008,广西壮族自治区,7021,1453.9,3037.74,2627.39,410.35,2679.94,359.46,614.8,181.32,280.6,1055.17,20.3,42.4,37.4,14966,112.8,105.1,117.4,111.7,2395.8,3756.4125,4816
2008,海南省,1503.06,437.61,434.4,321.18,113.22,587.22,96.53,147.23,26.74,57.31,217.4,30,29.8,40.2,17175,110.3,107.7,107,113.3,463.2,705.4233,854
2008,重庆市,5793.66,575.4,2433.27,2036.4,396.87,2087.99,309.59,449.32,201.3,191.21,824.94,11.3,47.7,41,18025,114.5,106.8,118,112.4,2147.1,3979.5921,2839
2008,四川省,12601.23,2366.15,5790.1,4922.84,867.26,4350,567.51,736.41,459.29,388.42,1838.17,18.9,46.3,34.8,15378,111,103,112.9,108.3,4944.8,7127.813,8138
2008,贵州省,3561.56,547.85,1408.71,1242.56,166.15,1376.84,180.45,208.75,131.2,123.23,650.22,16.4,42.3,41.3,8824,111.3,106.5,108.9,112.9,1075.2,1864.4524,3792.73
2008,云南省,5692.12,1020.94,2451.09,2056.95,394.14,2228.07,222.06,438.06,217.79,219.27,1012.01,17.9,43,39.1,12587,110.6,107.6,111.4,112.1,1764.7,3435.9252,4543
2008,陕西省,7314.58,753.72,3842.08,3293.95,548.13,2255.52,352.57,483.13,208.84,159.81,923.55,11,56.1,32.9,18246,116.4,107.6,118.8,113,2317.1,4614.4216,3762
2008,甘肃省,3166.82,463,1471.43,1221.66,249.77,1241.68,211.11,196.93,72.49,93.8,590.14,14.6,46.3,39.1,12110,110.1,107.2,108.4,113.2,1023.6,1712.7757,2628.12
2008,青海省,1018.62,105.58,529.4,442.85,86.55,326.55,40.72,53.28,30.47,21.48,166.73,11,55.1,34,17389,113.5,103.9,116.5,110,259.7,583.2406,554.3
2008,宁夏回族自治区,1203.92,120,581.24,490.14,91.1,397.27,63.83,56.32,57.25,32.57,168.24,10.9,52.9,36.2,17892,112.6,107.2,114.3,111,295.4,828.8537,617.69
2008,新疆维吾尔自治区,4183.21,691.1,2086.74,1790.7,296.04,1425.57,191.69,224.31,167.26,94.49,684.58,16.4,49.6,33.9,19893,111,106.4,113.9,109.7,1041.5,2259.9746,2130.8
2009,北京市,12153.03,118.29,2855.55,2303.08,552.47,9179.19,556.64,1525.03,1603.63,1062.47,4168.91,1,23.5,75.5,70452,110.2,104.6,110.4,110.2,5309.9,4616.9211,1755
2009,天津市,7521.85,128.85,3987.84,3622.11,365.73,3405.16,471.01,836.84,461.2,308.73,1195.54,1.7,53,45.3,62574,116.5,103.4,118,115.2,2430.8,4738.2019,1228.16
2009,河北省,17235.48,2207.34,8959.83,7983.86,975.97,6068.31,1491.92,1157.8,525.67,612.4,2033.38,12.8,52,35.2,24581,110,103.3,110.5,111.4,5764.9,12269.7999,7034.4
2009,山西省,7358.31,477.59,3993.8,3518.88,474.92,2886.92,523.38,557.86,361.64,173.31,1067.15,6.5,54.3,39.2,21522,105.4,104.2,101.9,110.5,2809,4943.1618,3427.36
2009,内蒙古自治区,9740.25,929.6,5114,4503.33,610.67,3696.65,773.29,915.89,291.1,286.65,1134.99,9.5,52.5,38,40282,116.9,102.3,121.1,115,2855.3,7336.7901,2422.07
2009,辽宁省,15212.49,1414.9,7906.34,6925.63,980.71,5891.25,790.56,1410.33,560.2,605.27,2206.09,9.3,52,38.7,35239,113.1,103.1,115.6,112.1,5812.6,12292.4933,4319
2009,吉林省,7278.75,980.57,3541.92,3054.6,487.32,2756.26,341.76,673.12,180.83,200.14,1202.68,13.5,48.7,37.9,26595,113.6,102.8,117.1,113,2957.3,6411.5984,2739.55
2009,黑龙江省,8587,1154.33,4060.72,3549.73,510.99,3371.95,433.55,757.36,227.54,301.18,1441.32,13.4,47.3,39.3,22447,111.4,105.2,113.1,110.7,3401.8,5028.8297,3826
2009,上海市,15046.45,113.82,6001.78,5408.75,593.03,8930.85,635.01,2183.85,1804.28,1237.56,2831.79,0.8,39.9,59.4,78989,108.2,98.9,103.5,112.2,5173.2,5043.7528,1921
2009,江苏省,34457.3,2261.86,18566.37,16464.94,2101.43,13629.07,1423.25,3579.81,1596.98,2025.39,4325.28,6.6,53.9,39.6,44744,112.4,104.5,112.5,113.6,11484.1,18949.8746,7725
2009,浙江省,22990.35,1163.08,11908.49,10518.21,1390.28,9918.78,888.02,2119.39,1899.33,1316.83,3278.36,5.1,51.8,43.1,44641,108.9,102.4,106.8,112.5,8622.3,10742.321,5180
2009,安徽省,10062.82,1495.45,4905.22,4064.72,840.5,3662.15,467.92,733.19,359.6,497.94,1446.36,14.9,48.7,36.4,16408,112.9,105,116.8,111,3527.8,8990.727,6131
2009,福建省,12236.53,1182.74,6005.3,5106.38,898.92,5048.49,751.42,1043.42,612.2,656.61,1748.86,9.7,49.1,41.3,33840,112.3,104.7,113.7,112.3,4481,6231.2039,3627
2009,江西省,7655.18,1098.66,3919.45,3196.56,722.89,2637.07,394.9,553.89,165.1,305.9,1049.69,14.4,51.2,34.4,17335,113.1,104.5,117.1,110.7,2484.4,6643.1422,4432.1581
2009,山东省,33896.65,3226.64,18901.83,16896.14,2005.69,11768.18,1742.33,3106.24,1044.9,1329.59,3950.63,9.5,55.8,34.7,35894,112.2,104.15,113.9,111.2,12363,19034.5274,9470.3
2009,河南省,19480.46,2769.05,11010.5,9900.27,1110.23,5700.91,823.57,1057.81,499.92,622.98,2170.12,14.2,56.5,29.3,20597,110.9,104.2,112.4,111.1,6746.4,13704.5039,9487
2009,湖北省,12961.1,1795.9,6038.08,5183.68,854.4,5127.12,642.72,979.14,479.11,546.11,2142.23,13.9,46.6,39.6,22677,113.5,105.2,116.8,112.3,5928.4,7866.8891,5720
2009,湖南省,13059.69,1969.69,5687.19,4819.4,867.79,5402.81,704.83,1221.2,402.57,400.11,2369.17,15.1,43.5,41.4,20428,113.7,105,118.9,111.3,4913.7,7703.3812,6406
2009,广东省,39482.56,2010.27,19419.7,18091.56,1328.14,18052.59,1595.34,3907.43,2283.29,2470.63,6850.14,5.1,49.2,45.7,41166,109.7,104.9,109.2,110.8,14891.8,12933.1217,9638
2009,广西壮族自治区,7759.16,1458.49,3381.54,2863.84,517.7,2919.13,378.75,551.14,336.82,348.98,1095.45,18.8,43.6,37.6,16045,113.9,105.2,117.7,113.8,2790.7,5237.2398,4856
2009,海南省,1654.21,462.19,443.43,300.63,142.8,748.59,88.68,168.75,65.73,121.76,243.45,27.9,26.8,45.3,19254,111.7,107.2,112.6,114.1,537.5,988.3153,864.07
2009,重庆市,6530.01,606.8,3448.77,2917.4,531.37,2474.44,347.98,524.36,389.97,229.09,850.16,9.3,52.8,37.9,22920,114.9,105.5,117.9,113.5,2479,5214.2803,2859
2009,四川省,14151.28,2240.61,6711.87,5678.24,1033.63,5198.8,520.71,868.98,524.63,548.14,2330.89,15.8,47.4,36.7,17339,114.5,104,119.5,112.4,5758.7,11371.8725,8185
2009,贵州省,3912.68,550.27,1476.62,1252.67,223.95,1885.79,399.77,293.53,194.44,136.15,708.49,14.1,37.7,48.2,10309,111.4,104.3,112.1,113.1,1247.3,2412.0161,3798
2009,云南省,6169.75,1067.6,2582.53,2088.17,494.36,2519.62,179.45,571.03,351.74,205.14,1050.16,17.3,41.9,40.8,13539,112.1,105.2,113.6,113.1,2051.1,4526.3729,4571
2009,陕西省,8169.8,789.64,4236.42,3501.25,735.17,3143.74,423.24,707.39,336.21,239.92,1261.97,9.7,51.9,38.5,21688,113.6,104.9,113.8,115.3,2699.7,6246.9044,3772
2009,甘肃省,3387.56,497.05,1527.24,1203.7,323.54,1363.27,213.64,231.21,88.27,101.37,640.26,14.7,45.1,40.2,12872,110.3,105.1,111,111.2,1183,2363.0018,2635.46
2009,青海省,1081.27,107.4,575.33,470.33,105,398.54,49.32,66.13,45.63,23.05,199.87,9.9,53.2,36.9,19454,110.1,105,111.3,109.8,300.5,798.23,557.3
2009,宁夏回族自治区,1353.31,127.25,662.32,520.38,141.94,563.74,114.77,74.52,75.54,47.56,225.76,9.4,48.9,41.7,21777,111.9,107.3,114.4,110,339.3,1075.9058,625.2
2009,新疆维吾尔自治区,4277.05,759.74,1929.59,1555.84,373.75,1587.72,209.095,253.6,198.87,115.23,748.67,17.8,45.1,37.1,19942,108.1,104.5,108.5,109.2,1177.5,2725.4512,2158.63
2010,北京市,14113.58,124.36,3388.38,2763.99,624.39,10600.84,712.01,1888.51,1863.61,1006.52,4812.85,0.9,24,75.1,73856,110.3,98.4,113.7,109.3,6229.2989,5402.952,1961.9
2010,天津市,9224.46,145.58,4840.23,4410.85,429.38,4238.65,585.37,1090.68,572.99,377.59,1454.36,1.6,52.5,46,72994,117.4,103.3,120.2,114.2,2860.2,6278.0917,1299.29
2010,河北省,20394.26,2562.81,10707.68,9554.03,1153.65,7123.77,1745.91,1529.26,615.42,697.79,2270.37,12.6,52.5,34.9,28668,112.2,103.5,113.4,113.1,6821.7916,15083.3532,7193.6
2010,山西省,9200.86,554.48,5234,4657.97,576.03,3412.38,654.08,695.51,448.3,192,1190.87,6,56.9,37.1,26283,113.9,106.1,118.3,109.4,3318.1548,6063.1711,3574.1145
2010,内蒙古自治区,11672,1095.28,6367.69,5618.4,749.29,4209.02,875.61,1051.96,346.44,309.25,1293.52,9.4,54.6,36.1,47347,115,106.1,118.2,112.4,3384.004,8926.4611,2472.1786
2010,辽宁省,18457.27,1631.08,9976.82,8789.27,1187.55,6849.37,926.81,1651.66,639.27,733.37,2528.65,8.8,54.1,37.1,42355,114.2,105.8,116.8,112.5,6887.6434,16043.0255,4374.9
2010,吉林省,8667.58,1050.15,4506.31,3929.31,577,3111.12,373.93,753.37,190.12,212.32,1401.37,12.1,52,35.9,31599,113.8,103.7,118.8,110.7,3504.9161,7870.3844,2746.6021
2010,黑龙江省,10368.6,1302.9,5204.11,4608.27,595.84,3861.59,469.31,880.83,288.19,370.79,1612.34,12.6,50.2,37.2,27076,112.7,106.2,114.5,111.8,4039.2185,6812.5591,3833.4024
2010,上海市,17165.98,114.15,7218.32,6536.21,682.11,9833.51,834.4,2594.34,1950.96,1002.5,3184.86,0.7,42.1,57.3,76074,110.3,93.4,116.8,105.7,6070.491,5108.8956,2302.6608
2010,江苏省,41425.48,2540.1,21753.93,19277.65,2476.28,17131.45,1768.3,4447.5,2105.92,2600.95,5497.8,6.1,52.5,41.4,52840,112.7,104.9,113.1,113.3,13606.8431,23184.2827,7869.34
2010,浙江省,27722.31,1360.56,14297.93,12657.78,1640.15,12063.82,1076.67,2646.14,2326.58,1618.17,3872.59,4.9,51.6,43.5,51711,111.9,103.2,112.4,112.3,10245.4076,12376.036,5446.51
2010,安徽省,12359.33,1729.02,6436.62,5407.4,1029.22,4193.68,527.02,887.66,396.17,532.17,1656.88,14,52.1,33.9,20888,114.6,104.6,120.7,110.1,4197.6958,11542.938,5956.7096
2010,福建省,14737.12,1363.67,7522.83,6397.71,1125.12,5850.62,871.16,1310.94,767.58,679.03,1955.44,9.3,51,39.7,40025,113.9,103.3,118.1,110.6,5310.027,8199.1248,3693
2010,江西省,9451.26,1206.98,5122.88,4286.76,836.12,3121.4,446.22,666.89,241.49,340.56,1225.53,12.8,54.2,33,21253,114,104,118.2,111.2,2956.2473,8772.2717,4462.2489
2010,山东省,39169.92,3588.28,21238.49,18861.45,2377.04,14343.14,1971,4257.4,1361.45,1622.15,4460.17,9.2,54.2,36.6,41106,112.3,103.6,112.8,113.5,14620.3436,23280.5154,9587.8641
2010,河南省,23092.36,3258.09,13226.38,11950.88,1275.5,6607.89,873.3,1293.5,697.68,773.23,2364.95,14.1,57.3,28.6,24446,112.5,104.5,114.8,111.4,8004.2238,16585.8591,9405.4697
2010,湖北省,15967.61,2147,7767.24,6726.53,1040.71,6053.37,753.61,1291.68,561.27,564.41,2497.29,13.4,48.6,37.9,27906,114.8,104.6,120.2,111.3,7013.8517,10262.697,5727.9143
2010,湖南省,16037.96,2325.5,7343.19,6305.11,1038.08,6369.27,832.28,1434.68,463.16,464.21,2820.03,14.5,45.8,39.7,24719,114.6,104.3,120.2,111.7,5839.4998,9663.5841,6570.1
2010,广东省,46013.06,2286.98,23014.53,21462.72,1551.81,20711.55,1825.29,4647.76,2658.76,2813.95,7690.94,5,50,45,44736,112.4,104.5,114.7,110.6,17458.444,15623.6976,10440.9641
2010,广西壮族自治区,9569.85,1675.06,4511.68,3860.46,651.22,3383.11,480.17,656.83,384.53,405.79,1214.46,17.5,47.1,35.4,20219,114.2,104.6,120.5,111.1,3311.9968,7057.5552,4610
2010,海南省,2064.5,539.83,571,385.21,185.79,953.67,101.9,220.65,78.12,188.33,295.22,26.1,27.7,46.2,23831,116,106.3,119.2,120.1,639.2863,1317.0434,868.5512
2010,重庆市,7925.58,685.38,4359.12,3697.83,661.29,2881.08,389.55,624.33,496.56,266.38,962.15,8.6,55,36.4,27596,117.1,106.1,122.7,112.4,2938.5769,6688.9139,2884.62
2010,四川省,17185.48,2482.89,8672.18,7431.45,1240.73,6030.41,573.75,1016.03,654.7,558.56,2748.95,14.4,50.5,35.1,21182,115.1,104.4,122,110.2,6810.0715,13116.7166,8044.92
2010,贵州省,4602.16,625.03,1800.06,1516.87,283.19,2177.07,480.32,367.52,231.51,139.64,777.35,13.6,39.1,47.3,13119,112.8,104.7,116.6,112.1,1482.6803,3104.918,3478.9408
2010,云南省,7224.18,1108.38,3223.49,2604.07,619.42,2892.31,193.26,685.38,375.08,223.45,1224.8,15.3,44.6,40,15752,112.3,104.2,115.8,111.5,2542.4,5528.7146,4601.6
2010,陕西省,10123.48,988.45,5446.1,4558.97,887.13,3688.93,474.6,856.65,384.75,315.95,1438.82,9.8,53.8,36.4,27133,114.6,105.8,118,112.1,3195.6725,7963.6658,3735.2267
2010,甘肃省,4120.75,599.28,1984.97,1602.87,382.1,1536.5,227.18,272.13,100.54,110.02,729.23,14.5,48.2,37.3,16113,111.8,105.5,115.3,109.9,1394.5354,3158.3401,2559.98
2010,青海省,1350.43,134.92,744.63,613.65,130.98,470.88,61.26,81.44,54.53,25.41,231.94,10,55.1,34.9,24115,115.3,105.9,119.3,112.1,350.8263,1016.8686,563
2010,宁夏回族自治区,1689.65,159.29,827.91,643.05,184.86,702.45,145.17,89.5,97.87,60.53,278.38,9.4,49,41.6,26860,113.5,107.4,116,111.6,403.6125,1444.1606,632.96
2010,新疆维吾尔自治区,5437.47,1078.63,2592.15,2161.39,430.76,1766.69,222.47,276.28,225.2,143.44,831.24,19.8,47.7,32.5,25034,110.6,104.5,112.6,110.8,1375.1346,3423.2441,2185.11
2011,北京市,16251.93,136.27,3752.48,3048.79,703.69,12363.18,808.95,2139.65,2215.41,1074.93,5775.82,0.8,23.1,76.1,81658,108.1,100.9,106.7,108.7,6900.3243,5578.9271,2018.6
2011,天津市,11307.28,159.72,5928.32,5430.84,497.48,5219.24,632.1,1463.89,756.5,411.46,1760.77,1.4,52.4,46.2,85213,116.4,103.8,118.3,114.7,3395.0561,7067.6653,1355
2011,河北省,24515.76,2905.73,13126.86,11770.38,1356.48,8483.17,2046.22,1780.63,746.01,918.02,2653.38,11.9,53.5,34.6,33969,111.3,104.2,113.4,110.5,8035.5009,16389.3255,7240.51
2011,山西省,11237.55,641.42,6635.26,5959.96,675.3,3960.87,756.29,846.65,519.32,224.91,1352.37,5.7,59,35.2,31357,113,106.1,116.5,108.7,3903.4115,7073.0613,3593
2011,内蒙古自治区,14359.88,1306.3,8037.69,7101.6,936.09,5015.89,1040.03,1216.6,447.46,384.76,1545.41,9.1,56,34.9,57974,114.3,105.9,117.1,112.4,3991.7091,10365.1692,2481.71
2011,辽宁省,22226.7,1915.57,12152.15,10696.54,1455.61,8158.98,1143.17,1960.33,755.57,876.12,2987.66,8.6,54.7,36.7,50760,112.2,106.5,114.1,111,8095.3216,17726.2865,4383
2011,吉林省,10568.83,1277.44,5611.48,4917.95,693.53,3679.91,420.98,860.47,207.65,238.61,1746.51,12.1,53.1,34.8,38460,113.8,105.1,117.7,111,4119.8175,7441.71,2749.41
2011,黑龙江省,12582,1701.5,6330.53,5602.76,727.77,4549.97,543.81,1060.26,350.82,465.61,1853.67,13.5,50.3,36.2,32819,112.3,106.2,113.2,113.2,4750.133,7475.3845,3834
2011,上海市,19195.69,124.94,7927.89,7208.59,719.3,11142.86,868.31,3040.99,2277.4,1019.68,3657.14,0.7,41.3,58,82560,108.2,99.3,106.3,109.6,6814.8106,4962.0742,2347.46
2011,江苏省,49110.27,3064.77,25203.28,22280.61,2922.67,20842.21,2127.93,5341.39,2600.11,2747.89,7105.77,6.2,51.3,42.4,62290,111,104,111.7,111.1,15988.3843,26692.6245,7898.8
2011,浙江省,32318.85,1583.04,16555.58,14683.03,1872.55,14180.23,1206.95,3288.53,2730.29,1677.13,4657.08,4.9,51.2,43.9,59249,109,103.6,109.2,109.5,12028.0043,14185.2838,5463
2011,安徽省,15300.65,2015.31,8309.38,7062,1247.38,4975.95,589.82,1050.61,503.85,634.92,1944.15,13.2,54.3,32.5,25659,113.5,104,118,110.6,4955.1396,12455.6893,5968
2011,福建省,17560.18,1612.24,9069.2,7675.09,1394.11,6878.74,963.85,1511.29,862.41,911.16,2329.68,9.2,51.6,39.2,47377,112.3,104.4,116.2,109.1,6276.1676,9910.8906,3720
2011,江西省,11702.82,1391.07,6390.55,5411.86,978.69,3921.2,507.44,831.97,357.44,402.51,1551.55,11.9,54.6,33.5,26150,112.5,104.2,115.2,111.1,3485.0588,9087.5985,4488.4367
2011,山东省,45361.85,3973.85,24017.11,21275.89,2741.22,17370.89,2328.38,5400.19,1640.41,1838.14,5282.2,8.8,52.9,38.3,47335,110.9,104,111.7,111.3,17155.4948,26749.6777,9637
2011,河南省,26931.03,3512.24,15427.08,13949.32,1477.76,7991.72,961.5,1586.09,868.2,987,2790.94,13,57.3,29.7,28661,111.9,103.7,113.2,113.4,9453.6022,17768.9528,9388
2011,湖北省,19632.26,2569.3,9815.94,8538.04,1277.9,7247.02,869.48,1512.89,674.57,634.67,3108.89,13.1,50,36.9,34197,113.8,104.4,117.9,112,8275.1613,12557.3401,5757.5
2011,湖南省,19669.56,2768.03,9361.99,8122.75,1239.24,7539.54,948.82,1662.34,501.09,518.04,3502.38,14.1,47.6,38.3,29880,112.8,104.2,117,111,6884.7291,11880.9154,6595.6
2011,广东省,53210.28,2665.2,26447.38,24649.6,1797.78,24097.7,2090.36,5681.17,2916.13,3321.31,8896.45,5,49.7,45.3,50807,110,104.2,110.5,110,20297.5152,17069.2048,10504.8488
2011,广西壮族自治区,11720.87,2047.23,5675.32,4851.37,823.95,3998.33,588.2,803.48,445.37,465.68,1387.72,17.5,48.4,34.1,25326,112.3,104.8,116.4,110.5,3908.2299,7990.6554,4645
2011,海南省,2522.66,659.23,714.5,475.04,239.46,1148.93,119.74,258.06,105.24,208.71,367.43,26.1,28.3,45.5,28898,112,106.2,115.3,113.3,759.5347,1657.2337,877.34
2011,重庆市,10011.37,844.52,5543.04,4690.46,852.58,3623.81,456.25,747.3,704.66,396.28,1153.01,8.4,55.4,36.2,34500,116.4,105.1,121.8,110.8,3487.796,7473.3787,2919
2011,四川省,21026.68,2983.51,11029.13,9491.05,1538.08,7014.04,638.76,1186.58,868.15,620.62,3137.3,14.2,52.5,33.4,26133,115,104.5,120.6,111.2,8006.5836,14222.2223,8050
2011,贵州省,5701.84,726.22,2194.33,1829.2,365.13,2781.29,590.91,448.77,297.27,160.3,1059.64,12.7,38.5,48.8,16413,115,101.2,117.9,116.5,1751.6261,4235.9221,3468.72
2011,云南省,8893.12,1411.01,3780.32,2994.3,786.02,3701.79,217.22,932.21,456.23,222.31,1595.62,15.9,42.5,41.6,19265,113.7,106,117.9,112,3038.0812,6190.9988,4630.8
2011,陕西省,12512.3,1220.9,6935.59,5857.92,1077.67,4355.81,552.54,1036.35,432.11,398.03,1669.86,9.8,55.4,34.8,33464,113.9,105.9,116.4,112.5,3789.9852,9431.0817,3742.6
2011,甘肃省,5020.37,678.75,2377.83,1923.95,453.88,1963.79,280.33,351.97,145.05,134.25,928.57,13.5,47.4,39.1,19595,112.52,105.9,115.2,111.6,1648.0067,3965.7903,2564.19
2011,青海省,1670.44,155.08,975.18,811.73,163.45,540.18,67.53,93.7,62.56,29.05,268.41,9.3,58.4,32.3,29522,113.5,104.8,117.4,109.7,410.4504,1435.5769,568.17
2011,宁夏回族自治区,2102.21,184.14,1056.15,816.79,239.36,861.92,174.1,109.99,134.18,79.01,327.49,8.8,50.2,41,33043,112.1,105.1,117.6,107.2,477.5815,1644.7418,639.45
2011,新疆维吾尔自治区,6610.05,1139.03,3225.9,2700.2,525.7,2245.12,256.72,371.9,288.77,176.22,1073.64,17.2,48.8,34,30087,112,106.5,112,115.2,1616.2925,4632.1427,2208.71
2012,北京市,17879.4,150.2,4059.27,3294.32,764.95,13669.93,816.31,2229.77,2536.91,1244.17,6469.71,0.84,22.7,76.46,87475,107.7,103.2,107.5,107.9,7702.8168,6112.3714,2069.3
2012,天津市,12893.88,171.6,6663.82,6123.06,540.76,6058.46,683.56,1680.33,1001.59,449.65,2021.15,1.33,51.68,46.99,93173,113.8,103,115.2,112.6,3921.4286,7934.7828,1413.15
2012,河北省,26575.01,3186.66,14003.57,12511.6,1491.97,9384.78,2212.93,2024.29,913.66,982.05,2862.98,11.99,52.69,35.31,36584,109.6,104,111.5,108.6,9254.0346,19661.2832,7287.51
2012,山西省,12112.83,698.32,6731.56,6023.55,708.01,4682.95,847.44,991.08,639.61,301.88,1603.27,5.77,55.57,38.66,33628,110.1,106.3,110.8,109.7,4506.8057,8863.2642,3610.83
2012,内蒙古自治区,15880.5788,1448.58,8801.5,7735.78,1065.71,5630.5,1185.3,1415.47,502.01,385.22,1708.56,9.12,55.42,35.46,63886,111.5,105.6,113.3,110,4572.5464,11875.7409,2489.85
2012,辽宁省,24846.43,2155.82,13230.49,11605.07,1625.42,9460.12,1297.18,2191.19,969.37,1050.03,3464.86,8.68,53.25,38.07,56649,109.5,105.1,109.8,110.1,9346.5699,21836.2831,4389
2012,吉林省,11939.24,1412.11,6376.77,5582.48,794.29,4150.36,462.13,986.46,244.63,240.86,1975.58,11.83,53.41,34.76,43415,112,105.3,114,111.3,4772.9404,9511.5371,2750.4
2012,黑龙江省,13691.58,2113.66,6037.61,5240.65,796.96,5540.31,598.78,1339.05,485.11,522.27,2227.7,15.44,44.1,40.47,35711,110,106.5,110.3,110.8,5491.0211,9694.7461,3834
2012,上海市,20181.72,127.8,7854.77,7097.76,757.01,12199.15,895.31,3291.93,2450.36,1147.04,4116.11,0.63,38.92,60.45,85373,107.5,100.5,103.1,110.6,7412.3167,5117.6156,2380.43
2012,江苏省,54058.22,3418.29,27121.95,23908.47,3213.48,23517.98,2352.4,5704.66,3136.51,2992.82,8286.38,6.32,50.17,43.5,68347,110.1,104.6,111.1,109.7,18331.3268,30854.2394,7919.98
2012,浙江省,34665.33,1667.88,17316.32,15338.02,1978.3,15681.13,1278.91,3684.34,2762.24,1927.93,5371.97,4.81,49.95,45.24,63374,108,102,107.3,109.4,13588.3422,17649.3612,5477
2012,安徽省,17212.0506,2178.73,9404.84,8025.84,1379,5628.48,650.21,1223.97,617.62,665.76,2201.97,12.66,54.64,32.7,28792,112.1,105.5,114.4,111,5736.5558,15425.8327,5988
2012,福建省,19701.78,1776.71,10187.94,8541.94,1646,7737.13,1090.07,1670.26,1015.37,1039.71,2584.24,9.02,51.71,39.27,52763,111.4,104.2,114.3,109.1,7256.5428,12439.9351,3748
2012,江西省,12948.88,1520.23,6942.59,5828.2,1114.39,4486.06,630.56,935.94,413.07,421.83,1773.82,11.74,53.62,34.64,28800,111,104.6,113.1,109.5,4027.2499,10774.1579,4503.9321
2012,山东省,50013.2449,4281.7,25735.73,22798.33,2937.4,19995.81,2516.19,6507.4,1936.11,1984.49,5992.16,8.56,51.46,39.98,51768,109.8,104.7,110.5,109.8,19651.9445,31255.9773,9684.97
2012,河南省,29599.31,3769.54,16672.2,15017.56,1654.64,9157.57,1151.91,1877.82,1013.6,1040.7,3175.18,12.74,56.33,30.94,31499,110.1,104.5,111.4,110.2,10915.6152,21449.9985,9406
2012,湖北省,22250.45,2848.77,11193.1,9735.15,1457.95,8208.58,934.96,1687.52,870.36,692.82,3510.9,12.8,50.31,36.89,38572,111.3,104.7,113.2,110.8,9562.5023,15578.2914,5779
2012,湖南省,22154.2275,3004.21,10506.42,9138.5,1367.92,8643.6,1077.65,1849.04,579.76,568.52,4107.93,13.56,47.42,39.02,33480,111.3,103,112.8,112.2,7921.8885,14523.2404,6638.93
2012,广东省,57067.9177,2847.26,27700.97,25810.07,1890.9,26519.69,2367.46,6333.62,3171.96,3643.87,9694.37,4.99,48.54,46.47,54095,108.2,103.8,107.3,109.5,22677.1128,18751.4679,10594
2012,广西壮族自治区,13035.1015,2172.37,6247.43,5279.26,968.17,4615.3,625.57,982.18,573.05,489.43,1580.59,16.67,47.93,35.41,27952,111.3,105.6,114.2,109.8,4516.586,9808.6135,4682
2012,海南省,2855.54,711.54,804.47,521.15,283.32,1339.53,133.4,300.52,130.69,238.11,437.85,24.92,28.17,46.91,32377,109.1,106.3,111,109.5,870.8358,2145.3794,886.55
2012,重庆市,11409.6,940.01,5975.18,4981.01,994.17,4494.41,515.15,847.99,915.65,620.17,1405.47,8.24,52.37,39.39,38914,113.6,105.3,115.6,112,4033.6941,8736.1666,2945
2012,四川省,23872.8,3297.21,12333.28,10550.53,1782.75,8242.31,707.19,1342.25,1303.56,703.51,3564.08,13.81,51.66,34.53,29608,112.6,104.5,115.2,111.6,9268.606,17039.9763,8076.2
2012,贵州省,6852.2,891.91,2677.54,2217.06,460.48,3282.75,687.45,514.49,365.87,176.75,1271.61,13.02,39.08,47.91,19710,113.6,108.6,116.8,112.1,2027.6472,5717.8049,3484.07
2012,云南省,10309.47,1654.55,4419.2,3450.72,968.48,4235.72,247.53,1039.64,541.18,243.03,1833.67,16.05,42.87,41.09,22195,113,106.7,116.7,110.9,3511.6477,7831.13,4659
2012,陕西省,14453.68,1370.16,8073.87,6847.41,1226.46,5009.65,617.39,1166.9,551.2,450.12,1911.77,9.48,55.86,34.66,38564,112.9,106,114.8,111.6,4383.7517,12044.5492,3753.09
2012,甘肃省,5650.204,780.5,2600.09,2070.24,529.85,2269.61,319.66,398.52,184.43,146.32,1079,13.81,46.02,40.17,21978,112.6,106.8,114.2,112.5,1906.5413,5145.0277,2577.55
2012,青海省,1893.54,176.91,1092.34,895.89,196.45,624.29,71.87,109.44,83.73,31.41,306.45,9.34,57.69,32.97,33181,112.3,105.2,114.1,111.1,476.0405,1883.422,573.17
2012,宁夏回族自治区,2341.29,199.4,1159.37,878.63,280.74,982.52,196.49,124.66,167.48,87.51,363.71,8.52,49.52,41.96,36394,111.5,105.8,113.8,109.7,548.8341,2096.8642,647.19
2012,新疆维吾尔自治区,7505.31,1320.57,3481.56,2850.06,631.5,2703.18,357.9,426.65,360.4,194.38,1255.46,17.6,46.39,36.02,33796,112,107,113.7,112.3,1858.5877,6158.775,2232.78
2013,北京市,19800.81,161.83,4352.3,3536.89,815.41,14986.43,883.58,2372.43,2822.07,1339.52,7194.08,0.8,22.3,76.9,94647.8813,107.7,103,108.1,107.6,8375.1,6847.0572,2114.8
2013,天津市,14442.01,188.45,7276.68,6678.6,598.08,6905.03,725.05,1902.52,1202.04,519.37,2314.71,1.3,50.6,48.1,100105.4288,112.5,103.7,112.7,112.5,4470.4286,9130.2486,1472.21
2013,河北省,28442.95,3500.42,14762.1,13194.76,1567.34,10038.89,2377.59,2163.95,1033.55,1041.28,3007.34,12.4,52.2,35.5,38909,108.2,103.5,109,108.4,10516.7472,23194.2296,7332.61
2013,山西省,12665.25,773.81,6792.68,6032.99,759.69,5035.75,891.66,1079.48,736.27,329.8,1673.95,6.1,53.9,40,34983.8343,108.9,104.5,110.2,107.5,5139.293,11031.8876,3629.8
2013,内蒙古自治区,16916.5029,1599.41,9084.19,7944.4,1139.79,6148.78,1303.73,1547.04,563,414.59,1851.57,9.5,54,36.5,67835.6008,109,105.2,110.7,107.1,5114.1643,14217.3776,2497.61
2013,辽宁省,27213.22,2321.63,14269.46,12510.27,1759.19,10486.56,1384.09,2414.31,1136.1,1134.49,3875.67,8.6,52.7,38.7,61996.1727,108.7,104.8,108.9,109.2,10581.438,25107.6568,4390
2013,吉林省,13046.4,1509.34,6858.23,6033.35,824.88,4613.89,486.18,1080.58,303.02,266.6,2209.88,11.6,52.8,35.5,47428,108.3,104,108.8,108.7,5426.4253,9979.2598,2751.28
2013,黑龙江省,14454.9056,2516.79,5918.22,5090.34,827.88,5947.92,616.03,1458.12,551.16,553.11,2365.61,17.5,41.1,41.4,37696.9665,108,105.1,106.6,110.4,6251.1721,11453.0813,3835.02
2013,上海市,21818.15,129.28,8027.77,7236.69,791.08,13445.07,935.06,3533.1,2823.29,1343.77,4495.51,0.6,37.2,62.2,90993,107.7,97.1,106.1,108.8,8051.9568,5647.7911,2415.15
2013,江苏省,59753.37,3646.08,29094.03,25612.24,3481.79,26421.64,2530.02,6273.46,3703.69,3436.65,9335.03,6.2,49.2,44.7,75354,109.6,103.1,110,109.8,20796.5237,36373.324,7939.49
2013,浙江省,37756.58,1784.62,18446.65,16368.43,2078.22,17337.22,1326.02,4111.44,2965.67,2190.03,6007.72,4.8,49.1,46.1,68804.7198,108.2,100.4,108.4,108.7,15225.5374,20782.1066,5498
2013,安徽省,19229.3371,2348.09,10403.96,8928.02,1475.94,6286.82,707.1,1355.54,735.44,763.56,2427.15,12.3,54.6,33,32000.8938,110.4,103.5,112.4,109.5,6542.4188,18621.8987,6029.8
2013,福建省,21868.49,1936.31,11315.3,9455.32,1859.98,8508.03,1176.19,1789.88,1174.59,1216.76,2797.38,8.9,52,39.1,58145,111,104.4,112.9,109.6,8275.3469,15327.4412,3774
2013,江西省,14410.19,1636.49,7671.38,6434.41,1236.97,5030.63,678.62,1035.04,494.78,500.57,1981.91,11.4,53.5,35.1,31930,110.1,104.6,111.7,109.1,4576.1123,12850.2527,4522.15
2013,山东省,55230.3249,4742.63,27422.47,24222.16,3200.31,22519.23,2746.11,7523.79,2265.5,2237.46,6559.11,8.7,50.1,41.2,56884.9371,109.6,103.8,110.7,109.2,22294.8407,36789.071,9733.39
2013,河南省,32191.2999,4058.98,17806.39,15960.6,1845.79,10290.49,1309.3,2072.59,1181.77,1165.07,3563.29,12.6,55.4,32,34211.4883,109,104.3,110,108.8,12426.6,26087.4583,9413.35
2013,湖北省,24791.83,3098.16,12171.56,10531.37,1640.19,9398.77,1078.11,1903.62,1073.89,797.19,3966.23,12.6,49.3,38.1,42825.76,110.1,104.7,111.3,110,10885.945,19307.3308,5799
2013,湖南省,24621.67,3099.23,11517.35,10001,1516.35,9885.09,1174.29,2045.65,706.92,636.26,4818.32,12.6,47,40.3,36943,110.1,102.8,110.9,111.4,9018.6363,17841.3974,6690.6
2013,广东省,62474.79,3047.51,29427.49,27426.26,2001.23,29688.97,2604.41,7039.2,3817.42,4207.46,10628.64,4.9,47.3,47.8,58833,108.5,102.5,107.7,109.9,25453.9342,22308.3858,10644
2013,广西壮族自治区,14449.904,2343.57,6863.04,5749.65,1113.39,5171.39,677.77,1083.06,706.91,520.51,1783.62,16.3,47.7,36,30741.2063,110.2,104.3,111.9,110.2,5133.0788,11907.6669,4719
2013,海南省,3177.56,756.47,871.29,551.11,320.18,1518.7,140.96,344.49,151.64,288.54,482.74,24,27.7,48.3,35663,109.9,106.3,109.2,112.1,992.892,2697.9286,895.28
2013,重庆市,12783.26,1016.74,6397.92,5249.65,1148.27,5242.03,580.93,984.4,1068.35,728.83,1649.73,8,50.5,41.4,43223,112.3,104.7,113.4,112,4599.7683,10435.2366,2970
2013,四川省,26392.07,3425.61,13579.03,11578.55,2000.48,9256.13,751.55,1472.59,1581.47,762.77,4001.91,13,51.7,35.2,32617,110,103.6,111.5,109.9,10561.4495,20326.1081,8107
2013,贵州省,8086.86,1029.05,3243.7,2686.52,557.18,3734.04,775.09,582.05,433.53,202.94,1445.57,12.9,40.5,46.6,23151,112.5,105.8,114.1,112.6,2366.1974,7373.6013,3502.22
2013,云南省,11832.31,1895.34,4927.82,3767.58,1160.24,4897.75,273.51,1162.17,693.93,262.84,2132.06,16.2,42,41.8,25322,112.1,106.8,113.3,112.4,4004.5633,9968.3008,4686.6
2013,陕西省,16205.45,1526.05,8911.64,7507.34,1404.3,5607.52,657.31,1293.77,674.88,507.72,2134.33,9.5,55.5,34.9,43117,111,104.7,112.6,109.9,4999.5412,14884.145,3764
2013,甘肃省,6330.6923,879.37,2821.04,2225.22,595.82,2567.6,347.18,440.31,234.18,158.4,1227.89,14,45,41,24538.8511,110.8,105.6,111.5,111.5,2173.8296,6527.9384,2582.18
2013,青海省,2122.06,207.59,1204.31,970.53,233.78,689.15,74.23,126.27,94.37,34.21,336.6,9.9,57.3,32.8,36875,110.8,105.3,112.3,109.8,544.0816,2361.0916,577.79
2013,宁夏回族自治区,2577.57,222.98,1264.96,944.5,320.46,1077.12,201.71,133.44,199.81,101.84,394.25,8.7,49.3,42,39613,109.8,104.5,112.5,107.5,610.5142,2651.1421,654.19
2013,新疆维吾尔自治区,8443.84,1468.29,3765.97,3024.27,741.7,3125.98,422.37,480.94,420.27,232.44,1449.02,17.6,45,37.4,37552.5452,111,106.9,113.6,109.3,2108.1521,7732.3043,2264.3
2014,北京市,21330.83,158.99,4544.8,3746.77,902.66,16627.04,948.1,2411.14,3357.71,1329.2,8110.18,0.7454,21.3063,77.9484,99995,107.3,100,106.9,107.5,9637.9959,6924.2346,2151.6
2014,天津市,15726.93,199.9,7731.85,7079.1,686.98,7795.18,720.72,1950.71,1422.28,550.86,2884.47,1.2711,49.1631,49.5658,105231.3467,110.036,102.9257,109.8585,110.4319,4738.6543,10518.189,1516.81
2014,河北省,29421.15,3447.46,15012.85,13330.66,1703.63,10960.84,2396.4,2255.13,1347.58,1119.78,3291.63,11.7176,51.0274,37.255,39984,106.5,103.7,105,109.7,11820.4578,26671.9214,7383.75
2014,山西省,12761.49,788.89,6293.91,5471.01,826.95,5678.69,797.13,990.04,897.26,598.07,2053.67,6.1818,49.3196,44.4986,35070,104.9,104.7,103.6,107.1,5717.8881,12354.5298,3647.96
2014,内蒙古自治区,17770.1888,1627.852,9119.79,7904.4,1217.62,7022.5468,1313.6833,1756.8901,724.1605,442.9471,2189.4997,9.1606,51.3207,39.5187,71046.3688,107.7995,103.0656,109.0352,106.8137,5657.5553,17591.8261,2504.81
2014,辽宁省,28626.58,2285.75,14384.64,12656.83,1875.69,11956.19,1488.93,2653.65,1482.17,1145.7,4351.67,7.9847,50.2492,41.766,65201.1844,105.8,102.2,105.2,107.2,11856.9849,24730.803,4391
2014,吉林省,13803.14,1524.01,7286.59,6424.88,891.4,4992.54,518.05,1059.66,464.96,432.85,2157.54,11.041,52.7894,36.1696,50160,106.5,104.6,106.6,106.9,6080.8998,11339.6212,2752.38
2014,黑龙江省,15039.3764,2611.36,5544.4064,4783.88,845.1464,6883.61,683.12,1585,707.47,581.28,2755.08,17.3635,36.8659,45.7706,39226.3339,105.6093,105.5625,102.7567,108.8991,7015.3089,9828.9942,3833
2014,上海市,23567.6953,124.26,8167.7108,7362.84,831.8553,15275.7245,1044.46,3647.33,3400.41,1530.96,5261.94,0.5272,34.6564,64.8164,97370,107,100.1,104.2,108.8,9303.4907,6016.4283,2425.68
2014,江苏省,65088.32,3634.33,30854.5,26962.97,3899.4705,30599.49,2591.15,6559.03,4723.69,3564.44,11857.96,5.5837,47.4041,47.0123,81874,108.7,102.9511,108.205,110.0082,23458.0704,41938.6195,7960.06
2014,浙江省,40173.03,1777.18,19175.06,16771.9,2467.1,19220.79,1525.93,4911.71,2767.44,2166.86,6870.58,4.4238,47.7312,47.845,73002.0534,107.6244,101.3988,107.2392,108.5946,17835.3355,24262.769,5508
2014,安徽省,20848.7476,2392.3905,11077.675,9455.4802,1638.32,7378.6821,784.4413,1500.28,1046.675,807.3292,2786.6699,11.475,53.1335,35.3915,34424.6122,109.2002,104.573,109.9416,109.4772,7957.0333,21875.5779,6082.9
2014,福建省,24055.76,2014.8,12515.36,10426.71,2112.03,9525.6,1320.35,1961.18,1449.82,1090.22,3235.8,8.3755,52.0265,39.598,63472,109.9,104.4,111.9,108.1,9346.7365,18177.8627,3806
2014,江西省,15714.63,1683.72,8247.93,6848.63,1399.59,5782.98,710.08,1113.95,739.7,522.81,2291.1,10.7143,52.4857,36.8,34674,109.7,104.7,110.9,109.1,5292.629,15079.2554,4542.16
2014,山东省,59426.5902,4798.36,28788.1074,25340.86,3534.4774,25840.1228,2326.25,7826.4583,2709.65,2526.1593,9057.6652,8.0744,48.4431,43.4824,60879.1048,108.7,103.7828,109.2243,108.8993,25111.5263,42495.5478,9789.43
2014,河南省,34938.24,4160.01,17816.56,15809.09,2077.24,12961.67,1676.46,2278.45,1509.2,1541.76,4786.15,11.9068,50.9944,37.0988,37071.7173,108.8594,104.0454,109.4476,109.5741,14004.9541,30782.169,9436
2014,湖北省,27379.2176,3176.89,12852.4003,10992.79,1925.0903,11349.9273,1181.5757,2143.21,1372.61,1062.7121,4809.9596,11.6033,46.9422,41.4545,47144.6,109.68,104.77,110.12,110.47,12449.2716,22915.3003,5816
2014,湖南省,27037.3212,3148.7453,12482.0641,10749.8821,1744.8598,11406.5118,1257.6432,2211.82,950.037,673.3754,5637.1281,11.6459,46.1661,42.188,40270.5443,109.4728,104.4998,109.3209,111.0363,10723.4547,21242.92,6737.24
2014,广东省,67809.85,3166.82,31419.75,29144.15,2341.18,33223.28,2740.76,7778.82,4447.43,4486.92,12294.21,4.6701,46.3351,48.9948,63469,107.7636,103.2171,107.9317,107.9916,28471.1451,26293.9336,10724
2014,广西壮族自治区,15672.8933,2413.438,7324.964,6065.34,1263.8697,5934.4913,733.633,1112.9581,876.4704,593.01,2189.5175,15.3988,46.7365,37.8647,33089.609,108.5027,103.8589,110.082,108.1076,5772.8317,13843.2197,4754
2014,海南省,3500.72,809.52,875.97,514.4,362.77,1815.23,185.15,418.09,210.63,295.56,526.82,23.1244,25.0226,51.853,38923.7,108.5,104.8,111,108.8,1224.5041,3112.232,903.48
2014,重庆市,14262.6,1061.03,6529.06,5175.8,1353.26,6672.51,705.83,1229.88,1225.27,817.04,2357.16,7.4392,45.7775,46.7833,47850,110.9,104.4,112.7,110,5710.666,12285.4154,2991.4
2014,四川省,28536.66,3531.05,13962.41,11851.99,2225.44,11043.2,1067.98,1586.78,1828.09,1064.74,4566.19,12.3737,48.928,38.6983,35128,108.5,103.8,108.9,109.4,12392.9847,23318.5666,8140.2
2014,贵州省,9266.39,1280.45,3857.44,3140.88,717.69,4128.5,828.69,624.17,491.65,220.48,1604.04,13.8182,41.6283,44.5535,26437,110.8,106.6,112.3,110.4,2936.8519,9025.7514,3508.04
2014,云南省,12814.59,1990.07,5281.82,3898.97,1389.66,5542.7,288.47,1246.53,860.98,275.97,2412.66,15.5297,41.2172,43.253,27263.6349,108.1,106.2,109.1,107.4,4632.8674,11498.5346,4713.9
2014,陕西省,17689.94,1564.94,9577.24,7993.39,1645.65,6547.76,675.66,1413.16,948.93,579.44,2432.01,8.8465,54.1395,37.014,46929,109.7,105.1,110.9,108.9,5918.7052,17191.9249,3775.12
2014,甘肃省,6836.8208,900.76,2926.4508,2263.2,681.3441,3009.613,280.7282,491.6816,364.8426,234.1419,1403.4863,13.1751,42.8043,44.0207,26432.9157,108.8855,105.509,109.2345,109.4649,2668.3311,7884.131,2590.78
2014,青海省,2303.32,215.93,1234.31,954.27,280.43,853.08,81.7,150.64,175.21,48.96,355.78,9.3747,53.5883,37.037,39671,109.2,105.2,110,108.8,620.8264,2861.228,583.42
2014,宁夏回族自治区,2752.1,216.99,1341.24,973.53,368.37,1193.87,198.92,139.07,230.16,114.28,450.39,7.8845,48.7351,43.3803,41834,108.0001,105.4971,109.1764,106.8575,737.1768,3173.7908,661.54
2014,新疆维吾尔自治区,9273.46,1538.6,3948.96,3179.6,867.54,3785.9,480.44,550.67,536.94,281.56,1659.26,16.5914,42.5835,40.8251,40648,110,105.9,111.2,110.4,2436.4973,9447.7419,2298.47
2015,北京市,23014.59,140.21,4542.64,3710.88,961.86,18331.74,983.87,2352.34,3926.28,1438.43,9100.73,0.6092,19.7381,79.6527,106497,106.9,89.2,103.3,108.1,10338,7495.9934,2170.5
2015,天津市,16538.19,208.82,7704.22,6982.66,740.31,8625.15,729.09,2070.04,1603.23,618.25,3336.09,1.2627,46.5844,52.1529,107960.0883,109.3041,102.5328,109.1809,109.6136,5257.3,11831.9889,1546.95
2015,河北省,29806.11,3439.45,14386.87,12626.17,1780.49,11979.79,2359.09,2381.23,1480.92,1313.62,3881.5,11.5394,48.2682,40.1924,40255,106.8,102.6,104.7,111.2,12990.7,29448.2706,7424.92
2015,山西省,12766.49,783.16,5194.27,4359.6,847.22,6789.06,892.81,1077.11,1140.54,639.07,2635.32,6.1345,40.6868,53.1788,34918.71,103.1,101,98.8,110,6033.7,14074.1545,3664.12
2015,内蒙古自治区,17831.5088,1617.4219,9000.577,7739.184,1263.163,7213.5099,1087.3244,1728.3,829.2,441.37,2471.5905,9.0706,50.4757,40.4537,71100.5442,107.6953,103.0457,108.0439,108.1115,6107.7,13702.2217,2511.04
2015,辽宁省,28669.016,2384.03,13041.97,11270.82,1881.32,13243.016,1702.796,2968.98,1869.46,1169.67,4680.57,8.3157,45.4915,46.1928,65354.4122,103,103.8,99.7,107.2,12787.2,17917.8936,4382.4
2015,吉林省,14063.13,1596.28,7005.71,6112.05,927.06,5461.14,529.79,1117.29,565.27,436.06,2402.38,11.3508,49.8162,38.833,51086,106.3,104.8,105.2,108.4,6651.9,12705.2873,2753.32
2015,黑龙江省,15083.67,2633.5,4798.08,4053.77,850.09,7652.09,707.03,1689.24,847.66,597.22,3170.9,17.4593,31.8098,50.731,39461.5644,105.6593,105.1617,101.3764,110.4303,7640.2,10182.945,3811.7
2015,上海市,25123.45,109.82,7991,7162.33,855.22,17022.63,1133.17,3824.22,4162.7,1699.78,5797.41,0.4371,31.8069,67.7559,103795.536,106.94,86.393,101.2187,110.6108,10131.5,6352.6996,2415.27
2015,江苏省,70116.38,3986.05,32044.45,27996.43,4055.42,34085.88,2705.44,6992.68,5302.93,3755.45,13909.11,5.6849,45.7018,48.6133,87995,108.5332,103.2593,108.2985,109.4071,25876.8,46246.8689,7976.3
2015,浙江省,42886.49,1832.91,19711.67,17217.47,2558.38,21341.91,1631.88,5245.03,2922.93,2351.42,8099.05,4.2739,45.9624,49.7637,77643.6861,107.9588,101.4667,105.3412,111.3292,19784.7,27323.3247,5539
2015,安徽省,22005.63,2456.69,10946.8273,9264.82,1698.92,8602.1127,791.72,1640.93,1241.87,870.07,3529.2,11.1639,49.7456,39.0905,35996.5641,108.7117,104.2447,108.3432,110.8112,8908,24385.9684,6143.6
2015,福建省,25979.82,2118.1,13064.82,10820.22,2268.86,10796.9,1547.3,2046.29,1681.33,1077.88,3945.53,8.1529,50.2883,41.5588,67965.5199,109,103.7,107.4,112.3,10505.9,21301.377,3839
2015,江西省,16723.78,1772.98,8411.57,6918,1493.77,6539.23,736.15,1186.72,897.65,548.26,2724.39,10.6016,50.2971,39.1014,36724,109.1,103.9,109.4,110.1,5925.5,17388.1278,4565.63
2015,山东省,63002.3325,4979.0794,29485.9021,25910.7468,3664.8649,28537.3509,2503.6457,8416.1293,2994.6624,2592.6672,10435.3592,7.903,46.8013,45.2957,64168.3001,107.9509,104.1543,107.3639,109.5324,27761.4,48312.437,9847.16
2015,河南省,37002.16,4209.56,17917.37,15823.33,2152.25,14875.23,1809.39,2609.46,1991.11,1657.04,5580.37,11.3765,48.4225,40.201,39122.61,108.3,104.4,107.7,110.9,15740.4,35660.3464,9480
2015,湖北省,29550.1881,3309.84,13503.5569,11532.37,2039.8826,12736.7912,1242.34,2332.27,1853.12,1136.7183,5303.9572,11.2007,45.697,43.1022,50653.85,108.85,104.5461,108.2684,110.7037,14003.2,26563.8963,5851.5
2015,湖南省,28902.2139,3331.6211,12810.8214,10945.81,1877.7039,12759.7713,1291.03,2323.67,1104.18,751.81,6542.25,11.5272,44.3247,44.1481,42753.86,108.5,103.6082,107.2996,111.1984,12024,25045.0778,6783.03
2015,广东省,72812.55,3345.54,32613.54,30259.49,2441.85,36853.47,2928.9,7625.98,5757.08,5117.95,13807.71,4.5947,44.7911,50.6142,67503,107.9956,103.3107,106.9565,109.465,31517.6,30343.0337,10849
2015,广西壮族自治区,16803.12,2565.45,7717.52,6359.82,1358.56,6520.15,803.1,1135.09,1018.01,657.3,2465.24,15.2677,45.9291,38.8032,35190,108.1,103.9,108.2,109.6,6348.1,16227.7817,4796
2015,海南省,3702.76,854.72,875.82,485.85,390.41,1972.22,187.8,440.75,242.82,299.69,600.78,23.0833,23.6532,53.2635,40818,107.8,105.4,106.5,109.6,1325.1,3451.2215,910.82
2015,重庆市,15717.27,1150.15,7069.37,5557.52,1511.85,7497.75,761.31,1345.38,1410.18,847.72,2758.88,7.3177,44.9784,47.7039,52321,111,104.7,111.3,111.5,6424,14353.2447,3016.55
2015,四川省,30053.1,3677.3,13248.08,11039.08,2321.38,13127.72,1219.77,1871.55,2202.23,1252.2,5542.08,12.236,44.0822,43.6817,36775,107.9,103.7,107.5,109.5,13877.7,25525.9,8204
2015,贵州省,10502.56,1640.61,4147.83,3315.58,833.44,4714.12,920.36,671.39,607.11,232.07,1849.58,15.621,39.4935,44.8854,29847.2478,110.7,106.5,111.4,111.1,3283,10945.5434,3529.5
2015,云南省,13619.17,2055.78,5416.12,3848.26,1574.77,6147.27,304.49,1334.62,981.85,282.51,2756.63,15.0948,39.7684,45.1369,28806,108.7,105.9,108.6,109.6,5103.2,13500.6165,4741.8
2015,陕西省,18021.8609,1597.63,9082.13,7344.62,1780.85,7342.1009,713.02,1504.04,1082.37,695.5309,2796.19,8.865,50.3951,40.74,47626,107.8544,105.0952,106.5514,110.5147,6578.1,18582.2428,3793
2015,甘肃省,6790.3169,954.09,2494.7675,1778.1,730.8758,3341.4594,274.6523,508.0026,443.1165,244.8206,1618.8588,14.0507,36.7401,49.2092,26165.2608,108.0803,105.3873,107.3755,109.7266,2907.2,8754.2269,2599.55
2015,青海省,2417.05,208.93,1207.31,893.87,313.81,1000.81,90.55,154.78,220.87,53.59,434.09,8.644,49.9497,41.4063,41252,108.2,105.1,108.4,108.6,691,3210.6323,588.43
2015,宁夏回族自治区,2911.77,237.76,1379.6,979.72,399.98,1294.41,200.66,136.97,256.38,97.05,538.02,8.1655,47.3801,44.4544,43805,108.0038,104.5661,108.5168,107.938,789.6,3505.4465,667.88
2015,新疆维吾尔自治区,9324.8,1559.08,3596.4,2740.71,959.03,4169.32,536.06,523.58,563.8,285.38,1961.96,16.7197,38.5681,44.7122,40036,108.8,105.9,107.3,112.2,2606,10813.0306,2359.73
2016,北京市,25669.13,129.79,4944.44,4026.68,1025.5,20594.9,1060.97,2372.89,4270.82,1672.68,10708.04,0.5056,19.2622,80.2322,118198,106.7939,91.3248,106.3267,107.0242,11005.1,7943.8925,2173
2016,天津市,17885.39,220.22,7571.35,6805.13,786.89,10093.82,725.31,2256.54,1793.57,805.92,4197.87,1.2313,42.3326,56.4361,115053,109.1,103,108.4,110,5635.8,12779.3878,1562
2016,河北省,32070.45,3492.81,15256.93,13387.46,1885.27,13320.71,2369.27,2536.85,1731.23,1488.42,4586.74,10.8911,47.5732,41.5358,43062,106.8,103.5,104.9,109.9,14364.7,31750.0152,7470
2016,山西省,13050.41,784.78,5028.99,4148.91,895.63,7236.64,930.75,1058.12,1207.35,698.53,2908.05,6.0135,38.5351,55.4514,35532,104.5,102.8,101.5,106.9,6480.5,14197.982,3682
2016,内蒙古自治区,18128.1,1637.39,8553.63,7233,1322.5,7937.08,1141.97,1841.71,992.14,453.8,2796.99,9.0323,47.1844,43.7833,72064,107.2,103,106.9,108.3,6700.8,15080.0136,2520
2016,辽宁省,22246.9,2173.06,8606.54,6818.32,1880.85,11467.3,1245.27,2822.87,1829.22,1037.33,3859.49,9.7679,38.6865,51.5456,50791,97.5,95.4,92.3,102.5,13414.1,6692.2461,4378
2016,吉林省,14776.8,1498.52,7004.95,6070.07,960.87,6273.33,558.38,1203.14,659.55,476.58,2930.19,10.141,47.4051,42.4539,53868,106.9,103.9,106.2,108.8,7310.4,13923.1955,2733
2016,黑龙江省,15386.09,2670.46,4400.69,3647.136,874.23,8314.94,758.01,1795.83,900.84,616.9,3538.934,17.3563,28.6017,54.0419,40432,106.1,105.3,102.6,108.5,8402.5,10648.3499,3799
2016,上海市,28178.65,109.47,8406.28,7555.34,879.81,19662.9,1237.32,4119.59,4765.83,2125.62,6992.69,0.3885,29.8321,69.7794,116562,106.9,93.4,101.2,109.6,10946.6,6755.8846,2420
2016,江苏省,77388.28,4077.18,34619.5,30455.1541,4173.6621,38691.6,2837.1564,7470.2694,6011.1267,4292.7868,16533.2791,5.2685,44.7348,49.9967,96887,107.8,100.7,106.6,109.8,28707.1,49663.2102,7999
2016,浙江省,47251.36,1965.18,21194.61,18655.12,2610.72,24091.57,1774.37,5754.19,3050.61,2607,9680.12,4.159,44.855,50.986,84916,107.551,102.7268,105.6809,109.7332,21970.8,30276.072,5590
2016,安徽省,24407.62,2567.72,11821.58,10076.94,1763.532,10018.32,826.895,1775.87,1447.02,1124.065,4242.0894,10.5201,48.434,41.0459,39561,108.6928,102.6874,108.1139,111.1404,10000.2,27033.3777,6196
2016,福建省,28810.58,2363.22,14093.47,11698.36,2421.34,12353.89,1689.82,2204.6,1866.17,1269.67,4794.3,8.2026,48.9177,42.8797,74707,108.4,103.6,106.8,111.4,11674.5,23237.3508,3874
2016,江西省,18499,1904.53,8829.54,7219.11,1610.91,7764.93,796.47,1264.66,1056.3,745.89,3417.97,10.2953,47.7298,41.9749,40400,109,104.2,108.5,111.1,6634.6,19694.2104,4592
2016,山东省,68024.49,4929.13,31343.67,27588.7044,3806.3147,31751.69,2725.4055,9044.9469,3364.5622,2773.2911,12109.9715,7.2461,46.077,46.6769,68733,107.6,103.9,106.6,109.3,30645.8,53322.9388,9947
2016,河南省,40471.79,4286.21,19275.82,17042.72,2292.04,16909.76,1938.06,2987.25,2256.61,1890.01,6514.27,10.5906,47.6278,41.7816,42575,108.1444,104.2209,107.2726,110.3134,17618.4,40415.0896,9532
2016,湖北省,32665.38,3659.33,14654.38,12536.3889,2192.9731,14351.67,1297.4808,2485.05,2318.8741,1291.3536,6013.8495,11.2025,44.8621,43.9354,55665,108.1,103.9,107.8,109.5,15649.2,30011.6538,5885
2016,湖南省,31551.37,3578.37,13341.17,11337.28,2016.59,14631.83,1356.56,2487.8,1272.71,879.62,7808.79,11.3414,42.284,46.3746,46382,108,103.3,106.5,110.6,13436.5,28353.3256,6822
2016,广东省,80854.91,3694.37,35109.66,32650.89,2551.82,42050.88,3209.72,8382.48,6127.05,6229.5,16352.25,4.5691,43.423,52.0078,74016,107.5036,103.1194,106.0661,109.2052,34739.1,33303.6406,10999
2016,广西壮族自治区,18317.64,2796.8,8273.66,6816.64,1458.41,7247.18,855.67,1215.06,1136.85,749.04,2814.33,15.2683,45.1677,39.5639,38027,107.3,103.4,107.4,108.6,7027.3,18236.7817,4838
2016,海南省,4053.2,948.35,905.95,482.5,424.5,2198.9,199.89,467.8,281.9,349.95,677.07,23.3976,22.3515,54.251,44347,107.5,104,104.7,110.2,1453.7,3890.4453,917
2016,重庆市,17740.59,1303.24,7898.92,6183.8,1715.12,8538.43,848.22,1470.85,1642.59,926.19,3237.97,7.3461,44.5246,48.1293,58502,110.7,104.6,111.3,111,7271.4,16048.0951,3048
2016,四川省,32934.54,3929.33,13448.92,11058.79,2472.96,15556.29,1472.57,2138.45,2729.45,1516.61,6599.01,11.9307,40.8353,47.234,40003,107.8,103.8,107.6,109.2,15601.9,28811.9544,8262
2016,贵州省,11776.73,1846.19,4669.53,3715.64,955.4395,5261.01,987.47,732.71,689.4,249.2,2101.6253,15.6766,39.6505,44.6729,33246,110.5341,106.0465,111.2738,111.4387,3709,13203.996,3555
2016,云南省,14788.42,2195.11,5690.16,3891.2,1806.22,6903.15,328.41,1441.95,1092.6,303.96,3203.52,14.8434,38.4771,46.6794,31093,108.7,105.6,108.9,109.5,5722.9,16119.4004,4771
2016,陕西省,19399.59,1693.85,9490.72,7598,1943.2,8215.02,771.7655,1604.4,1181.5365,747.175,3319.593,8.7314,48.9223,42.3464,51015,107.6,104,107.3,108.8,7367.6,20825.2532,3813
2016,甘肃省,7200.37,983.39,2515.56,1757.525,776.35,3701.42,271.2468,536.7015,507.0191,259.8856,1850.2114,13.6575,34.9365,51.406,27643,107.6,105.5,106.8,108.9,3184.4,9663.9924,2610
2016,青海省,2572.49,221.19,1249.98,901.6759,348.67,1101.32,94.99,163.04,245.81,56.13,491.3141,8.5983,48.5903,42.8114,43531,108,105.4,108.5,108,767.3,3528.0548,593
2016,宁夏回族自治区,3168.59,241.6,1488.44,1054.34,434.2,1438.55,205.75,145.41,284.11,102.57,630.96,7.6248,46.9748,45.4003,47194,108.1,104.5,107.9,109,850.1,3794.2466,675
2016,新疆维吾尔自治区,9649.7,1648.97,3647.01,2677.63,1049.93,4353.72,567.54,586.32,573.7,298.62,2043.76,17.0883,37.794,45.1177,40564,107.6,105.8,106.2,109.4,2825.9,10287.5299,2398
2017,北京市,28014.94,120.42,5326.76,4274,1140.76,22567.76,1208.4,2486.8,4655.37,1766.2,11946.78,0.4298,19.014,80.5562,128994.1063,106.7404,94.1429,104.7381,107.3113,11575.4,8370.436,2170.7
2017,天津市,18549.19,168.96,7593.5931,6863.98,745.66,10786.6369,780.4,2306.98,1951.75,783.27,4634.05,0.9109,40.9376,58.1515,118943.5683,103.6414,102.7884,101.0749,105.957,5729.7,11288.9189,1557
2017,河北省,34016.32,3129.98,15846.21,13757.84,2109.03,15040.13,2497.88,2833.01,2053.44,1690.31,5284.39,9.2014,46.5841,44.2145,45387,106.6,103.9,103,111.3,15907.6,33406.8021,7519.52
2017,山西省,15528.42,719.16,6778.89,5771.22,1019.84,8030.37,1052.14,1078.54,1320.05,798.73,3322.07,4.6313,43.6547,51.714,42060,107.1,103.1,106.7,107.8,6918.1,6040.5394,3702
2017,内蒙古自治区,16096.21,1649.77,6399.68,5109,1291.45,8046.76,1050.02,1815.47,1099.85,458.59,2861.83,10.2494,39.7589,49.9916,63764,104,103.3,101.5,106.2,7160.2,14013.1608,2529
2017,辽宁省,23409.24,1902.28,9199.8,7302.41,1999.28,12307.16,1310.02,3002.13,1964.58,1132.18,4221.37,8.1262,39.2999,52.5739,53526.6544,104.2,103.6,103.2,105,13807.2,6676.7399,4369
2017,吉林省,14944.53,1095.36,6998.51,6057.29,964.14,6850.66,603.12,1208.3,709.64,525.58,3363.91,7.3295,46.8299,45.8406,54838,105.3,103.3,103.8,107.6,7855.8,13283.887,2717
2017,黑龙江省,15902.6817,2965.25,4060.6017,3332.5917,852.78,8876.83,801.33,1857.41,932.35,656.34,3866.19,18.6462,25.5341,55.8197,41916,106.3562,105.3985,102.7691,108.8104,9099.2,11291.9794,3788.7
2017,上海市,30632.99,110.78,9330.67,8392.84,970.79,21191.54,1344.54,4393.36,5330.54,1873.05,7800.44,0.3616,30.4595,69.1788,126634.15,106.9,99.2,105.8,107.5,11830.3,7246.6031,2418
2017,江苏省,85869.76,4045.16,38654.87,34013.6,4651.75,43169.73,3097.67,8070.23,6783.87,5016.54,18514.75,4.7108,45.0157,50.2735,107150,107.1534,100.3824,106.484,108.5289,31737.4,53277.0346,8029.3
2017,浙江省,51768.26,1933.92,22232.08,19474.48,2845.48,27602.26,1938.17,6217.29,3533.05,3222.54,11345.9,3.7357,42.9454,53.3189,92057.0108,107.7641,102.7224,106.6033,109.2102,24308.5,31696.0276,5657
2017,安徽省,27018,2582.2659,12838.2785,10916.31,1943.5585,11597.4508,875.38,1910.47,1663.59,1390.48,5110.9047,9.5576,47.5175,42.9249,43401.3638,108.4643,104.0603,108.2281,109.8757,11192.6,29275.0615,6255
2017,福建省,32182.09,2215.13,15354.29,12674.89,2707.82,14612.67,1889.69,2392.78,2055.53,1768.48,5933.4,6.8831,47.7107,45.4062,82677,108.1,103.7,106.8,110.2,13013,26416.2773,3911
2017,江西省,20006.31,1835.26,9627.98,7789.59,1838.95,8543.07,866.3,1415.12,1107.12,890.55,3734.61,9.1734,48.1247,42.7019,43424.3703,108.8,104.4,108.2,110.5,7448.1,22085.339,4622
2017,山东省,72634.1491,4832.7119,32942.8429,28705.69,4276.9729,34858.6,3268.0088,9283.729,3651.5591,3091.3677,13576.7315,6.6535,45.3545,47.992,72807.1389,107.36,103.5526,106.3086,109.067,33649,55202.7222,10005.83
2017,河南省,44552.83,4139.29,21105.52,18452.06,2694.11,19308.02,2162.85,3263.06,2509.19,2222.21,7624.15,9.2907,47.3719,43.3374,46674,107.8,104.3,107.2,109.4,19666.8,44496.9341,9559.13
2017,湖北省,35478.09,3528.96,15441.75,13060.08,2459.6818,16507.38,1420.01,2682.21,2640.86,1642.98,7067.7882,9.9469,43.5248,46.5284,60199,107.8,103.7,107.1,109.5,17394.1,32282.361,5902
2017,湖南省,33902.96,2998.4,14145.49,11879.94,2278.65,16759.07,1496.01,2666.71,1610.31,1019.35,9081.33,8.8441,41.7235,49.4325,49558,108,103.6,106.7,110.3,14854.9,31959.2273,6860.15
2017,广东省,89705.23,3611.44,38008.06,35291.83,2818.82,48085.73,3580.94,8976.59,6853.01,7635.96,19188.52,4.0259,42.3699,53.6042,80932,107.5433,103.6195,106.5416,108.746,38200.1,37761.7454,11169
2017,广西壮族自治区,18523.26,2878.3,7450.85,5822.93,1635.69,8194.11,955.7,1326.17,1273.4,885.48,3223.11,15.5388,40.2243,44.2369,38102,107.1,104.2,105.5,109.6,7813,20499.1106,4885
2017,海南省,4462.54,962.84,996.35,528.28,470.01,2503.35,248.94,496.72,308.94,434.9,760.06,21.5761,22.327,56.097,48430,107,103.6,102.7,110.3,1618.8,4244.4012,926
2017,重庆市,19424.73,1276.09,8584.61,6587.08,1997.53,9564.03,939.46,1595.88,1813.73,1048.25,3717.69,6.5694,44.1942,49.2364,63442,109.3,104,109.3,109.9,8067.7,17537.0476,3075.16
2017,四川省,36980.22,4262.35,14328.13,11576.16,2838.35,18389.74,1595.8,2574.15,3203.27,2039.83,7764.09,11.526,38.7454,49.7286,44651.32,108.1,103.8,107.5,109.8,17480.5,31902.085,8302
2017,贵州省,13540.8256,2032.2737,5428.1389,4260.48,1169.4689,6080.42,1070.22,812.74,787.88,283.05,2577.8301,15.0085,40.0872,44.9043,37956.0633,110.2,106.3,110.1,111.5,4154,15503.8556,3580
2017,云南省,16376.34,2338.37,6204.97,4089.37,2123.68,7833,366.59,1567.79,1194.67,345.5,3776.61,14.279,37.8898,47.8312,34221,109.5,106.06,110.67,109.54,6423.1,18935.9862,4800.5
2017,陕西省,21898.81,1741.45,10882.88,8691.79,2217.97,9274.48,832.62,1762.33,1300.1,861.53,3904.23,7.9523,49.6962,42.3515,57266.31,108,104.6,107.8,108.9,8236.4,23819.3779,3835
2017,甘肃省,7459.8995,859.7523,2561.7919,1763.4439,811.4106,4038.3554,293.4995,563.2301,553.5857,274.2991,2074.5183,11.525,34.3408,54.1342,28496.501,103.5612,105.4448,98.9501,106.5439,3426.6,5827.7507,2626
2017,青海省,2624.83,238.41,1162.41,777.56,384.85,1224.01,103.69,169.15,274.6,60.89,563.09,9.0829,44.2852,46.632,44047,107.3,104.9,107.2,107.9,839,3883.5539,598
2017,宁夏回族自治区,3443.56,250.62,1580.57,1096.3,484.36,1612.37,199.31,160.92,314.69,120.84,742.21,7.2779,45.8993,46.8228,50765,107.8,104.4,107,109.2,930.4,3728.3788,682
2017,新疆维吾尔自治区,10881.96,1551.84,4330.89,3254.18,1159.51,4999.23,668.15,702.18,623.53,323.16,2330.89,14.2607,39.7988,45.9405,44941,107.6,104.8,106.4,109.5,3044.6,12089.1177,2445
2018,北京市,30319.98,118.69,5647.65,,,24553.64,,,,,,0.39,18.63,80.98,140211.2419,106.6,97.7,104.2,107.3,11747.7,,2154
2018,天津市,18809.64,172.71,7609.81,,,11027.12,,,,,,0.92,40.46,58.62,120710.8019,103.6,100.1,101,105.9,5533,,1560
2018,河北省,36010.27,3338,16040.06,,,16632.21,,,,,,9.27,44.54,46.19,47772.2207,106.6,103,104.3,109.8,16537.1,,7556
2018,山西省,16818.11,740.64,7089.19,,,8988.28,,,,,,4.4,42.15,53.44,45328,106.7,102.1,104.5,108.8,7338.5,,3718
2018,内蒙古自治区,17289.22,1753.82,6807.3,,,8728.1,,,,,,10.14,39.37,50.48,68302,105.3,103.2,105.1,106,7311.1,,2534
2018,辽宁省,25315.35,2033.3,10025.1,,,13256.95,,,,,,8.03,39.6,52.37,58007.5158,105.7,103.1,107.4,104.8,14142.8,,4359
2018,吉林省,15074.62,1160.75,6410.85,,,7503.02,,,,,,7.7,42.53,49.77,55610.924,104.5,102,104,105.5,7520.4,,2704
2018,黑龙江省,16361.62,3000.96,4030.94,,,9329.72,,,,,,18.34,24.64,57.1,43274.4056,104.7,103.7,102.1,106.4,9317.4,,3773
2018,上海市,32679.87,104.37,9732.54,,,22842.96,,,,,,0.32,29.78,69.9,134982,106.6,93.1,101.8,108.7,12668.7,,2424
2018,江苏省,92595.4,4141.72,41248.52,,,47205.16,,,,,,4.47,44.5,50.98,115168.408,106.7,101.8,105.8,107.9,33230.4,,8051
2018,浙江省,56197.15,1967.01,23505.88,,,30724.26,,,,,,3.5,41.83,54.67,98643.4088,107.1,101.9,106.7,107.8,25007.9,,5737
2018,安徽省,30006.82,2638.01,13842.09,,,13526.72,,,,,,8.79,46.13,45.08,47711.6644,108,103.2,108.5,108.6,12100.1,,6324
2018,福建省,35804.04,2379.82,17232.36,,,16191.86,,,,,,6.65,48.13,45.22,91197.2491,108.3,103.5,108.5,108.8,14317.4,,3941
2018,江西省,21984.78,1877.33,10250.21,,,9857.24,,,,,,8.6,46.62,44.84,47433.9457,108.7,103.4,108.3,110.3,7566.4,,4648
2018,山东省,76469.67,4950.52,33641.72,,,37877.43,,,,,,6.47,43.99,49.53,76267.2567,106.4,102.6,105.1,108.3,33605,,10047
2018,河南省,48055.86,4289.38,22034.83,,,21731.65,,,,,,8.93,45.85,45.22,50152.2229,107.6,103.3,107.2,109.2,20594.7,,9605
2018,湖北省,39366.55,3547.51,17088.95,,,18730.09,,,,,,9.01,43.41,47.58,66615.7035,107.8,102.9,106.8,109.9,18333.6,,5917
2018,湖南省,36425.78,3083.59,14453.54,,,18888.65,,,,,,8.47,39.68,51.8,52948.6035,107.8,103.5,107.2,109.2,15638.3,,6899
2018,广东省,97277.77,3831.44,40695.15,,,52751.18,,,,,,4,41.83,54.23,86412,106.8,104.2,105.9,107.8,39501.1,,11346
2018,广西壮族自治区,20352.51,3019.37,8072.94,,,9260.2,,,,,,14.84,39.67,45.5,41489.1652,106.8,105.6,104.3,109.4,8291.6,,4926
2018,海南省,4832.05,1000.11,1095.79,,,2736.15,,,,,,20.7,22.68,56.63,51955.2922,105.8,103.9,104.8,106.8,1717.1,,934
2018,重庆市,20363.19,1378.2747,8328.79,,,10656.1253,,,,,,6.77,40.9,52.33,65932.7242,106,104.4,103,109.1,7977,,3102
2018,四川省,40678.13,4426.66,15322.72,,,20928.75,,,,,,10.88,37.67,51.4,48883.1701,108,103.6,107.5,109.4,18254.5,,8341
2018,贵州省,14806.45,2159.54,5755.54,,,6891.37,,,,,,14.59,38.87,46.54,41243.5933,109.1,106.9,109.5,109.5,3971.2,,3600
2018,云南省,17881.12,2498.86,6957.44,,,8424.82,,,,,,13.97,38.91,47.12,37136.2825,108.9,106.3,111.3,107.6,6826,,4830
2018,陕西省,24438.32,1830.19,12157.48,,,10450.65,,,,,,7.49,49.75,42.7,63477.4749,108.3,103.2,108.7,108.8,8938.3,,3864
2018,甘肃省,8246.07,921.3048,2794.67,,,4530.0952,,,,,,11.17,33.89,54.94,31336.1252,106.3,105,103.8,108.4,3428.3,,2637
2018,青海省,2865.23,268.1,1247.06,,,1350.07,,,,,,9.36,43.52,47.12,47689.4526,107.2,104.5,107.8,106.9,835.6,,603
2018,宁夏回族自治区,3705.18,279.85,1650.26,,,1775.07,,,,,,7.55,44.54,47.91,54094.1675,107,104,106.8,107.7,935.8,,688
2018,新疆维吾尔自治区,12199.08,1692.09,4922.97,,,5584.02,,,,,,13.87,40.3,45.77,49474.7173,106.1,104.7,104.2,108,3187,,2487
2019,北京市,35371.28,113.69,5715.06,4241.1,1513.67,29542.53,1025.33,2856.89,6544.77,2620.79,15912.17,0.3,16.2,83.5,164220,106.1,97.5,104.5,106.4,15063.7,,2154
2019,天津市,14104.28,185.23,4969.18,4394.27,693.76,8949.87,787.73,1372.27,1907.86,1238.45,3349.19,1.3,35.2,63.5,90370.63,104.8,100.2,103.2,105.9,4218.2,,1562
2019,河北省,35104.52,3518.44,13597.26,11503.03,2129.89,17988.82,2916.01,2947.53,2416.13,2310,6765.39,10,38.7,51.3,46347.89,106.8,101.6,104.9,109.4,12985.5,,7592
2019,山西省,17026.68,824.72,7453.09,6569.51,894.76,8748.87,1006.82,1361.61,1174.01,1081.74,3856.31,4.8,43.8,51.4,45724,106.2,102.1,105.7,107,7030.5,,3729
2019,内蒙古自治区,17212.53,1863.19,6818.88,5514.34,1304.54,8530.46,1202.71,1448.34,874.88,892.2,3720.6,10.8,39.6,49.6,67852.13,105.2,102.4,105.7,105.4,5051.1,,2540
2019,辽宁省,24909.45,2177.77,9531.24,8164.55,1482.05,13200.44,1313.36,2164.38,1985.18,1471.41,5744.21,8.7,38.3,53,57191,105.5,103.5,105.7,105.6,9670.6,,4352
2019,吉林省,11726.82,1287.32,4134.82,3347.82,808.63,6304.68,574.4,759.11,837.89,778.83,3094.12,11,35.2,53.8,43475,103,102.5,102.6,103.3,4212.9,,2691
2019,黑龙江省,13612.68,3182.45,3615.21,3291.05,419.16,6815.03,533,1005.33,995.36,671.93,3192.35,23.4,26.6,50.1,36182.77,104.2,102.4,102.7,105.9,5603.9,,3751
2019,上海市,38155.32,103.88,10299.16,9670.68,716.16,27752.28,1650.44,5023.23,6600.6,3300.72,10624.53,0.3,27,72.7,157279,106,95,100.5,108.2,15847.6,,2428
2019,江苏省,99631.52,4296.28,44270.51,37825.32,6493.54,51064.73,3157.21,10901.27,7529.61,8057.76,19515.76,4.3,44.4,51.3,123607,106.1,101.3,105.9,106.6,37672.5,,8070
2019,浙江省,62351.74,2097.38,26566.6,22840.53,3779.55,33687.76,1962.13,7470.08,5004.37,4356.87,13699.69,3.4,42.6,54,107623.61,106.8,102,105.9,107.8,27343.8,,5850
2019,安徽省,37113.98,2915.7,15337.9,11454.85,3905.71,18860.38,1973.87,3429.23,2345.64,2870.49,7305.9,7.9,41.3,50.8,58495.57,107.5,103.2,108,107.7,17862.1,,6366
2019,福建省,42395,2596.23,20581.74,16170.45,4482.03,19217.03,1484.58,4242.89,2875.35,2689.62,7102.58,6.1,48.5,45.3,107139.25,107.6,103.5,108.3,107.3,18896.8,,3973
2019,江西省,24757.5,2057.56,10939.83,8965.81,1980.99,11760.11,1083.72,2103.31,1557.5,1895.01,4588.06,8.3,44.2,47.5,53164,108,103,108,109,10068.1,,4666
2019,山东省,71067.53,5116.44,28310.92,22985.13,5441.91,37640.17,3636.06,9744.83,4177.35,4348.67,14083.43,7.2,39.8,53,70652.62,105.5,101.1,102.6,108.7,29251.2,,10070
2019,河南省,54259.2,4635.4,23605.79,18413.21,5272.97,26018.01,2970.41,4010.8,2793.94,3419.58,11367.75,8.5,43.5,48,56387.84,107,102.3,107.5,107.4,23476.1,,9640
2019,湖北省,45828.31,3809.09,19098.62,16087.33,3073.13,22920.6,2233.45,3347.05,2783.57,3680.34,9360.98,8.3,41.7,50,77386.54,107.5,103.2,108,107.8,22722.3,,5927
2019,湖南省,39752.12,3646.95,14946.98,11630.55,3327,21158.19,1556.52,4022.92,1960.07,2777.26,9705.21,9.2,37.6,53.2,57540.26,107.6,103.2,107.8,108.1,16683.9,,6918
2019,广东省,107671.07,4351.26,43546.43,39398.46,4255.07,59773.38,3466.42,11153.04,8881.41,9223.62,24936.34,4,40.4,55.5,94172,106.2,104.1,104.7,107.5,42951.8,,11521
2019,广西壮族自治区,21237.14,3387.74,7077.43,5277.57,1816.05,10771.97,902.04,1758.95,1469.45,1798.82,4345.36,16,33.3,50.7,42964,106,105.6,105.7,106.2,8200.9,,4960
2019,海南省,5308.93,1080.36,1099.03,588.71,514.47,3129.54,246.93,533.03,392.23,497.86,1147.45,20.3,20.7,59,56506.83,105.8,102.5,104.1,107.5,1951.1,,945
2019,重庆市,23605.77,1551.42,9496.84,6656.72,2840.12,12557.51,977.14,2192.06,2087.95,1473.04,5295.61,6.6,40.2,53.2,75828,106.3,103.6,106.4,106.4,11631.7,,3124
2019,四川省,46615.82,4807.24,17365.33,13365.66,4123.48,24443.25,1468.52,4194.68,3121.87,3399.12,10855.61,10.3,37.3,52.4,55774,107.5,102.8,107.5,108.5,21343,,8375
2019,贵州省,16769.34,2280.56,6058.45,4545.97,1517.06,8430.33,709.88,1269.9,1060.02,632.24,4209.06,13.6,36.1,50.3,46433,108.3,105.7,109.8,107.8,7468.2,,3623
2019,云南省,23223.75,3037.62,7961.58,5301.51,2664.64,12224.55,1113.14,2389.22,1406.08,1410.42,5243.21,13.1,34.3,52.6,47944,108.1,105.5,108.6,108.3,10158.2,,4858
2019,陕西省,25793.17,1990.93,11980.75,9609.7,2482.96,11821.49,1059.86,1880.44,1708.33,1305.59,5219.97,7.7,46.4,45.8,66649.02,106,104,105.5,106.8,10213,,3876
2019,甘肃省,8718.3,1050.48,2862.42,2319.75,552.99,4805.4,438.39,646.28,862.33,470.49,2182.2,12,32.8,55.1,32994.56,106.2,105.8,104.7,107.2,3700.3,,2647
2019,青海省,2965.95,301.9,1159.75,817.49,342.26,1504.3,123.18,160.83,262.96,127.49,774.96,10.2,39.1,50.7,48981.46,106.3,104.6,106.3,106.5,948.5,,608
2019,宁夏回族自治区,3748.48,279.93,1584.72,1270.02,316.17,1883.83,178.21,200.85,302.01,148.09,981.75,7.5,42.3,50.3,54217,106.5,103.2,106.7,106.8,1399.4,,695
2019,新疆维吾尔自治区,13597.11,1781.75,4795.5,3861.66,1037.29,7019.86,953.72,766.09,1015.31,509.95,3382.81,13.1,35.3,51.6,54280,106.2,105.3,103.7,108.1,3617,,2523
