date,state,total_consump,coal_consump,gas_consump,electri_consump,coal_produce,electri_produce,water_e_produce,fire_e_produce
1997,Anhui,4405,5073,0,315.65,4897,329.33,9.69,319.63
1998,Anhui,4575,5383,0,309.19,4502,308.82,9.91,298.91
1999,Anhui,4683,5513,0,312.96,4522,308.16,9.61,298.54
2000,Anhui,4878.82,5909.39,0,338.93,4678.31,355,4.58,350.87
2001,Anhui,5118,6366,0,359.62,5524.98,398.62,8.41,381.22
2002,Anhui,5316,6679,0,389.94,6137.84,465.66,10.51,455.15
2003,Anhui,5457.09,7488.61,0,445.44,6726.41,557.15,15.6,541.6
2004,Anhui,6016.89,7823.06,0.15,515.94,8147.86,607.1,18.11,587.58
2005,Anhui,6518,8339.64,0.85,582.16,8487.96,648,12.52,636.37
2006,Anhui,7096.39,8830.52,1.95,662.4,8331.9,734.39,15.72,718.67
2007,Anhui,7752.06,9783.74,4.03,768.7,9265.65,873.43,19.67,853.76
2008,Anhui,8325,11377,7.17,858.87,11649.49,1124.83,28.14,1096.32
2009,Anhui,8896,12666,9.77,952.3,12848.55,1320.24,16.39,1300.24
2010,Anhui,9706.6,13375.7,12.48,1077.91,,1444,18.85,1420.18
2011,Anhui,10570,14538,20.14,1221,,1635,17.9,1609.86
2012,Anhui,11357.95,14704,24.9,1361.1,,1771,19.6,1744.11
2013,Anhui,11696,15665.08,27.81,1528.07,,1970,34.15,1928.35
2014,Anhui,12011.02,15786.98,34.46,1585.18,12804,2074,40.51,2017.84
2015,Anhui,12301,15673.49,34.83,1640,13404,2062,48.67,1988.11
2016,Anhui,12663,15706.17,39.18,1794.98,12236,2253,63.17,2134.69
2017,Anhui,13019,16082.22,44.37,1921.48,11724,2478,57.13,2319.56
2018,Anhui,13295,16673.06,53.01,2135.07,11412,2741,53.84,2533.74
2019,Anhui,13870,16699.74,59.64,2300.68,10989,2887,51.09,2663.97
2020,Anhui,14698,18498.2,63.21,2428,11084,2809,66.21,2555.84
1997,Beijing,3833,2581,1.81,302.97,1012,146.43,9.19,136.29
1998,Beijing,3913,2678,3.74,318.18,989,144.53,9.23,135.31
1999,Beijing,3986,2651,7.58,344.13,792,143.18,8.74,134.44
2000,Beijing,4144,2719.78,10.9,384.43,553,145,8.64,136.62
2001,Beijing,4313,2675,16.74,398.3,690.22,133.28,1.64,130.35
2002,Beijing,4436,2531,21,436,880.95,141.98,4.1,136.18
2003,Beijing,4648.2,2674.02,21.19,461.24,822.57,192.16,6.52,185.64
2004,Beijing,5139.6,2939.41,27.02,510.11,1067.96,203.89,3.96,198.07
2005,Beijing,5521.9,3068.97,32.04,570.54,897.92,213,4.71,209.8
2006,Beijing,5904.11,3055.67,40.65,618.99,651.07,214.85,4.94,207.05
2007,Beijing,6285.04,2984.67,46.64,675.09,648.8,228.08,4.93,223.15
2008,Beijing,6327,2748,60.65,708.15,578.62,243.35,0.36,242.99
2009,Beijing,6570,2665,69.4,758.85,641.25,242.65,0.37,241.04
2010,Beijing,6954.05,2634.62,74.79,809.9,,269,4.4,261.8
2011,Beijing,6995,2366,73.56,854,,263,4.48,255.5
2012,Beijing,7177.68,2270,92.07,911.94,,291,4.38,283.2
2013,Beijing,6724,2019.23,98.81,913.11,,336,4.72,327.88
2014,Beijing,6831.23,1736.54,113.7,937.05,457,369,6.82,359.04
2015,Beijing,6803,1165.18,146.88,953,450,421,6.64,411.16
2016,Beijing,6917,847.62,162.31,1020.27,318,434,12.29,417.76
2017,Beijing,7088,490.46,164.56,1066.89,255,397,11.25,379.7
2018,Beijing,7270,276.19,187.88,1142.38,176,451,9.91,434.33
2019,Beijing,7360,182.8,189.4,1166.4,36,464,10.19,445.71
2020,Beijing,6762.1,135,189.1,1140,0,457,11.46,436.09
1997,Fujian,2536,1708,0,310.19,776,310.18,194.13,116.05
1998,Fujian,2579,1790,0,321.92,727,321.92,184.81,137.11
1999,Fujian,2772,1987,0,355.26,459,356,183.83,172.17
2000,Fujian,3463.4,2159.61,0,401.51,375.03,404,195.22,208.45
2001,Fujian,3163,2205,0,439.98,1063,501.24,287.75,211.7
2002,Fujian,4236,2711,0,497.86,644.51,533.08,224.35,308.5
2003,Fujian,4808.3,3271.96,0,585.35,778.22,610.7,188.99,421.46
2004,Fujian,5448.7,3806.12,0.6,664.35,1492.61,674.64,184.84,489.52
2005,Fujian,6157.08,4857.13,0.51,756.59,1823.66,778,291,486.88
2006,Fujian,6840.28,5395.08,0.57,866.84,1932.77,904.25,346.82,555.8
2007,Fujian,7574.16,6117.15,0.48,1000.33,2050,1038.28,311.59,723.63
2008,Fujian,8254,6596,1.53,1149.77,2350.19,1127.27,399.61,715.97
2009,Fujian,8916,7109,8.49,1215.51,2466.13,1170.71,275.92,882.3
2010,Fujian,9808.52,7026.24,29.1,1315.09,,1356,453.69,890.43
2011,Fujian,10653,8714,37.89,1520,,1580,285.2,1272.58
2012,Fujian,11185.44,8485,37.49,1579.51,,1623,476.2,1118.97
2013,Fujian,11190,8078.64,49.39,1700.73,,1777,402.68,1263.03
2014,Fujian,12109.72,8198.3,50.26,1855.79,1589,1907,454.4,1268.92
2015,Fujian,11863,7659.95,45.38,1852,1591,1901,466.07,1092.25
2016,Fujian,12036,6826.5,48.55,1968.58,1384,2007,644.39,900.2
2017,Fujian,12890,7426.08,50.16,2112.72,1130,2226,463.66,1132.44
2018,Fujian,13131,8558.85,51.92,2313.82,941,2479,351.17,1398.71
2019,Fujian,13718,8718.32,52.77,2402.34,846,2578,442.35,1411.24
2020,Fujian,13905,6716.11,49.13864135,2483,659,2651,291.77,1565.31
1997,Gansu,2581,2374,0.64,260.72,2293,246.42,82.48,163.91
1998,Gansu,2687,2374,2.14,259.59,2316,250,92.57,157.41
1999,Gansu,2917,2395,0.14,291.58,1892,262.42,117.47,144.92
2000,Gansu,3011.62,2480.38,0.85,295.33,1632.71,254,102.54,150.98
2001,Gansu,2905,2551,1.19,306.09,1819.05,302.55,117.97,184.13
2002,Gansu,3174,2798,2.76,342.33,2089.21,340.18,105.74,234.26
2003,Gansu,3525.08,3218.54,7.37,398.33,2603.27,404.87,108.07,295.95
2004,Gansu,3907.74,3479.32,8.53,452,3539.98,455.34,119.42,334.71
2005,Gansu,4367.7,3750.67,9.62,489.48,3619.84,506,165.57,339.7
2006,Gansu,4743.05,3959.09,11.97,536.33,3950.62,530.13,170.45,357.38
2007,Gansu,5100,4455.19,12.97,614.74,3949.34,618.85,189.08,424.37
2008,Gansu,5346,4683,12.01,677.76,4022.24,697.71,188.72,479.27
2009,Gansu,5482,4479,12.43,705.51,3875.59,696.65,250.21,432.45
2010,Gansu,5923.13,5389.57,14.21,804.43,,792,262.32,502.29
2011,Gansu,6496,6303,15.58,923,,1028,252,709.9
2012,Gansu,7007.04,6558,20.28,994.56,,1103,294.67,717.5
2013,Gansu,7287,6541.07,23.23,1073.25,,1202,332.98,734.64
2014,Gansu,7521.45,6715.87,25.2,1095.48,4753,1241,354.18,731.51
2015,Gansu,7489,6585.06,26.04,1099,4400,1242,335.98,719.76
2016,Gansu,7300,6348.4,26.4,1065.15,4254,1214,313.51,704.18
2017,Gansu,7504,6336.36,28.91,1164.37,3738,1303,350.58,694.45
2018,Gansu,7823,6819.03,31.17,1289.52,3630,1540,411.37,803.44
2019,Gansu,7818,6810.16,32.93,1288.05,3685,1631,496.12,806.15
2020,Gansu,8349.5,6363.16,32.23602699,1376,3859,1762,506.81,875.95
1997,Guangdong,7953,5051,2.17,918.85,840,981.15,153.84,702.98
1998,Guangdong,8376,5087,2.2,987.85,300,1004.37,125.32,748.91
1999,Guangdong,8735,5284,1.71,1086.24,203,1104.38,84.71,877.22
2000,Guangdong,9447.7,5890.24,1.43,1334.58,161.71,1293,106.11,1038.61
2001,Guangdong,10179,6088,,1458.43,462.72,1417.65,189.74,1075.18
2002,Guangdong,11355,6649,,1687.83,168.71,1525.53,108.62,1209.57
2003,Guangdong,13099.29,7910.25,1.26,2031.29,202.34,1882.68,180.02,1399.46
2004,Guangdong,15210.47,8790.24,1.62,2387.14,557.35,2141.23,192.13,1661.26
2005,Guangdong,17769.4,9942.37,2.49,2673.56,383.38,2279,207.74,1764.53
2006,Guangdong,19765.22,11125.98,14.46,3004.03,,2465.82,267.99,1884.29
2007,Guangdong,21912.11,12593.97,45.69,3394.05,,2731.97,241.03,2187.24
2008,Guangdong,23476,13298,53.58,3506.78,10.5,2716.25,388.31,1968.54
2009,Guangdong,24654,13647,112.86,3609.64,0,2757.61,269.34,2157.62
2010,Guangdong,26908.02,15983.62,61.56,4060.13,0,3237,348.86,2487.86
2011,Guangdong,28480,18439,144.46,4399,0,3802,331.03,3017.97
2012,Guangdong,29144.01,17634,116.48,4619.42,0,3764,367.31,2880.99
2013,Guangdong,28480,17106.78,124.05,4830.13,0,3875,388.81,2973.41
2014,Guangdong,29593.26,17013.71,133.83,5235.23,0,4013,407.14,3019.24
2015,Guangdong,30117,16587.32,145.16,5311,0,4035,436.76,2934.43
2016,Guangdong,31211,16135.29,167.79,5610.13,0,4170,443.34,2971.7
2017,Guangdong,32309,17172.1,182.38,5958.97,0,4517,319.21,3327.59
2018,Guangdong,33330,17067.51,190.64,6323.35,0,4716,255.65,3467.52
2019,Guangdong,34142,16833.87,206.18,6695.85,0,5051,391.01,3433.89
2020,Guangdong,34483.42,12797.18,254.1561398,6926,0,5226,285.42,3603.12
1997,Guangxi,2605,2142,0,266.95,472.81,237.26,156.58,80.68
1998,Guangxi,2438,2106,0,273.58,430.71,245,146.8,98.2
1999,Guangxi,2473,2117,0,289.06,346.25,253.42,153.95,99.47
2000,Guangxi,2669.34,2228.43,0,314.44,300.26,289,168.87,120.21
2001,Guangxi,2669,2228,0,322.02,260.31,292.31,176.09,116.21
2002,Guangxi,3120,2133,0,356.95,185.31,307.74,184.12,123.61
2003,Guangxi,3523.26,2621.46,0,414.93,188.12,362.91,192.63,170.28
2004,Guangxi,4203.28,3366.71,0.02,456.86,267.06,378.49,185.41,192.02
2005,Guangxi,4980.6,3733.99,1.12,510.15,358.78,446,195.82,250.23
2006,Guangxi,5514.69,4172.86,1.22,579.46,288.54,523.34,243.69,279.67
2007,Guangxi,6136.67,4772.14,1.34,681.14,305.91,682.81,323.52,355.89
2008,Guangxi,6497,4676,1.01,760.79,191.3,868.53,522.97,301.26
2009,Guangxi,7075,5199,1.21,856.29,259.86,944.45,516.77,409.51
2010,Guangxi,7918.97,6206.82,1.7,993.24,428.48,1032,475.26,543.73
2011,Guangxi,8591,7033,2.53,1112,445.37,1039,415.49,623.02
2012,Guangxi,9154.5,7264,3.18,1153.85,440.96,1186,541.56,639.83
2013,Guangxi,9100,7344.11,4.55,1237.74,369.26,1266,488.95,774.21
2014,Guangxi,9515.34,6796.51,8.25,1307.99,341.29,1336,654.52,678.66
2015,Guangxi,9806,6094.82,8.37,1334,224.6,1300,749.31,544.33
2016,Guangxi,10110,6403.86,15.37,1359.65,227.45,1347,654.38,574.49
2017,Guangxi,10456,6617.64,16.76,1444.95,206.45,1468,686.72,626.83
2018,Guangxi,10823,7339.78,22.68,1703.04,224.8,1732,699.43,820.61
2019,Guangxi,11270,8021.91,27.86,1907.33,180.07,1846,593.41,1006.51
2020,Guangxi,11806,8385.08,31.9,2029,414,1971,614.47,1064.89
1997,Guizhou,3960,5176,4.98,225.87,6597,255.75,110.84,144.91
1998,Guizhou,4315,5522,5.56,249.9,6561,291.76,119.89,171.88
1999,Guizhou,4018,5028,6.22,274.22,4025,334.46,133.54,200.92
2000,Guizhou,4278.61,5146.3,5.72,287.78,3676.75,405,183.44,221.27
2001,Guizhou,4438,4946,6,449.05,4898.66,490.51,221.96,268.55
2002,Guizhou,4470,5199,5.48,491.67,5001.12,547.12,221.53,325.59
2003,Guizhou,5534.49,6793.62,5.45,551.07,7802.51,640.98,208.25,432.74
2004,Guizhou,6021,7993.74,4.99,583.26,7953.02,720.46,226.05,490.4
2005,Guizhou,6428.6,8651.44,5.44,486.97,10795.5,798,213.35,584.3
2006,Guizhou,7045.34,9938.99,4.95,619.59,11816.59,986.36,225.96,760.39
2007,Guizhou,7691.96,10630.35,5.14,714.09,10864.18,1166.32,340.62,825.71
2008,Guizhou,7084,9732,4.74,679.18,11319.53,1211.03,394.04,816.97
2009,Guizhou,7566,10912,4.18,750.3,13690.74,1380.02,400.88,979.15
2010,Guizhou,8175.43,10908.1,4.14,835.38,,1386,416.58,969.05
2011,Guizhou,9068,12085,4.76,944,,1379,355,1024
2012,Guizhou,9878.38,13328,5.26,1046.72,,1618,582.05,1026.77
2013,Guizhou,9299,13650.74,8.42,1126.27,,1678,477.8,1185.44
2014,Guizhou,9708.78,13117.6,10.62,1173.74,18508,1746,683.96,1045.08
2015,Guizhou,9344,12956.77,13.32,1174,17205,1815,789.22,986.64
2016,Guizhou,9606,13678.92,17.11,1241.78,16851,1904,733.73,1114.21
2017,Guizhou,9846,13634.1,17.73,1384.89,16344,1932,723.72,1136.51
2018,Guizhou,10036,12008.04,30.82,1482.12,14335,2021,714.93,1221.96
2019,Guizhou,10423,12204.17,36.76,1540.68,13168,2207,769.36,1339.53
2020,Guizhou,10111.12,4116.869663,33.85864662,1586,12055,2305,831.16,1332.11
1997,Hainan,390,138,5.11,34.6,2,34.6,14.85,19.75
1998,Hainan,407,169,5.58,36.69,2,35.52,8.58,26.93
1999,Hainan,431,179,5.1,38.65,2,36.98,8.2,28.78
2000,Hainan,479.95,191.63,5.28,38.37,2,39,11.54,27.51
2001,Hainan,520,,6.56,44.86,1.95,43.89,15.15,28.61
2002,Hainan,602,0,,49,1.26,50.11,13.74,36.37
2003,Hainan,683.74,607.21,24.08,59.3,2,58.59,13.22,45.25
2004,Hainan,742.48,477.34,23.89,68.66,0,65.7,9.23,56.4
2005,Hainan,819.1,341.6,20.97,81.61,0,82,10.64,72.46
2006,Hainan,910.91,332.23,23.97,97.66,0,96.98,11.59,85.08
2007,Hainan,1016.17,414.08,23.4,113.25,0,114.82,13.09,101.61
2008,Hainan,1135,472,26.78,122.97,0,120.77,12.72,107.9
2009,Hainan,1233,537,24.94,133.76,0,127.56,14.95,112.49
2010,Hainan,1358.51,647.2,29.72,159.02,0,153,13.34,137.39
2011,Hainan,1601,815,48.86,185,0,173,12.55,157.24
2012,Hainan,1687.98,931,47.49,210.31,0,199,15.36,180.96
2013,Hainan,1720,1008.78,46.02,232.02,0,231,23.93,200.62
2014,Hainan,1819.93,1018.3,46,251.88,0,245,24.55,215.1
2015,Hainan,1916,1071.92,45.65,272,0,261,11.39,236.07
2016,Hainan,1984,1015.31,40.85,287.31,0,288,19.13,199.95
2017,Hainan,2080,1099.34,42.98,304.95,0,305,26.37,195.34
2018,Hainan,2170,1162.67,44.27,326.82,0,325,25.51,211.23
2019,Hainan,2264,1130.39,46.15,354.89,0,346,17.27,212.46
2020,Hainan,2270.64,983.3683326,27.48496241,363,0,346,16.68,213.06
1997,Hebei,9033,11507,6.45,670.71,7879,694.12,10.62,683.5
1998,Hebei,9151,11416,6.62,682.65,5802,687.11,7.76,679.35
1999,Hebei,9379,11642,6.79,745.72,5511,769.64,2.42,767.01
2000,Hebei,11195.71,12115.08,7.72,809.34,5781.21,844,4.7,839.53
2001,Hebei,10391,12641,6.97,869.55,5865.7,901.63,3.62,897.88
2002,Hebei,13405,13739,7.74,965.08,6083.7,1014.26,3.64,1010.32
2003,Hebei,15297.89,14851.4,8.28,1098.99,6600.15,1088.34,3.01,1085.17
2004,Hebei,17347.79,17073.96,9.73,1291.41,8651.97,1255.56,4.02,1251.11
2005,Hebei,19745.1,20542.39,9.14,1501.92,8639.49,1339,5.61,1332.17
2006,Hebei,21690.37,21345.42,2.81,1734.83,8364.71,1461,14.42,1438.88
2007,Hebei,23489.86,24548.51,12.05,2013.68,8662.98,1646.24,5.68,1633.04
2008,Hebei,24322,24419,17.17,2095.02,8145.43,1527.75,10.95,1407.6
2009,Hebei,25419,26516,23.11,2344.18,8494.58,1742.46,5.71,1707.18
2010,Hebei,27531.11,27464.72,29.47,2691.52,,1993,5.55,1926.28
2011,Hebei,29498,30792,35.09,2985,,2327,7.25,2214.67
2012,Hebei,30250.21,31359,45.13,3077.82,,2411,4.7,2246.36
2013,Hebei,29664,31663.27,49.86,3251.19,,2507,10.93,2334.06
2014,Hebei,29320.21,29635.54,56.08,3314.11,7345,2559,11,2368.85
2015,Hebei,31037,31700.5,72.97,3176,7437,2498,9.98,2291.62
2016,Hebei,31458,30863.5,80.95,3264.52,6484,2631,22.26,2372.47
2017,Hebei,32083,30174.5,95.12,3441.74,6020,2983,15.56,2645.3
2018,Hebei,32185,29593.75,133.07,3665.66,5559,3229,10.54,2809.74
2019,Hebei,32545,28738.44,165.48,3856.06,5075,3298,16.44,2787.25
2020,Hebei,32782.76,36950.02111,172.5408421,3934,4975,3425,15.17,2831.73
1997,Henan,6711,7975,9.5,653.26,10520,630.83,12.33,618.5
1998,Henan,7244,8063,9.27,649.88,9407,631.05,13.7,617.36
1999,Henan,7380,8299,10.54,672.09,8012,658.97,15.83,642.14
2000,Henan,7918.84,8724.85,11.23,718.52,7577.9,695,15.52,677.76
2001,Henan,8244,9325,13.11,808.41,9170.98,792.85,36.13,753.81
2002,Henan,9055,10333,14.63,927.56,9921.21,876.82,15.52,858.86
2003,Henan,10594.88,11419.97,16.77,1054.64,11871.01,1025.1,54,968.26
2004,Henan,13074.16,14937.64,20.29,1299.63,16829.42,1280.75,78.36,1200.87
2005,Henan,14624.6,18467.89,23.71,1352.74,18761.42,1415,67.91,1346.77
2006,Henan,16235.32,21002.82,30.53,1534.21,19532.19,1600.5,88.26,1512.35
2007,Henan,17841,23171,33.14,1864.14,19287.15,1918.26,88.53,1829.73
2008,Henan,18976,23868,38.23,2092.63,21305.66,1977.78,98.77,1754.92
2009,Henan,19751,24445,41.5,2275.19,23018.12,2055.46,93.15,1952.61
2010,Henan,21437.76,26050,47.15,2353.96,,2192,91.67,2092.09
2011,Henan,23062,28374,54.96,2823,,2585,103.42,2467.24
2012,Henan,23647.11,25240,73.92,2926.2,,2643,136.72,2489.42
2013,Henan,21909,25058.14,79.77,2899.18,,2864,114.71,2741.34
2014,Henan,22889.93,24249.88,76.87,2919.57,14416,2741,98.95,2633.91
2015,Henan,22343,24253.68,87.14,2880,13596,2625,110.16,2498.99
2016,Henan,22323,23662.33,90.38,2989.15,11947,2653,95.54,2526.05
2017,Henan,22162,22976.12,100.17,3166.17,11751,2747,101.23,2581.06
2018,Henan,22659,22332.79,106.31,3417.68,11467,3060,143.95,2774.96
2019,Henan,22300,20045.45,109.34,3364.17,10938,2888,145.06,2553.5
2020,Henan,22752,21532.06216,100.9299248,3392,10647,2906,140.21,2515.14
1997,Heilongjiang,6435,6674,23.4,429.83,8518,432.9,10.85,422.02
1998,Heilongjiang,5975,5963,23.3,407.93,7092,423.82,12.65,411.17
1999,Heilongjiang,6058,5687,22.35,422.58,6230,411.53,9.23,402.31
2000,Heilongjiang,6166.15,5815.15,23.04,442.28,4974.36,427,13.19,413.54
2001,Heilongjiang,6037,5537,22.03,468.13,5686.73,438.37,12.76,425.41
2002,Heilongjiang,6004,5543,20.22,463.02,5882.58,459.28,15.09,444.19
2003,Heilongjiang,6713.52,6490.46,20.96,503.63,6669.2,493.78,11.72,483.12
2004,Heilongjiang,7465.67,7347.39,20.34,541.65,8476.49,501.83,13.96,484.98
2005,Heilongjiang,8026.2,8559.73,24.43,555.85,9503.2,596,14.7,581.13
2006,Heilongjiang,8727.5,9025.04,24.53,596.86,10282.44,646.59,14.74,629.64
2007,Heilongjiang,9374.49,9852.64,30.7,642.94,10065.11,685.21,10.41,670.32
2008,Heilongjiang,9979,11204,31.47,697.1,9760.12,732.96,17.56,696.62
2009,Heilongjiang,10467,11050,30,688.66,8748.72,722.95,17.09,685.91
2010,Heilongjiang,11233.51,12219.13,29.9,747.84,,777,22.53,720.35
2011,Heilongjiang,12119,13200,31,817,,835,17.02,771.57
2012,Heilongjiang,12757.8,13965,33.68,827.9,,849,16.34,765.88
2013,Heilongjiang,11853,13266.81,34.77,845.2,,839,30.52,732.66
2014,Heilongjiang,11954.9,13595.53,35.48,859.42,7059,889,20.04,795.87
2015,Heilongjiang,11104,12465.43,35.82,869,6551,874,16.86,790.43
2016,Heilongjiang,11070,12741.39,38.04,896.62,5890,900,16.87,803.48
2017,Heilongjiang,11258,12891.15,40.56,928.57,6196,954,21.02,821.13
2018,Heilongjiang,11436,13370.83,43.84,973.88,6133,1047,26.2,876.2
2019,Heilongjiang,11614,14142.64,44.37,995.63,5391,1112,27.71,911.73
2020,Heilongjiang,11525.1,,,1014,5558,1138,31.99,921.77
1997,Hubei,6109,5904,0.66,444.85,1517,490.45,245.26,244.61
1998,Hubei,6046,5911,0.82,454.52,1326,506.14,262.21,243.93
1999,Hubei,5988,5993,0.92,487.65,445,508,225.01,283
2000,Hubei,6269.09,6050.62,0.91,503.02,389.32,559,281.4,277.73
2001,Hubei,6052,6096,0.76,526.03,1016.54,598,275.12,322.88
2002,Hubei,6713,6483,0.91,567.43,372.55,606.57,272.58,333.98
2003,Hubei,7707.7,7238.46,0.94,629.2,366.4,780.46,380.64,395.32
2004,Hubei,9120,8053.71,0.94,699.41,1016.62,1096.77,697.24,396.8
2005,Hubei,9850.5,8652.64,6.11,788.91,1010.39,1290,813.65,476.15
2006,Hubei,10796.76,9651.64,6.64,894.76,1116.29,1306.67,756.06,548.41
2007,Hubei,11860.59,10534.62,8.63,1009.23,1084.26,1588.39,937.7,644.4
2008,Hubei,12845,10196,15.6,1076.24,1073.19,1828.44,1272.47,525.63
2009,Hubei,13708,11100,16.52,1183.04,1058.45,1818.06,1205.92,606.07
2010,Hubei,15137.59,13470.06,19.56,1330.44,,2043,1263.83,752.72
2011,Hubei,16579,15805,24.92,1573,,2086,1163.89,913.63
2012,Hubei,17674.66,15799,29.28,1642.74,,2238,1415.34,813.88
2013,Hubei,15703,12166.72,31.97,1629.75,,2237,1202.96,1021.59
2014,Hubei,16320.26,11887.83,40.24,1656.54,1057,2351,1375.99,966.39
2015,Hubei,15477,11035.08,40.26,1665,860,2341,1328.47,993.76
2016,Hubei,15897,10739.77,41.5,1763.11,594,2479,1410.72,1016.5
2017,Hubei,16180,10721.23,52.5,1869,316,2631,1504.24,1047.14
2018,Hubei,16682,11100.11,62.7,2071.43,119,2817,1465.49,1238.39
2019,Hubei,17316,11768.33,68.46,2214.3,41,2958,1356.98,1469.94
2020,Hubei,16251.46,,,2144,40,3016,1647.22,1222.23
1997,Hunan,4808,4703,0,355.39,4410,345.96,192.99,152.96
1998,Hunan,4894,4785,0,368.5,4352,345.69,193.69,152.01
1999,Hunan,4087,3618,0,376.74,1433,332.51,165.38,167.14
2000,Hunan,4070.71,3335.36,0,406.12,1490.81,354,191.15,163.27
2001,Hunan,4622,4100,0,439.68,3673.35,401.84,212.01,189.07
2002,Hunan,5382,4287,0,476,1845.42,425.54,227.93,197.61
2003,Hunan,6297.5,4984.25,0,546.95,2366.69,537.76,242.97,294.79
2004,Hunan,7599.2,6039.79,0.06,662.61,6016.57,651.11,280.93,371.31
2005,Hunan,9110.1,8739.29,1,674.43,5735,644,241.28,403.13
2006,Hunan,9879.18,9438.51,4.25,768.78,5948.84,754.9,290.69,464.08
2007,Hunan,10796.51,10277.39,5.84,890.58,6217.16,860.15,312.56,547.59
2008,Hunan,12355,10169,8.23,1128.54,6153.86,927.25,407,520.06
2009,Hunan,13331,10751,10.23,1232.19,6572.85,1027.95,409.43,618.51
2010,Hunan,14880.06,11323.33,11.25,1171.91,,1226,502.53,723.75
2011,Hunan,16161,13006,15.34,1545,,1347,459.03,880.78
2012,Hunan,16744.08,12084,18.79,1582.34,,1398,602.7,779.17
2013,Hunan,14919,11223.84,20.46,1423.09,,1356,507.14,841.89
2014,Hunan,15316.84,10899.51,24.4,1430.88,5554,1337,559.86,765.69
2015,Hunan,14514,10228.9,26.53,1448,3559,1314,572.52,712.65
2016,Hunan,14845,10768.56,26.86,1495.65,2787,1385,621.51,723.32
2017,Hunan,15200,11018.5,27.07,1581.51,1938,1438,594.92,787.67
2018,Hunan,15544,10922.31,30.47,1745.24,1900,1540,535.75,923.42
2019,Hunan,16001,10664.02,32.9,1864.32,1473,1559,543.97,914.6
2020,Hunan,,,,1929,1068,1554,573.66,851.87
1997,Jilin,4333,4970,2.95,287.8,2677,280.03,40.67,239.37
1998,Jilin,3751,4182,3.22,270.58,2130,281.28,39.31,241.96
1999,Jilin,3693,4243,3.04,295.46,1682,299.57,44.89,254.64
2000,Jilin,3766.41,4212.7,2.98,291.37,1636.71,314,47.84,265.48
2001,Jilin,3863,4484,3.02,323.36,1761.95,329.57,58.13,270.83
2002,Jilin,4531,4664,3.02,344.54,1685.25,295.65,44.57,250.37
2003,Jilin,5173.5,5202.06,3.08,359.4,2037.63,338.83,40.8,297.39
2004,Jilin,5602.51,5715.02,4,383.06,2589.96,386.19,56.35,329.15
2005,Jilin,5957.6,6802.48,6.18,378.23,2715.11,433,78.3,354.16
2006,Jilin,6622.41,7548.83,6,412.45,3004.05,443.2,54.6,385.76
2007,Jilin,7346.11,7846.56,6.47,462.64,3354.18,494.76,61.83,422.74
2008,Jilin,7221,8367,13.83,496.49,3980.09,577.67,58.91,398.63
2009,Jilin,7698,8589,16.66,515.25,4401.46,541.83,56.28,458.61
2010,Jilin,8297.31,9582.66,22.01,576.98,,605,105.5,463.29
2011,Jilin,9103,11035,19.38,631,,710,62.9,591.97
2012,Jilin,9443.04,11083,22.79,787.05,,692,65.78,577.62
2013,Jilin,8645,10413.74,24.05,653.85,,779,118.48,606.13
2014,Jilin,8559.79,10379.34,22.58,667.81,3100,781,72.55,647.82
2015,Jilin,7020,8632.01,20.65,652,2634,731,58.42,597.05
2016,Jilin,6886,8349.29,23,667.63,1684,760,82.42,592.28
2017,Jilin,6881,8270.55,24.91,702.98,1639,760,63.47,620.75
2018,Jilin,7000,8553.18,29.71,750.57,1620,869,63.4,676.94
2019,Jilin,7132,8730.65,30.17,780.37,1256,946,66.76,725.24
2020,Jilin,7185.7,6719.932241,31.33613534,805,1040,1019,93.84,750.21
1997,Jiangsu,7991,8491,0.12,777.63,2506,777,0.46,776.54
1998,Jiangsu,8118,8571,0.17,786.02,2379,754.27,0.29,753.97
1999,Jiangsu,8164,8714,0.22,848.74,2292,787.06,0.04,787.03
2000,Jiangsu,8612.43,8769.8,0.24,971.34,2479.02,910,0.13,909.57
2001,Jiangsu,8881,8963,0.23,1078.44,2505.14,987.47,0.2,986.49
2002,Jiangsu,9609,9663,1.01,1244.6,2593.59,1116.56,1.03,1115.53
2003,Jiangsu,11060.15,10848.82,0.62,1505.13,2760.4,1336.77,4,1332.77
2004,Jiangsu,13651.69,13272.08,3.14,1820.08,2763.13,1554.89,3,1550.78
2005,Jiangsu,16895.4,16778.57,13.62,2193.45,2817.56,2120,2.66,2114.03
2006,Jiangsu,18742.19,18427.68,31.3,2569.75,3047.53,2535.52,3.05,2512.58
2007,Jiangsu,20604.43,19951.8,44.58,2952.02,2480.2,2674.6,2.95,2577.39
2008,Jiangsu,22232,20737,63.13,3118.33,2430.11,2815.03,6.65,2631.34
2009,Jiangsu,23709,21003,63.43,3313.98,2397.44,2928.41,2.23,2762.15
2010,Jiangsu,25773.71,23100.48,71.57,3864.37,,3359,2.98,3166.32
2011,Jiangsu,27589,27364,93.74,4282,,3763,2.02,3562.63
2012,Jiangsu,28849.84,27762,113.14,4580.91,,4001,11.22,3779.05
2013,Jiangsu,29205,27946.07,124.47,4956.62,,4321,11.09,4099.24
2014,Jiangsu,29863.03,26912.61,127.7,5012.54,2019,4346,11.65,4093.76
2015,Jiangsu,30374,27209.12,165.02,5115,1919,4361,11.69,4104.31
2016,Jiangsu,31210,28048.13,172.73,5458.95,1368,4709,17.35,4403.02
2017,Jiangsu,31602,26620.03,237.69,5807.89,1278,4924,28.93,4536.9
2018,Jiangsu,31635,25407.28,276.21,6128.27,1246,5146,33.22,4578.08
2019,Jiangsu,32526,24902.05,288.06,6264.36,1103,5166,30.76,4468.81
2020,Jiangsu,32672.49,,,6374,1022,5218,32.17,4433.91
1997,Jiangxi,2132,2542,0,186.08,2064,179.82,60.52,119.3
1998,Jiangxi,2028,2408,0,188,2108,181.06,60.4,120.66
1999,Jiangxi,2134,2435,0,193.91,1731,187.8,53.08,134.72
2000,Jiangxi,2505,2468.63,0,208.15,1813.76,203,53.5,149.85
2001,Jiangxi,2329,2584,0,222.29,1515.09,216.95,54.73,162.22
2002,Jiangxi,2933,2557,0,246.56,1375.04,247.99,61.51,186.48
2003,Jiangxi,3426,3088.6,0,299.53,951.66,320.94,47.64,273.3
2004,Jiangxi,3814,3943.91,0,389.2,2871.75,378.98,75.55,303.43
2005,Jiangxi,4286,4242.9,0.11,391.98,2565.05,373,67.88,305.61
2006,Jiangxi,4660.51,4592.26,0.68,453.28,2783.42,439.9,95.4,344.49
2007,Jiangxi,5053.76,5169.99,1.04,516.09,2997.24,502.01,85.06,416.95
2008,Jiangxi,5383,5267,2.5,546.77,3302.98,576.14,167.26,407.54
2009,Jiangxi,5813,5356,2.58,609.22,2982.47,532.91,85.07,447.42
2010,Jiangxi,6354.88,6246.24,3.85,700.51,,664,117.85,545.36
2011,Jiangxi,6928,6988,6.34,835,,730,79.82,648.7
2012,Jiangxi,7232.92,6802,10.04,867.67,,728,111.66,615.04
2013,Jiangxi,7583,7254.69,13.43,947.11,,875,128.93,745.34
2014,Jiangxi,8055.36,7477.31,15.19,1018.52,2814,882,138.16,734.55
2015,Jiangxi,8423,7658.74,18.02,1087,2271,982,178.31,785.61
2016,Jiangxi,8730,7533.19,20.04,1182.5,1557,1085,198.53,856.93
2017,Jiangxi,8972,7671.45,21.73,1293.98,939,1160,153.21,949
2018,Jiangxi,9286,7877.77,25.93,1428.77,551,1286,120.28,1073.43
2019,Jiangxi,9665,7995.94,26.96,1535.7,504,1376,167.74,1100.96
2020,Jiangxi,9808.6,8637.280414,28.02457143,1627,314,1445,144.89,1167.39
1997,Liaoning,9474,9035,20.75,711.41,5884,615.23,28.83,585.18
1998,Liaoning,9106,8682,18.89,674.55,5786,608.08,21.56,581.05
1999,Liaoning,9384,8462,18.75,756.11,4779,610.48,25.54,584.94
2000,Liaoning,10655.82,9582.18,20.15,748.89,4454.89,646,14.89,628
2001,Liaoning,10656,9084,18.93,809.42,4468.15,662.12,22.72,638.68
2002,Liaoning,10602,9355,18.81,859.2,5180.77,725.27,14.46,709.29
2003,Liaoning,11253.34,10453.84,18.82,886.88,5870.69,837.11,22.97,812.3
2004,Liaoning,13074.15,11944.98,15.81,1058.1,6641.94,874.85,38.59,834.48
2005,Liaoning,14684.9,13069.67,14.81,1110.56,6395.03,904,56.73,845
2006,Liaoning,15883.16,14211.31,13.1,1228.28,7367.27,1014.54,47.03,962.82
2007,Liaoning,17379.47,15224.32,14.24,1359.51,6349.09,1115.03,43.81,1065.26
2008,Liaoning,17801,15347,16.21,1411.99,6495.12,1137.84,38.58,1085.26
2009,Liaoning,19112,16033,16.44,1488.17,6624.17,1162.51,28.81,1117.15
2010,Liaoning,20946.52,16908.43,19.02,1715.26,,1295,43.98,1204.04
2011,Liaoning,22712,18054,39.07,1862,,1370,31.69,1260.4
2012,Liaoning,23526.4,18219,63.72,1899.88,,1441,38.24,1304.35
2013,Liaoning,21721,18132.77,78.68,2008.46,,1554,61.11,1333.65
2014,Liaoning,21803.38,18002.27,84,2038.73,5001,1656,41.8,1369.64
2015,Liaoning,21362,17028.08,55.35,1985,4752,1665,32.28,1357.71
2016,Liaoning,20847,16943.7,50.63,2037.4,4170,1779,47.03,1399.56
2017,Liaoning,21365,17587.17,62.05,2135.5,3630,1844,30.31,1415.04
2018,Liaoning,22321,17904.4,73.16,2302.38,3403,1986,33.57,1453.8
2019,Liaoning,23749,18710.78,75.01,2401.47,3292,2073,43.58,1476.74
2020,Liaoning,23199.5,18675.224,73.26157895,2423,3129,2135,56.55,1506.84
1997,Inner Mongolia,3374,5800,0,211.61,8303,342.23,1.09,340.85
1998,Inner Mongolia,3050,5282,0,189.56,7769,350.41,1.84,347.94
1999,Inner Mongolia,3803,5525,0,236.77,7071,380.61,1.65,378.18
2000,Inner Mongolia,3549.33,5907.99,0.01,254.21,7247.29,439,5.59,432.09
2001,Inner Mongolia,4073,6265,0.14,279.68,8162.89,465.49,6.19,456.93
2002,Inner Mongolia,4560,6864,0.22,320.44,8880.3,514.85,6.69,507.3
2003,Inner Mongolia,5777.85,9024.63,2.04,406.62,11959.35,647.73,7.07,639.53
2004,Inner Mongolia,7622.54,11391.44,4.42,535.58,21235.21,816.44,8.49,805.84
2005,Inner Mongolia,9642.6,13921.81,6.35,667.72,25607.69,1057,11.55,1042.28
2006,Inner Mongolia,11163.11,16188.88,14.38,884.91,29759.63,1412.54,12.8,1395.93
2007,Inner Mongolia,12723.24,18531.51,26.51,1160.21,35437.94,1931.95,11.86,1876.83
2008,Inner Mongolia,14100,22242,30.53,1220.57,50222.82,2183.85,11.18,2071.98
2009,Inner Mongolia,15344,24047,44.29,1287.93,60058.45,2242.37,14.82,2073.49
2010,Inner Mongolia,16820.3,27004.04,45.3,1536.83,,2489,16.29,2226.55
2011,Inner Mongolia,18737,34684,40.84,1834,,2973,12.21,2639
2012,Inner Mongolia,19785.71,36620,37.84,2016.78,,3172,17.66,2845.29
2013,Inner Mongolia,17681,34915.72,43.51,2181.9,,3567,19.74,3167.64
2014,Inner Mongolia,18309.06,36465.97,44.53,2416.74,99391,3977,37.49,3522.75
2015,Inner Mongolia,18784,36283.33,39.15,2543,90957,3929,36.42,3427.49
2016,Inner Mongolia,19310,36460.55,45.06,2605.03,84559,3950,27.48,3374.88
2017,Inner Mongolia,19763,38372.19,52.04,2891.87,90597,4413,20.11,3741.98
2018,Inner Mongolia,23068,44138.47,61.97,3353.44,99102,4961,36.49,4164.48
2019,Inner Mongolia,25346,49035.95,64.18,3653.02,109068,5495,58.07,4608.41
2020,Inner Mongolia,27133.65,38692.89639,52.02316353,3900,102551,5811,57.35,4841.2
1997,Ningxia,805,1093,0.03,102.44,1670,113.42,7.01,106.41
1998,Ningxia,827,1087,0.11,106.95,1583,110.63,8.03,102.6
1999,Ningxia,848,1042,0.12,115.32,1531,112.28,9.82,102.46
2000,Ningxia,1179.43,1041.89,0.12,136.17,1581,137,8.18,128.43
2001,Ningxia,,,,151.81,1635.72,150.3,7.59,142.71
2002,Ningxia,1378,0,,178.76,1707.31,171.02,7.78,163.24
2003,Ningxia,2014.82,2965.1,10.1,212,2047.9,206.13,7.28,198.85
2004,Ningxia,2322.23,2761.19,6.77,272.83,2432.7,253.66,9.4,243.99
2005,Ningxia,2509.6,3248.93,6.63,302.88,2607.86,313,16.41,295.19
2006,Ningxia,2801.53,3489.61,7.94,377.85,3273.02,388.42,16.38,367.31
2007,Ningxia,3047,4135,8.99,439.78,3771.84,452.96,17.47,432.45
2008,Ningxia,3229,4287,11,439.62,4325.35,471.17,16.08,449.28
2009,Ningxia,3388,4781,11.98,470.32,5509.53,479.85,17.36,454.6
2010,Ningxia,3681.1,5764.92,15.48,546.77,,587,18.02,551.36
2011,Ningxia,4316,7947,18.58,725,,939,16.75,909.42
2012,Ningxia,4562.39,8055,20.48,741.8,,1010,19.06,954.7
2013,Ningxia,4781,8533.51,19.57,811.18,,1105,18.76,1011.6
2014,Ningxia,4946.1,8857,17.88,848.75,8563,1196,17.46,1086.89
2015,Ningxia,5438,8928.41,20.05,878,7976,1155,15.53,1017.09
2016,Ningxia,5591,8680.01,22.4,886.91,7069,1144,14.02,953.56
2017,Ningxia,6461,11046.2,19.99,978.3,7644,1406,15.45,1167.14
2018,Ningxia,7100,12711.22,20.96,1064.85,7840,1672,19.76,1367.77
2019,Ningxia,7648,13724.01,25.35,1083.9,7477,1766,21.87,1443.87
2020,Ningxia,7933,9073.583928,25.64804511,1038,8152,1882,22.5,1529.99
1997,Qinghai,707,550,2.2,87.68,329,84.26,50.2,34.06
1998,Qinghai,739,538,2.68,94.35,321,100.49,66.55,33.93
1999,Qinghai,939,637,3.47,107.24,214,114.36,87.48,26.88
2000,Qinghai,897.2,522.2,3.91,109.1,145.44,134,107.69,26.1
2001,Qinghai,930,642,5.85,111.81,192,141.67,94.59,44.98
2002,Qinghai,1019,620,11.27,132.67,249.77,139.49,88.97,50.52
2003,Qinghai,1122.7,675.43,15.15,158.51,310.57,130.48,66.6,63.88
2004,Qinghai,1364.4,680.05,17.91,199.64,452.26,172.51,111.3,61.21
2005,Qinghai,1670.2,698.97,22.11,206.56,595.66,216,160.58,55.63
2006,Qinghai,1903.22,912.39,22.78,246.04,694.8,281.62,209.58,72.04
2007,Qinghai,2094.89,1058.19,20.25,287.11,963.64,307.66,207.76,99.9
2008,Qinghai,2279,1316,22.9,313.23,1293.64,310.46,207.1,103.23
2009,Qinghai,2348,1310,24.56,337.24,1283.61,377.94,276.32,101.62
2010,Qinghai,2568.26,1270.68,23.72,465.18,,468,371.11,97.15
2011,Qinghai,3189,1508,32.05,561,,463,370.87,91.8
2012,Qinghai,3524.06,1859,40.11,602.22,,584,455.5,114.7
2013,Qinghai,3768,2073.15,41.56,676.29,,611,435.49,134.43
2014,Qinghai,3991.7,1816.51,40.59,723.21,1833,581,391.28,129.86
2015,Qinghai,4125,1508.12,44.38,658,816,566,364.33,122
2016,Qinghai,4101,1962.4,46.25,637.51,787,553,300.85,152.19
2017,Qinghai,4193,1747.01,49.56,687.01,842,615,328.14,161.24
2018,Qinghai,4364,1639.64,51.25,738.34,821,811,517.9,124.36
2019,Qinghai,4235,1541.92,52.12,716.47,1286,886,554.04,107.37
2020,Qinghai,4150.36,1572.290937,46.15325143,742,1092,952,599,104.54
1997,Shandong,9154,9863,7.53,855.54,9094,840.3,0.46,839.85
1998,Shandong,9012,9922,6.56,792.89,8977,823.79,0.07,823.72
1999,Shandong,9068,9955,3.52,805.47,8995,910.51,0.06,910.45
2000,Shandong,11361.9,8698.35,4.53,1000.71,8038.59,1005,0.03,1005.14
2001,Shandong,9955,11098,4.93,1560.2,10824.96,1104.35,0.01,1068.95
2002,Shandong,14599,12938,4.63,1230.02,13065.97,1220.84,0.01,1220.73
2003,Shandong,16624.8,15165.68,9.61,1395.72,14667.27,1396.97,0.2,1396.77
2004,Shandong,19623.7,18270.08,11.71,1693.71,14764.28,1688.19,0.98,1681.78
2005,Shandong,23609.8,25247.91,17.89,1911.61,14030,1911,1.3,1909.59
2006,Shandong,26164.31,29001.25,22.59,2312.04,14069.45,2314.53,0.17,2309.22
2007,Shandong,28554.4,31702.78,23.33,2596.05,14518.34,2698.03,0.77,2691.43
2008,Shandong,30570,34390,34.5,2726.98,13742.5,2647.5,2.8,2598.25
2009,Shandong,32420,34795,40.24,2941.07,14377.72,2859.9,1.74,2828.88
2010,Shandong,34807.77,37327.89,47.01,3298.46,,3043,2.14,3003.6
2011,Shandong,37132,38921,52.86,3635,,3169,2.03,3128.18
2012,Shandong,38899.25,40233,67.23,3794.55,,3212,1.23,3141.53
2013,Shandong,35358,37683.44,68.8,4083.12,,3549,3.45,3464.17
2014,Shandong,36510.99,39561.73,74.96,4223.49,14684,4655,5.19,4528.47
2015,Shandong,39332,43515.9,82.32,5117,14220,4685,7.77,4545.63
2016,Shandong,40138,42160.4,98.61,5390.75,12818,5329,13.92,5142.88
2017,Shandong,40098,42003.58,126.91,5430.16,13160,5775,6.46,5546.69
2018,Shandong,40581,42319.48,156.33,5916.77,12556,5920,4.64,5524.79
2019,Shandong,41390,43132.99,189.98,6218.72,11918,5897,5.23,5292.91
2020,Shandong,41826.8,39139.06359,183.3460481,6940,10945,5806,8.66,5141.56
1997,Shanxi,6983,14674,0.92,446.01,33843,546.02,5.76,540.26
1998,Shanxi,6626,15281,1.04,440.31,31482,554.03,6.01,548.02
1999,Shanxi,6501,13756,1.09,459.34,24894,569.83,11.39,558.45
2000,Shanxi,6728,14262.48,1.14,501.99,19602.7,620,13.04,607.27
2001,Shanxi,7968,14856,1.58,557.08,27614.67,710.33,16.73,691.14
2002,Shanxi,9340,18055,1.92,628.83,24361.3,842.01,18.83,823.18
2003,Shanxi,10386,20501.93,2.5,731.77,29508.66,965.01,19.29,945.71
2004,Shanxi,11251,22432.67,2.96,841.55,48392.72,1078.99,21,1058
2005,Shanxi,12311.9,25681.4,3.24,946.33,55426.05,1312,20.32,1291.65
2006,Shanxi,13496.67,28351.22,6.02,1097.67,58141.91,1526.37,23.87,1502.5
2007,Shanxi,14619.76,29203.48,6.91,1348.81,63020.93,1760.5,47.32,1713.18
2008,Shanxi,15675,28373,6.6,1313.49,64501.3,1793.78,23.36,1764.93
2009,Shanxi,15576,27762,13.76,1267.54,59353.98,1873.8,21.66,1848.76
2010,Shanxi,16808.03,29865.1,28.93,1460,,2151,36.63,2104
2011,Shanxi,18315,33479,31.93,1650,,2344,34.63,2301.73
2012,Shanxi,19335.59,34551,37.39,1765.78,,2546,43.79,2456.14
2013,Shanxi,19761,36636.51,45.08,1832.35,,2641,38.87,2551.32
2014,Shanxi,19862.76,37587.43,50.35,1822.63,92794,2679,33.06,2576.32
2015,Shanxi,19029,43880.62,64.92,1737,96680,2449,29.26,2330.26
2016,Shanxi,18974,43566.14,69.35,1797.18,83044,2535,37.5,2362.85
2017,Shanxi,19581,45916.08,74.9,1990.61,87221,2861,42.46,2607.22
2018,Shanxi,20199,48940.14,75.21,2160.53,92677,3203,43.18,2853.44
2019,Shanxi,20859,51331.61,91.7,2261.9,98795,3362,49.07,2960.8
2020,Shanxi,17937.22,4115.749685,306.4045113,2342,107906,3504,46.76,3032.5
1997,Shaanxi,3111,3590,0.62,262.62,4949,269.78,22.47,247.12
1998,Shaanxi,3022,3509,1.92,256.86,2278,245.97,31.2,214.77
1999,Shaanxi,2668,2998,3.47,273.63,2432,255.05,19.68,235.37
2000,Shaanxi,2731.23,2765.72,6.67,292.76,1983.89,272,34.8,237.48
2001,Shaanxi,3257,3133,10.84,344.69,5282.2,424.22,149.14,275.04
2002,Shaanxi,3713,3451,14.01,373.86,5859.31,343.51,25.92,317.59
2003,Shaanxi,4169.98,3960.65,18.26,421.92,7392.76,419.16,46.75,373.35
2004,Shaanxi,4775.96,4958.06,32.77,459.78,13068.42,498.29,42.49,455.9
2005,Shaanxi,5423.7,6049.12,18.76,516.43,15246,549,50.54,495.85
2006,Shaanxi,5905.41,7400.1,28.43,580.73,18261.99,584.7,39.88,544.82
2007,Shaanxi,6639.48,7893.75,41.34,653.69,20353.51,706.87,55.45,651.28
2008,Shaanxi,7417,8941,51.6,708.02,24162.79,853,64.23,786.58
2009,Shaanxi,8044,9497,50.01,740.11,29611.13,908.94,74.59,834.37
2010,Shaanxi,8882.11,11638.53,59.19,859.22,,1112,87.24,1024.89
2011,Shaanxi,9761,13318,62.49,982,,1222,99.63,1122.04
2012,Shaanxi,10625.71,15774,65.97,1066.75,,1342,88.91,1252.07
2013,Shaanxi,10610,17247.95,70.3,1152.22,,1512,110.87,1391.71
2014,Shaanxi,11222.46,18375.34,74.26,1226.01,52226,1630,116.89,1490.57
2015,Shaanxi,11746,18373.61,92.35,1222,52576,1623,134.26,1452.38
2016,Shaanxi,12146,19392.24,98.22,1357.06,51566,1757,125.14,1581.48
2017,Shaanxi,12549,20065.4,103.16,1494.75,57102,1846,140.15,1613.54
2018,Shaanxi,12900,19395.89,105.52,1594.17,62958,1920,137.01,1639.69
2019,Shaanxi,13478,21548.81,122.86,1912.34,63630,2193,154.98,1860.45
2020,Shaanxi,13512.26,14236.20328,106.2857143,1741,67973,2379,128.11,2037.87
1997,Shanghai,4759,4208,,454.26,0,458.48,0,452.96
1998,Shanghai,4874,4187,,482.94,0,483.23,0,483.23
1999,Shanghai,5208,4225,1.09,501.2,0,498.01,0,498.01
2000,Shanghai,5499.48,4496.08,2.54,559.45,0,553,0,553.09
2001,Shanghai,5818,4610,3.3,592.99,0,574.88,0,572.86
2002,Shanghai,6249,4737,4.33,645.71,0,608.92,0,608.92
2003,Shanghai,6796.34,5017.5,4.97,745.97,0,687.63,0,687.51
2004,Shanghai,7405.64,5144.32,10.69,821.44,0,705.02,0,703.77
2005,Shanghai,8312.09,5324.52,18.72,921.97,0,734,0,728.74
2006,Shanghai,8967.32,5143.09,25.25,990.15,0,720.74,0,720.33
2007,Shanghai,9767.75,5259.53,27.78,1072.38,0,739.14,0,736.25
2008,Shanghai,10207,5464,30,1138.22,0,773.62,0,765.25
2009,Shanghai,10367,5305,33.52,1153.38,0,778.2,0,767.77
2010,Shanghai,11201.13,5875.52,45.01,1295.87,0,876,0,864.79
2011,Shanghai,11270,6142,55.43,1340,0,949,0,946
2012,Shanghai,11362.15,5703,64.38,1353.45,0,886,0,882.45
2013,Shanghai,11346,5681.19,72.89,1410.6,0,959,0,951.51
2014,Shanghai,11084.63,4895.78,72.43,1369.03,0,793,0,789.53
2015,Shanghai,10931,4728.13,77.41,1406,0,793,0,787.55
2016,Shanghai,11242,4625.62,79.04,1486.02,0,807,0,800.14
2017,Shanghai,11382,4577.84,83.23,1526.77,0,852,0,836.13
2018,Shanghai,11454,4420.62,93.49,1566.66,0,848,0,823.75
2019,Shanghai,11696,4238.28,99.4,1568.58,0,822,0,797.45
2020,Shanghai,11099.59,4168.01,,1576,0,862,0,832.98
1997,Sichuan,6628,6064,52.14,466.25,6223,491.97,246.84,245.1
1998,Sichuan,6750,5900,56.84,453.19,5697,475.55,252.68,222.87
1999,Sichuan,6370,4862,58.67,462.26,2087,443.86,260.4,183.46
2000,Sichuan,6517.82,4861.98,58.67,521.23,2061.95,500,315.11,185.13
2001,Sichuan,6810,4650,63.07,586.48,4371.75,633.38,422.36,208.77
2002,Sichuan,7510,5462,69.96,670.76,2753.89,695.74,409.85,285.65
2003,Sichuan,9203.51,7254.1,74.68,758.79,3133.88,849.26,480.15,368.45
2004,Sichuan,10699.98,8188.68,80.64,857.02,7651.35,934.49,620.57,313.79
2005,Sichuan,11301.1,7791.93,89.52,942.59,8125.05,1019,653.35,365.42
2006,Sichuan,12538.5,8532.71,106.08,1059.44,8600,1226.58,784.65,441.93
2007,Sichuan,13685.19,9450.11,112.15,1177.5,9557.74,1262.92,814.13,448.6
2008,Sichuan,15145,10727,108.94,1213.29,9495.46,1382.97,980.86,400.85
2009,Sichuan,16322,12147,126.99,1361.87,8997.34,1578.78,1065.41,513.09
2010,Sichuan,17891.83,11520.4,175.26,1549.03,,1795,1213.42,570.21
2011,Sichuan,19696,11454,156.08,1963,,1981,1364.02,609.42
2012,Sichuan,20575,11872,153,2009.6,,2151,1562.46,587.9
2013,Sichuan,19212,11678.55,148.3,1948.95,,2631,2002.01,628.1
2014,Sichuan,19878.66,11045.39,165.17,2014.79,7663,3095,2501.14,589.62
2015,Sichuan,18306,8824.34,196.92,1992,6406,3130,2667.64,450.13
2016,Sichuan,18756,8467.99,202.69,2101.02,6165,3274,2852.07,397.83
2017,Sichuan,19229,7815.38,216.26,2205.18,4799,3452,3023.56,374.28
2018,Sichuan,19916,7495.78,237,2459.49,3736,3693,3162.67,453.47
2019,Sichuan,20791,7713.47,254.38,2635.83,3397,3924,3316.01,508.47
2020,Sichuan,16355,8020.299594,262.1503759,2865,2240,4182,3541.38,527.65
1997,Tianjin,2459,2324,2.92,194.09,0,178.19,,178.19
1998,Tianjin,2445,2325,2.94,182.42,0,165.3,0.21,165.3
1999,Tianjin,2553,2289,3.09,211.19,0,181.29,0.19,181.1
2000,Tianjin,2793.71,2472.71,5.4,234.05,0,211,0.14,211.35
2001,Tianjin,2918,2635,7.89,250.47,0,217.43,,217.43
2002,Tianjin,3022,2929,6.48,281,0,268.83,,268.83
2003,Tianjin,3214.97,3205.34,7.26,313,0,320.07,,320.07
2004,Tianjin,3696.68,3508.57,8.55,350.97,0,339.76,,339.76
2005,Tianjin,4115.2,3801.45,9.04,384.84,0,369,,365.69
2006,Tianjin,4525.14,3809.31,11.22,445.73,0,359.24,,359.24
2007,Tianjin,4944.49,3926.7,14.27,510.68,0,393.27,0.14,393.13
2008,Tianjin,5364,3973,16.84,535.26,0,382.26,0.14,377.93
2009,Tianjin,5874,4120,18.12,576.92,0,415.77,,389.67
2010,Tianjin,6818.08,4806.79,22.93,645.74,0,589,,559.6
2011,Tianjin,7598,5262,26.02,727,0,621,,619.52
2012,Tianjin,8208.01,5298,32.58,767.13,0,590,,587.32
2013,Tianjin,7882,5278.67,37.79,774.49,0,624,0.2,619.05
2014,Tianjin,8145.06,5027.28,45.49,794.36,0,626,0.18,619.84
2015,Tianjin,8319,4538.83,63.98,801,0,623,0.16,615.45
2016,Tianjin,8078,4230.16,74.53,807.93,0,618,0.03,611.51
2017,Tianjin,7832,3875.61,83.31,805.59,0,638,0.07,626.81
2018,Tianjin,7973,3832.89,104.03,861.44,0,725,0.15,708.49
2019,Tianjin,8241,3766.11,110.61,878.43,0,733,0.12,706.6
2020,Tianjin,8104.6,3745.28,117.03,875,0,772,0.1,741.04
1997,Xinjiang,3230,2589,19.34,150.58,3021,150.58,26.97,123.02
1998,Xinjiang,3280,2604,20.29,157.76,2900,158.25,27.84,130.41
1999,Xinjiang,3215,2580,22.29,169.3,2781,167.07,30.04,135.33
2000,Xinjiang,3327.63,2702.4,23.44,182.98,2745.82,182,30.83,149.29
2001,Xinjiang,3496,2734,34.64,197.62,2819.61,197.61,34.1,151.3
2002,Xinjiang,3723,2898,34.57,212.24,1582.28,195.37,29.21,164.43
2003,Xinjiang,4176.61,3184.06,40.55,234.62,1845.71,233.53,36.33,195.1
2004,Xinjiang,4909.66,3631.79,54.01,265.9,3263,263.84,35.03,226.34
2005,Xinjiang,5506.5,3859.91,56.46,310.14,3855.66,310,42.33,265.48
2006,Xinjiang,6047.27,4436.21,65.04,356.15,4316.75,357.14,53.42,299.01
2007,Xinjiang,6575.73,4943.69,69.81,416.87,4915.52,413.62,58.84,349.2
2008,Xinjiang,7069,5709,69.84,479.37,6735.88,489.07,73.93,404.25
2009,Xinjiang,7526,7418,67.93,547.88,7646,549.07,79.55,447.82
2010,Xinjiang,8290.2,8106.35,80.15,661.96,,679,97.08,550.9
2011,Xinjiang,9927,9745,95.02,839,,875,114.58,731.02
2012,Xinjiang,11831.39,12028,101.95,1151.5,,1237,139.66,1047.52
2013,Xinjiang,13632,14205.5,127.41,1539.75,,1668,206.95,1357.29
2014,Xinjiang,14926.08,16088.03,169.87,1900.24,14520,2100,165.91,1758.03
2015,Xinjiang,15666,18119.78,136.82,2160,15221,2479,209.05,2061.52
2016,Xinjiang,16302,19245.92,130.64,2316.46,16073,2719,224.75,2219.36
2017,Xinjiang,17386,20437.23,122.49,2542.85,17782,3037,244.12,2384.74
2018,Xinjiang,17694,21790.02,130.85,2686.48,21352,3306,251.42,2572.95
2019,Xinjiang,18490,23702.13,131.09,2867.55,24165,3670,292,2829.19
2020,Xinjiang,"18981.81	","25986.67	",138.55,3099,26966,4122,268.2,3262.87
1997,Yunnan,3429,3295,5.67,263.9,3297,253.14,167.63,85.51
1998,Yunnan,3364,3162,4.89,270.33,3091,264.62,169.98,94.64
1999,Yunnan,3288,2960,5.1,296.7,2664,298.2,184.91,113.29
2000,Yunnan,3468.33,3062.04,5.17,273.58,994.13,298,196.53,101.32
2001,Yunnan,3490,3101,5.29,347.07,2394.12,359.52,216.48,142.99
2002,Yunnan,4131,3556,5.14,393.46,1219.34,373.16,209.24,163.93
2003,Yunnan,4449.97,4613.54,5.6,409.79,1399.39,474.8,280.9,193.91
2004,Yunnan,5209.81,5688.54,5.76,475.19,5045.03,548.05,299.83,248.22
2005,Yunnan,6024,6681.53,6.12,557.25,6462.14,624,349.19,274.89
2006,Yunnan,6640.58,7482,5.45,645.62,7339.09,753.63,355.72,397.91
2007,Yunnan,7173.26,7620.45,5.49,745.52,7755.19,904.5,430.95,473.55
2008,Yunnan,7511,7916,5.28,829.44,8029.72,1078.52,647.28,388.44
2009,Yunnan,8032,8886,4.52,891.19,5571.26,1170.86,622.8,548.05
2010,Yunnan,8674.17,9349.4,3.64,1004.07,,1365,814.12,546.25
2011,Yunnan,9540,9664,4.2,1204,,1555,1007.43,536.03
2012,Yunnan,10433.68,9850,4.3,1313.62,,1759,1238.23,493.42
2013,Yunnan,10072,9783.09,4.27,1459.81,,2181,1656.34,479.3
2014,Yunnan,10454.83,8674.67,4.63,1529.38,4741,2526,2058.76,402.8
2015,Yunnan,10425,7756.37,6.34,1439,5184,2553,2177.57,277.85
2016,Yunnan,10726,7481.48,7.71,1410.52,4587,2693,2278.15,238.04
2017,Yunnan,11164,7396.26,9.69,1538.1,4675,2950,2489.67,240.34
2018,Yunnan,11590,7402.33,13,1679.08,4573,3242,2695.31,291.89
2019,Yunnan,12158,7532.73,16.47,1812.26,5523,3466,2855.85,316.31
2020,Yunnan,12981.94,6337.396721,18.64323714,2025,5530,3674,2959.99,414.58
1997,Zhejiang,5069,4723,,511.45,115,485.77,61.39,404.18
1998,Zhejiang,5222,4653,,547.78,92,492.11,75.9,404.51
1999,Zhejiang,5457,4774,,611.67,83,528.53,81.24,439.9
2000,Zhejiang,6560.37,5384.82,,738.05,72.96,625,65.23,539.18
2001,Zhejiang,6530,5527,,855.29,121.02,734.94,86.4,614.29
2002,Zhejiang,8280,6595,,1015.84,73.5,778.2,95.29,630.12
2003,Zhejiang,9522.56,7266.69,,1240.35,69.39,1101.74,125,827.5
2004,Zhejiang,10824.69,8361.83,0.32,1419.53,65.32,1231.9,95.38,915.34
2005,Zhejiang,12031.7,9680.8,2.25,1642.31,43.67,1456,135.11,1094.64
2006,Zhejiang,13221.53,11334.43,11.89,1909.23,18.33,1766.36,139.76,1403.49
2007,Zhejiang,14532.91,13024.12,18.09,2189.33,12.33,1915.15,118.15,1570.01
2008,Zhejiang,15107,13041,17.7,2322.87,13.12,1905.09,143.49,1519.53
2009,Zhejiang,15567,13276,19.3,2471.44,13.2,2246.28,152.67,1840.32
2010,Zhejiang,16865.29,13949.86,31.81,2820.93,0,2568,230.85,2075.47
2011,Zhejiang,17827,14776,43.88,3117,0,2777,161.72,2323.1
2012,Zhejiang,18076.18,14374,48.08,3210.55,0,2808,187.01,2258.6
2013,Zhejiang,18640,14161.26,56.72,3453.05,0,2942,173.28,2412.8
2014,Zhejiang,18826.42,13824.37,78.16,3506.39,0,2898,176.18,2354.49
2015,Zhejiang,19610,13826.07,80.35,3554,0,3011,229.06,2259.86
2016,Zhejiang,20276,13948.49,87.79,3873.19,0,3198,274.41,2374.01
2017,Zhejiang,21030,14262.04,104.93,4192.63,0,3336,204.06,2560.25
2018,Zhejiang,21675,14180.08,134.91,4532.82,0,3493,180.02,2595.26
2019,Zhejiang,22393,13676.9,147.2,4706.22,0,3538,256.58,2500.95
2020,Zhejiang,24660,,,4830,0,3531,209.09,2442.63
1997,Chongqing,2656,2735,25.75,177.28,2931,148.16,31.38,116.77
1998,Chongqing,3277,2849,23.99,285.84,2574,158.67,40.14,118.54
1999,Chongqing,3689,3051,29.92,303.04,1183,158.27,32.29,125.99
2000,Chongqing,2428,2942.05,33.26,307.61,1149.9,168,38.22,129.68
2001,Chongqing,3016,2736,26.56,280.34,1918.46,204.11,46.19,158.18
2002,Chongqing,2696,3053,27.33,283.51,1211.73,,,
2003,Chongqing,3069,2646.13,28.75,294.19,1484.2,204.11,46.19,158.18
2004,Chongqing,3670,2904.38,30.34,309.06,3654.61,262.66,93.5,168.99
2005,Chongqing,4359.84,3335.2,35.5,347.68,3618.9,254,67.32,185.81
2006,Chongqing,4722.98,3734.6,40.05,405.19,3990,291.3,56.43,234.87
2007,Chongqing,5216.82,4078.69,43.53,449.21,4293.63,374.55,83.75,290.69
2008,Chongqing,6472,5273,48.75,485.92,4666.52,457.25,171.61,284.88
2009,Chongqing,7030,5782,49.47,532.34,4290.79,474.32,165.74,307.59
2010,Chongqing,7855.52,6396.9,56.42,626.44,,504,169.25,333.76
2011,Chongqing,8792,7189,61.8,717,,582,184.27,393.5
2012,Chongqing,9278.41,6750,70.98,723.03,,598,244.75,338.8
2013,Chongqing,8049,5794.47,72.19,813.26,,630,177.32,450.92
2014,Chongqing,8592.73,6095.78,82.15,867.24,3884,678,240.2,436.45
2015,Chongqing,7747,5047.19,88.37,875,3562,680,229.44,448.28
2016,Chongqing,7982,4854.37,89.32,924.89,2437,701,247.18,449.37
2017,Chongqing,8279,5290.31,95.24,996.55,1194,738,261.71,467.58
2018,Chongqing,8557,5129.52,99.5,1118.79,1177,812,257.85,543.42
2019,Chongqing,8889,5022.94,103.51,1160.27,1171,812,242.27,554.93
2020,Chongqing,7621.87,5503.261935,105.0496241,1186,939,841,281,541.49
2007,Tibet,,,,15,0,15.17,13.99,0.01
2008,Tibet,,,,16,0,18.46,14.53,0.14
2009,Tibet,,,,17.7,0,18,15.27,1.31
2010,Tibet,,,,20.41,0,21,15.85,3.82
2011,Tibet,,,,23.77,0,27,20.62,4.6
2012,Tibet,,,,27.76,0,26,18.98,4.6
2013,Tibet,,,,30.65,0,29,19.75,6.76
2014,Tibet,,,,33.98,0,36,29.03,3.62
2015,Tibet,,,,41,0,45,39.51,1.49
2016,Tibet,,,,49.22,0,54,48.78,1.82
2017,Tibet,,,,58.19,0,59,51.14,1.62
2018,Tibet,,,,69.02,0,69,57.28,2.93
2019,Tibet,,,,77.6,0,86,68.49,3.88
2020,Tibet,,,,82,0,89,70.24,4.12
