date,state,total,avg,intensity,coal_co2,coke_co2,gasoline_co2,kerosene_co2,diesel_co2,fuel_co2,gas_co2
2000,北京市,10184.388,7.5051,4.109,5174.9254,1286.1202,312.1994,357.1747,251.6108,284.1402,235.9741
2000,天津市,8630.57,8.6219,5.265,4704.8253,411.4852,329.2737,57.1601,612.5205,252.0865,116.9046
2000,河北省,30122.904,4.5135,5.919,23051.3627,3516.4396,399.5918,9.8102,561.9317,156.591,167.1303
2000,山西省,31407.287,9.6697,19.106,27137.2207,3676.4457,260.1857,19.3166,250.0609,39.3776,24.6799
2000,内蒙古自治区,12949.401,5.4593,9.243,11241.1326,820.4214,189.809,4.7077,213.0493,98.2538,0.2165
2000,辽宁省,35140.057,8.3987,7.526,18232.0139,2514.8479,437.7528,56.3401,611.3426,940.7825,436.2274
2000,吉林省,11358.865,4.2352,6.237,8015.5043,488.4381,265.5452,9.962,228.5793,161.5687,64.514
2000,黑龙江省,19054.604,5.0051,5.858,11064.4859,208.5778,714.7199,26.5451,1270.0191,429.2223,498.793
2000,上海市,17305.434,10.5457,3.802,8554.6914,2061.9794,390.2493,169.2024,546.9287,1566.8611,54.9885
2000,江苏省,24331.477,3.3208,2.835,16686.2985,1098.8498,548.5455,118.2686,1069.493,641.836,5.1958
2000,浙江省,16479.655,3.5857,2.73,10245.697,336.3937,574.5817,34.1685,1345.9952,578.6797,
2000,安徽省,14612.27,2.3246,4.81,11243.7964,1527.232,200.7331,7.7752,440.5436,148.7282,
2000,福建省,6641.322,1.9476,1.694,4109.0899,286.8482,307.8357,23.0827,661.8073,168.7657,
2000,江西省,6901.317,1.6634,3.445,4697.0623,589.7916,171.2118,8.5345,324.797,108.4311,
2000,山东省,26077.297,2.8981,3.053,16550.3505,1216.6706,552.1185,146.5449,1065.9282,1091.4446,98.07
2000,河南省,20972.963,2.2105,4.082,16600.7721,1222.1693,353.9627,43.5534,480.531,182.4623,243.1183
2000,湖北省,16851.542,2.8274,3.941,11512.5147,1594.7054,495.4482,55.5504,809.9777,338.2606,19.7006
2000,湖南省,9784.841,1.4911,2.65,6346.1895,858.4254,337.972,24.5406,434.53,147.0478,
2000,广东省,24089.743,3.1257,2.493,11207.3596,419.7618,882.0073,271.8598,2375.1598,2986.4525,30.9581
2000,广西壮族自治区,5565.758,1.1717,2.715,4240.0338,454.2432,192.9135,11.511,457.0345,24.3177,
2000,海南省,882.284,1.1182,1.702,364.6144,9.9377,90.5847,85.4364,143.2108,29.771,114.3067
2000,重庆市,7252.083,2.3454,4.563,5597.8385,517.6213,192.2984,25.3302,190.4517,8.4969,720.0457
2000,四川省,12992.877,1.5104,3.24,9250.8893,1280.8793,420.7078,109.4607,500.9587,42.2311,1270.1468
2000,贵州省,10967.304,2.9199,11.039,9791.865,684.0712,136.0674,28.4586,179.1994,23.8105,123.8323
2000,云南省,7500.735,1.7686,3.837,5826.1435,1031.004,265.8967,58.4357,171.9149,35.4145,111.9253
2000,陕西省,8278.499,2.2718,4.984,5262.3354,384.5359,303.1497,59.195,293.737,253.7985,144.3988
2000,甘肃省,8683.097,3.3958,8.83,4719.419,513.44,288.2134,11.3288,284.6236,183.889,18.4017
2000,青海省,1440.604,2.7865,5.465,993.5899,44.6482,47.7671,0.1822,59.7951,21.9716,84.6476
2000,宁夏回族自治区,2518.572,4.5462,9.484,1982.4041,82.7953,30.7514,0.1215,34.7798,105.0387,2.5979
2000,新疆维吾尔自治区,10124.991,5.4759,7.421,5141.8565,212.1004,298.5224,64.7227,481.3369,179.4186,507.4526
2001,北京市,10168.994,7.3529,2.741,5089.7225,1230.3887,406.1814,392.5581,320.8913,248.5355,362.4043
2001,天津市,9040.306,9.0043,4.711,5013.6145,368.7844,340.5199,34.6848,568.5653,277.2919,170.8106
2001,河北省,31246.598,4.6644,5.664,24052.0307,3894.8181,415.4361,9.1116,521.0144,175.5506,150.8935
2001,山西省,35179.339,10.7516,17.334,28266.5112,6216.009,259.9807,19.2558,343.3648,40.0117,34.2054
2001,内蒙古自治区,13815.822,5.8123,8.062,11920.4155,895.8566,211.1593,4.738,272.0694,106.1483,3.0309
2001,辽宁省,35044.641,8.3559,6.963,17284.1268,2572.1831,690.5582,55.1859,867.1691,929.5906,409.8156
2001,吉林省,11860.545,4.4075,5.594,8531.7068,464.2096,274.1556,10.9947,237.4137,131.6709,65.38
2001,黑龙江省,18464.199,4.845,5.447,10535.2499,259.0111,790.2804,24.0243,1212.0838,281.3502,476.9275
2001,上海市,17836.831,11.0513,3.424,8771.447,2032.8535,402.1984,180.926,718.5336,1561.82,71.4417
2001,江苏省,24504.5,3.3317,2.591,17053.9001,1072.8456,725.4683,18.4662,1103.3738,541.0141,4.9793
2001,浙江省,16954.032,3.6753,2.458,10516.2229,311.1341,623.4324,30.129,1462.0827,612.5089,
2001,安徽省,15360.599,2.4274,4.731,12112.5882,1554.1526,206.034,8.2004,458.0574,149.8378,
2001,福建省,6639.475,1.9301,1.63,4195.4535,273.9893,311.4672,24.1761,665.806,158.1128,
2001,江西省,7109.486,1.6984,3.268,4916.5768,615.7958,176.8056,2.3386,405.5778,86.4912,
2001,山东省,30514.926,3.3752,3.319,21116.1646,1320.2006,553.29,150.4325,1031.1485,860.3786,106.7296
2001,河南省,22330.621,2.3371,4.036,17742.6775,1393.7456,363.2467,39.9696,489.3654,208.8408,283.8184
2001,湖北省,16423.536,2.7487,4.232,11598.8592,1493.5811,543.4203,44.0698,817.9752,185.3157,16.4532
2001,湖南省,10927.127,1.6566,2.852,7801.07,916.9062,332.9932,14.9734,384.6852,144.6382,
2001,广东省,25029.892,3.216,2.079,11583.6376,501.5262,951.3003,291.5105,2530.4597,3295.7348,
2001,广西壮族自治区,5564.939,1.1623,2.442,4239.2156,454.2432,192.9135,11.511,457.0345,24.3177,
2001,海南省,548.611,0.6892,0.982,,0.1146,91.8733,92.6042,149.5344,31.6733,142.0174
2001,重庆市,6754.001,2.1808,3.825,5205.7872,547.1481,187.8468,25.2999,199.3481,12.9991,574.9974
2001,四川省,13015.085,1.5064,3.031,8847.555,1397.0391,462.6175,132.4827,604.027,37.2217,1365.4024
2001,贵州省,10613.717,2.7938,9.366,9410.7542,645.3512,140.0797,7.1678,256.8184,23.6519,129.894
2001,云南省,7875.278,1.837,3.683,5900.2727,1089.313,326.4622,62.4145,354.7721,27.5199,114.5232
2001,陕西省,9381.296,2.5639,4.666,5961.1591,366.6938,228.9072,56.1275,374.3628,289.752,234.6752
2001,甘肃省,8859.975,3.4408,7.873,4853.7877,505.9652,304.4677,16.0364,312.4598,158.9055,25.7623
2001,青海省,1720.504,3.2897,5.733,1221.5334,49.9464,51.5744,,57.6253,15.4086,126.6467
2001,新疆维吾尔自治区,10422.356,5.5556,6.987,5201.9818,209.122,252.8932,72.0728,516.5197,164.9928,749.9214
2002,北京市,10063.409,7.072,2.324,4815.7337,1082.5542,445.1624,440.394,337.8782,225.1055,454.629
2002,天津市,9361.252,9.2962,4.353,5573.0083,428.1244,277.5236,47.4714,569.7742,282.1111,140.2855
2002,河北省,34755.707,5.1605,5.775,26141.1953,5177.9885,431.7197,8.5953,525.4781,193.6541,167.5633
2002,山西省,43008.713,13.0567,18.5,34353.2485,7908.889,261.3279,20.2278,394.6975,28.7564,41.5661
2002,内蒙古自治区,15234.553,6.4038,7.849,13060.1328,1127.1738,232.3923,4.7988,300.2776,123.8397,4.7628
2002,辽宁省,36316.084,8.6405,6.654,17799.7585,2998.1596,691.4661,61.564,846.9894,753.2474,407.2177
2002,吉林省,12362.59,4.5804,5.264,8874.1928,548.7805,284.0546,11.8147,265.0019,101.5511,65.38
2002,黑龙江省,18292.736,4.7975,5.029,10546.6661,228.4533,757.274,32.2247,1250.4283,243.3993,437.7428
2002,上海市,18703.907,11.5101,3.258,9013.0899,1951.0032,561.5197,314.7147,813.1705,1647.7406,93.7402
2002,江苏省,26437.202,3.5818,2.493,18385.7901,1142.467,859.2513,19.8025,1175.6921,575.5092,21.8655
2002,浙江省,19533.712,4.2035,2.441,12548.3065,359.5913,677.8183,28.4586,1556.5646,610.0676,
2002,安徽省,16090.918,2.5388,4.572,12708.1333,1592.9012,216.4309,8.2004,483.2278,150.6622,
2002,福建省,7858.426,2.2673,1.759,5158.2197,272.4142,388.8142,16.0972,775.353,237.0583,
2002,江西省,7410.226,1.7551,3.024,4865.2039,748.5948,240.7099,2.4905,507.9642,146.3186,
2002,山东省,33104.939,3.6451,3.222,24617.1326,1189.7213,517.882,127.4713,770.9823,857.7471,100.2349
2002,河南省,24341.714,2.5322,4.033,19660.5991,1447.6155,349.9797,40.334,484.4057,222.6959,316.7249
2002,湖北省,17562.121,2.9329,4.169,12335.2041,1535.5086,681.7428,53.0599,955.6063,180.7185,19.7006
2002,湖南省,11710.729,1.7666,2.821,8156.8749,1005.6012,394.2909,26.5451,565.2795,138.0753,
2002,广东省,26707.642,3.3984,1.978,12651.0523,512.9531,1009.1714,313.2872,2629.0024,3659.3594,
2002,广西壮族自治区,5765.699,1.1957,2.285,4058.4591,507.3399,247.0944,33.9255,664.8451,41.6287,
2002,海南省,,,,,,,,,,
2002,重庆市,7386.059,2.3772,3.712,5808.9431,543.3391,191.5663,25.9073,213.6072,10.2724,591.6672
2002,四川省,14952.714,1.7241,3.165,10392.5474,1549.9427,502.1842,170.478,608.8937,39.3776,1514.564
2002,贵州省,11137.781,2.9027,8.957,9892.1373,671.2982,147.8408,6.9552,276.5952,24.3177,118.6365
2002,云南省,9493.769,2.191,4.105,6766.0012,1690.1019,285.8411,57.5549,555.9491,27.0444,111.2759
2002,陕西省,10704.317,2.9135,4.75,6566.2177,503.8746,278.2265,85.1327,456.8485,381.0624,303.3025
2002,甘肃省,9338.198,3.6013,7.58,5323.7546,508.0559,285.1675,16.0972,220.6128,96.3515,59.7512
2002,青海省,1781.902,3.3684,5.231,1179.674,51.2065,47.1521,,57.7803,13.3161,243.9842
2002,宁夏回族自治区,,1.0595,1.607,,,,,,,
2002,新疆维吾尔自治区,10849.808,5.6954,6.728,5514.0246,237.8755,253.9183,50.4479,525.5711,108.4628,748.4059
2003,北京市,10453.835,7.1779,2.081,5087.8579,1255.1042,483.8798,418.9514,342.2489,209.5701,458.7423
2003,天津市,10265.505,10.1508,3.982,6098.8004,409.9673,311.6723,56.5223,600.7102,359.7883,157.1717
2003,河北省,39588.591,5.8481,5.72,28257.7588,7420.3935,459.8059,8.2308,538.8072,198.7269,179.2537
2003,山西省,48647.369,14.6781,17.038,39009.0222,8835.962,261.445,15.7934,437.2268,33.7975,54.1225
2003,内蒙古自治区,19858.161,8.3451,8.315,17171.1635,1367.054,283.0003,5.3455,473.0295,124.8226,44.164
2003,辽宁省,39491.541,9.3804,6.579,19890.5214,3239.1282,667.5679,55.9452,829.8165,610.4481,407.4342
2003,吉林省,13997.424,5.1771,5.258,9897.9596,661.9905,302.8569,12.3614,286.8245,91.786,66.6789
2003,黑龙江省,20434.193,5.3563,5.036,12349.3982,303.5448,908.3949,21.4426,1300.6141,200.7561,453.763
2003,上海市,20460.091,11.958,3.056,9546.7973,1797.9851,592.3003,314.168,893.7343,1953.2499,107.5955
2003,江苏省,30131.025,4.0686,2.422,20642.0498,1283.199,993.3272,45.315,1283.1312,685.8109,13.4224
2003,浙江省,21895.102,4.6789,2.256,13826.3311,363.5148,767.7587,31.5869,1766.824,829.4028,
2003,安徽省,17935.315,2.798,4.572,14248.5782,1717.3663,224.6313,22.8701,538.4663,170.6046,
2003,福建省,9309.752,2.6691,1.868,6225.5583,378.9799,406.0935,77.5701,825.7247,299.8976,
2003,江西省,8775.623,2.0628,3.126,5876.6792,852.5258,174.6384,16.1579,779.9097,125.964,0
2003,山东省,40685.04,4.4586,3.369,28855.7393,1890.4031,613.5919,43.2194,1615.0268,764.6929,208.0469
2003,河南省,24862.48,2.5719,3.62,21728.7769,1491.1182,357.2721,38.6939,522.8743,248.4404,363.0537
2003,湖北省,19636.614,3.2718,4.128,13772.6178,1582.2761,857.6991,39.271,1149.9018,287.7863,20.3501
2003,湖南省,13286.745,1.9942,2.851,9483.5325,1133.6175,398.0982,27.0615,573.122,135.6657,
2003,广东省,30366.196,3.8176,1.917,15050.8327,652.9406,1098.3796,363.3706,2901.0098,3936.6513,27.2777
2003,广西壮族自治区,6879.83,1.4165,2.439,4987.8519,556.1694,341.7793,31.678,674.9195,66.1049,
2003,海南省,2179.526,2.689,3.144,1155.3385,16.9543,57.959,158.5418,157.2529,16.6134,521.3079
2003,重庆市,6650.86,2.1249,2.926,5034.7916,537.6399,192.9135,26.0592,226.7504,9.4798,622.4088
2003,四川省,18929.56,2.1757,3.55,13802.3761,1791.5986,532.0276,219.1036,703.5926,35.2877,1616.7473
2003,贵州省,14267.043,3.6869,10.003,12926.2208,687.3074,172.6176,7.7449,323.6501,31.5148,117.9871
2003,云南省,12106.409,2.7668,4.736,8778.1826,2174.3588,310.7351,60.8047,643.0535,18.0401,121.2344
2003,陕西省,12206.202,3.3084,4.717,7535.9288,540.9334,308.7728,109.3696,503.9035,181.1941,395.3107
2003,甘肃省,10503.602,4.0347,7.504,6123.9161,520.5997,286.4854,16.2186,255.2065,63.2515,159.5531
2003,青海省,2034.375,3.8111,5.214,1285.1407,86.6903,50.2565,,70.1485,12.365,327.9824
2003,宁夏回族自治区,6883.931,11.8627,15.457,5641.6958,148.9228,66.1886,,164.4134,38.046,218.6549
2003,新疆维吾尔自治区,11805.388,6.1043,6.258,6058.311,248.0424,267.5367,47.4107,562.7687,147.4917,877.867
2004,北京市,11687.95,7.8285,1.929,5592.8154,1305.1651,581.0248,555.2609,408.9566,212.2967,584.956
2004,天津市,11633.969,11.3613,3.74,6675.7561,939.4738,347.666,45.6187,700.6478,361.12,185.099
2004,河北省,46162.567,6.7796,5.445,32486.6237,9288.9451,497.469,9.4457,652.5699,176.153,210.6448
2004,山西省,51430.26,15.4214,14.401,42682.6412,7802.1514,233.6517,24.6317,590.6049,32.4976,64.081
2004,内蒙古自治区,25208.095,10.5739,8.289,21674.4929,1655.2769,443.1123,5.8922,781.8006,152.0889,95.6886
2004,辽宁省,43543.073,10.3256,6.526,22727.7134,2351.3192,671.1995,65.3909,997.1437,612.8259,342.2707
2004,吉林省,14993.532,5.5347,4.803,10873.9686,715.9464,325.4371,31.2528,319.4034,121.9057,86.596
2004,黑龙江省,22133.269,5.7986,4.659,13979.879,278.772,941.8113,27.1526,1427.1479,151.1694,440.3407
2004,上海市,21600.477,12.3998,2.676,9788.0977,1691.5625,647.3013,510.7052,1074.2667,2086.0305,231.4278
2004,江苏省,37029.737,4.9818,2.468,25252.7866,2294.1844,1066.7204,61.2907,1575.0394,1040.5581,67.9779
2004,浙江省,25713.543,5.4478,2.207,15910.0539,427.3225,816.1115,32.0425,1989.5136,926.7689,6.9277
2004,安徽省,18634.361,2.8841,3.915,14884.9363,1558.7921,228.9658,25.7858,587.3501,75.8384,3.2474
2004,福建省,10932.206,3.1137,1.897,7241.9045,589.7056,562.7497,79.6354,1005.3581,258.8396,12.9894
2004,江西省,10664.446,2.4894,3.085,7504.0776,1087.0505,181.0522,26.3022,618.3791,148.633,0
2004,山东省,51660.662,5.6275,3.439,34762.4812,3538.3485,684.32,66.0287,1805.0135,885.0768,253.5098
2004,河南省,35119.558,3.6142,4.106,28421.8476,2342.6988,650.025,38.3598,851.918,244.9211,439.2582
2004,湖北省,21621.309,3.594,3.838,15323.794,1604.815,891.9356,44.1913,1179.6289,276.4676,20.3501
2004,湖南省,16314.97,2.4358,2.892,11491.9084,1584.7963,469.9685,35.1708,752.9724,116.7061,1.2989
2004,广东省,34532.776,4.1586,1.831,16725.1896,796.2501,1310.4175,397.7821,3173.2343,4863.3885,35.0714
2004,广西壮族自治区,9016.639,1.8443,2.626,6405.8391,985.6398,377.8023,15.3379,888.5887,93.9419,0.433
2004,海南省,1928.384,2.3574,2.414,908.2348,10.0523,100.1908,164.7985,167.3272,18.6425,517.1946
2004,重庆市,7533.704,2.4131,2.798,5526.1638,548.2077,223.6648,38.0561,525.6331,13.6966,656.8307
2004,四川省,21702.555,2.4874,3.402,15580.6014,2329.2671,597.5134,239.9084,836.0471,25.7128,1745.7754
2004,贵州省,16662.146,4.268,9.931,15209.6891,770.5609,196.8965,8.1701,336.0183,32.783,108.0285
2004,云南省,15106.654,3.4217,4.902,10823.5851,2996.5558,326.4622,71.3742,739.8913,23.9056,124.6982
2004,陕西省,15413.86,4.1603,4.854,9433.7008,714.9726,424.5444,147.1827,612.9855,126.3444,709.4377
2004,甘肃省,11914.65,4.5493,7.056,6620.1022,993,226.8864,20.653,328.2688,49.0793,184.666
2004,青海省,2182.36,4.0489,4.682,1293.9311,118.0786,49.2314,,74.1782,6.9751,387.7336
2004,宁夏回族自治区,6553.062,11.1447,12.2,5253.7162,328.8616,103.9396,12.5436,213.7002,12.6186,146.5637
2004,新疆维吾尔自治区,13468.623,6.8612,6.097,6910.2068,363.3716,324.8221,55.277,607.9948,63.7588,1169.2625
2005,北京市,11998.62,7.8014,1.722,5839.3292,1138.1139,688.9181,575.1242,436.6378,208.8725,693.634
2005,天津市,12488.522,11.9737,3.198,7233.0189,944.371,348.3982,45.9225,753.6854,357.2836,195.707
2005,河北省,57412.516,8.3802,5.734,39086.0055,12882.5095,649.9078,9.7494,1359.8203,192.703,197.8719
2005,山西省,56159.395,16.739,13.275,48863.9998,6128.4596,278.9001,25.6643,763.8527,28.376,70.1428
2005,内蒙古自治区,31179.32,12.9752,7.984,26489.0279,2331.3005,563.5112,1.2149,1177.8,80.3405,137.4712
2005,辽宁省,49813.984,11.8015,6.19,24867.6611,4878.3959,1046.0438,80.1821,1656.5331,602.0145,320.6217
2005,吉林省,18427.643,6.7848,5.09,12943.0787,964.9052,488.9172,48.1396,752.0425,168.4487,133.7908
2005,黑龙江省,25149.453,6.5836,4.561,16286.5983,406.8456,914.3109,22.1108,1466.3604,126.4712,528.8851
2005,上海市,23128.306,12.2372,2.501,10130.9642,1805.7176,709.7412,678.2675,1021.6941,2428.4445,405.2693
2005,江苏省,47340.372,6.2388,2.545,31924.5851,4562.5364,1230.4347,65.4517,1596.769,817.1013,294.8594
2005,浙江省,29982.72,6.0074,2.235,18419.6582,468.5054,1079.3138,124.4645,2489.4804,962.754,48.7103
2005,安徽省,19693.454,3.2179,3.681,15867.833,1541.8951,253.069,31.9513,651.175,75.7115,18.4017
2005,福建省,13451.65,3.7817,2.052,9241.6613,804.5554,585.1835,99.529,1143.7022,512.4162,11.041
2005,江西省,11730.639,2.7211,2.892,8072.9658,1296.9458,188.8719,21.6856,936.3566,98.5391,2.3814
2005,山东省,70074.78,7.5773,3.815,48039.1984,5706.5212,1451.2587,66.788,3509.9345,933.4903,387.3006
2005,河南省,42521.633,4.5332,4.016,35138.8543,2847.7762,686.8973,42.2475,1021.2911,248.7574,513.2978
2005,湖北省,23951.237,4.1946,3.634,16463.3781,1963.1175,1076.0922,79.2102,1399.5287,351.5133,132.2754
2005,湖南省,22660.181,3.5821,3.435,16628.2471,2166.7695,796.255,37.9043,874.2986,136.6168,21.649
2005,广东省,38711.841,4.2106,1.716,18917.3474,859.6282,2068.3065,466.8784,4050.3847,5072.9585,53.906
2005,广西壮族自治区,10261.545,2.202,2.576,7104.6628,1265.7006,428.996,21.2604,1016.7034,104.4997,24.2469
2005,海南省,1598.842,1.931,1.781,649.9623,4.6109,115.6251,189.825,133.5704,16.6134,453.9795
2005,重庆市,9068.654,3.2411,2.615,6345.885,1111.1932,227.0621,37.3576,558.522,11.4455,768.5395
2005,四川省,21609.477,2.6315,2.926,14825.7052,2561.8731,657.3174,284.1604,890.9755,25.6176,1938.0185
2005,贵州省,18222.234,4.8853,9.087,16461.0949,956.1417,197.7458,25.5429,430.9962,32.9415,117.7706
2005,云南省,17688.943,3.975,5.11,12712.9471,3503.5807,360.0837,87.198,880.0332,12.3967,132.4919
2005,陕西省,17646.677,4.7823,4.486,11509.6606,719.1253,576.0753,105.7249,558.8319,14.0453,406.1352
2005,甘肃省,12953.157,5.0896,6.698,7136.3998,1215.4678,254.504,14.0015,356.415,50.8231,208.2634
2005,青海省,2344.101,4.3169,4.314,1329.9302,119.8256,51.2523,,77.03,0.0634,478.6594
2005,宁夏回族自治区,7310.221,12.2655,11.933,6181.7391,199.6711,72.8953,6.1048,195.4114,5.7069,143.5329
2005,新疆维吾尔自治区,15402.079,7.6627,5.914,7344.2508,524.867,312.5802,79.3317,938.4335,54.9131,1222.3025
2006,北京市,12327.388,7.7972,1.519,5814.0233,998.4128,814.6472,710.2796,550.1835,152.3425,880.0319
2006,天津市,13293.075,12.3657,2.979,7247.9741,1549.6563,374.405,49.6886,765.7436,339.624,242.9018
2006,河北省,61942.581,8.9798,5.402,40613.9306,15638.4691,772.5325,17.8587,1501.5121,172.2533,60.8337
2006,山西省,62219.48,18.4354,12.754,53943.8663,6922.4472,332.1439,31.678,826.9956,32.0221,130.327
2006,内蒙古自治区,36618.267,15.2767,7.406,30802.582,2887.7563,620.1522,16.7653,1527.1475,31.6099,311.3126
2006,辽宁省,53546.913,12.5373,5.755,27039.8595,5613.0435,1152.5313,105.9679,1821.9384,731.5295,283.6019
2006,吉林省,20086.88,7.3767,4.699,14363.1588,1051.71,565.2684,20.4404,941.5643,127.1053,129.894
2006,黑龙江省,26565.226,6.9488,4.277,17171.9436,603.4237,1011.3387,31.1313,1481.1774,140.58,531.05
2006,上海市,23039.481,12.6939,2.179,9785.7573,1877.1719,787.0296,795.6553,1149.9638,2554.7572,546.6373
2006,江苏省,51815.725,6.863,2.383,35062.3467,5282.4349,1316.4799,55.9149,1820.1096,637.4607,677.6137
2006,浙江省,33830.376,6.7932,2.152,21566.02,910.0329,1185.5378,141.1387,2611.3645,763.932,257.4066
2006,安徽省,21189.638,3.468,3.467,16801.8304,1867.8929,286.4269,32.1943,743.642,68.5462,42.2156
2006,福建省,14719.621,4.137,1.941,10265.2187,857.9958,609.316,112.346,1178.296,550.0183,12.3399
2006,江西省,12799.931,2.95,2.655,8737.6931,1510.0199,193.2649,24.1457,972.0663,84.0183,14.7213
2006,山东省,78711.097,8.4554,3.594,55180.6784,4908.8105,1583.1966,72.5283,3784.7628,964.1808,489.0509
2006,河南省,48219.488,5.1341,3.9,39962.0656,3414.4275,731.2671,48.6863,1072.5618,223.1081,660.944
2006,湖北省,26514.086,4.6573,3.481,18364.1754,2154.0251,1234.4178,105.1175,1539.4227,399.4513,143.7494
2006,湖南省,24173.136,3.8116,3.144,17958.653,2357.3334,770.951,63.2649,1060.3796,133.2878,92.0083
2006,广东省,43109.337,4.6334,1.621,21169.4021,1176.4328,2259.1699,478.0553,4239.2865,4989.4793,313.0445
2006,广西壮族自治区,11265.167,2.3872,2.374,7939.7007,1292.3635,537.8558,,1035.0542,76.3139,26.4118
2006,海南省,2428.628,2.9051,2.324,632.134,53.4117,97.35,200.2122,195.0084,35.7632,518.9265
2006,重庆市,9834.204,3.5022,2.517,7105.8234,942.6527,252.5125,69.886,578.2677,8.4335,867.0425
2006,四川省,24174.667,2.9593,2.782,16235.1873,2874.4105,788.7575,321.4269,1099.2201,30.1198,2296.5259
2006,贵州省,21208.949,5.6449,9.068,18910.9163,1366.2235,231.1916,29.2482,526.1291,38.0777,107.1626
2006,云南省,19464.585,4.3419,4.881,14236.0014,3585.6314,375.225,106.4842,1028.0797,14.9648,117.9871
2006,陕西省,21437.586,5.7396,4.519,14080.1703,825.4619,616.9599,105.6946,688.1246,3.1388,615.4811
2006,甘肃省,13819.341,5.3029,6.07,7532.9605,1344.2001,257.8135,14.2141,364.5675,44.5455,259.1385
2006,青海省,2944.23,5.3727,4.54,1736.0045,256.3477,53.8588,,83.7876,0.1902,493.1642
2006,宁夏回族自治区,8008.046,13.2584,11.032,6639.6809,361.3096,55.5574,6.8337,242.2184,3.1071,171.8931
2006,新疆维吾尔自治区,17550.824,8.5614,5.763,8440.7768,660.4153,345.0594,93.7887,1057.0628,61.2224,1408.051
2007,北京市,13113.708,8.0304,1.332,5678.9316,1025.8203,951.0075,841.6081,595.2236,135.8559,1009.7094
2007,天津市,14127.898,12.6708,2.69,7471.3321,1912.3692,410.4573,58.8609,808.5518,284.1719,308.9312
2007,河北省,67607.595,9.7375,4.969,46708.45,14684.1604,729.3634,18.8914,1651.3875,153.1669,260.8705
2007,山西省,64241.45,18.9335,10.664,55565.4614,7235.271,365.5603,36.1427,843.7966,45.6235,149.5946
2007,内蒙古自治区,42270.083,17.5759,6.581,35259.9041,3474.2544,691.5246,19.5596,1796.2101,22.8276,573.915
2007,辽宁省,57952.996,13.4837,5.191,28967.3137,6583.6192,1294.8368,115.8692,2150.3623,710.8895,308.2818
2007,吉林省,21219.444,7.7727,4.015,14929.6497,1169.6454,597.2205,22.6879,1251.6992,126.5664,140.069
2007,黑龙江省,28570.084,7.4713,4.022,18746.6181,649.8762,1101.2205,11.6932,1543.1114,149.6159,664.6243
2007,上海市,23657.101,12.7326,1.894,10007.3077,2089.7878,877.6142,897.3407,1293.1436,2690.518,601.4092
2007,江苏省,55854.135,7.3251,2.147,37962.2899,5397.5923,1410.3448,63.1434,1884.6474,750.1086,965.1124
2007,浙江省,37798.321,7.47,2.016,24780.9931,934.777,1309.3925,150.2807,2710.4651,720.6229,391.6304
2007,安徽省,23602.034,3.8578,3.206,18615.5221,2318.8998,336.5369,34.4418,803.3442,41.9774,87.2455
2007,福建省,16501.447,4.6081,1.784,11639.1013,1019.6057,773.6747,149.0961,1448.0096,396.1223,10.3915
2007,江西省,13982.176,3.201,2.411,9836.94,1711.6098,206.7955,23.6902,915.2779,66.422,22.515
2007,山东省,87506.502,9.342,3.395,60320.8795,7427.3528,1677.5301,97.2511,3989.2566,1164.3344,505.0712
2007,河南省,53375.018,5.7025,3.555,44087.4617,4115.5675,617.6628,51.7235,1427.4889,199.044,717.4479
2007,湖北省,29337.711,5.1479,3.143,20044.2215,2348.398,1616.3788,109.2785,1889.0801,391.6836,186.8309
2007,湖南省,26557.418,4.179,2.813,19554.79,2623.0174,795.6399,74.4114,1224.545,127.4541,126.4302
2007,广东省,46767.907,4.9495,1.472,23962.5467,1320.172,2453.4599,519.7864,4458.1634,4173.773,989.1428
2007,广西壮族自治区,12868.063,2.6988,2.21,9079.9508,1490.4308,579.004,0.82,1160.1311,66.1049,29.0097
2007,海南省,4409.141,5.2179,3.516,787.87,65.8411,136.4774,196.4157,183.5392,63.9807,506.5866
2007,重庆市,10715.227,3.8051,2.292,7760.5235,926.128,253.2154,82.0348,725.6942,24.8567,942.381
2007,四川省,27013.884,3.324,2.558,17980.7243,3276.4448,967.7596,390.6447,1222.0342,22.7325,2427.9354
2007,贵州省,22687.785,6.0308,7.867,20226.3669,1392.0272,250.8432,29.552,568.8133,108.9067,111.2759
2007,云南省,20336.834,4.5053,4.261,14499.4302,3944.7072,463.0568,109.8859,1184.5886,15.9793,118.853
2007,陕西省,23661.633,6.3131,4.11,15019.4381,1165.6073,839.8633,5.4062,867.603,3.5827,894.9697
2007,甘肃省,15370.926,5.8735,5.688,8476.89,1608.2517,256.7298,16.6439,353.1912,45.4333,280.7875
2007,青海省,3266.284,5.9172,4.096,2013.4181,276.71,48.0893,6.1351,149.8753,0.5707,438.3923
2007,宁夏回族自治区,9057.795,14.8488,9.855,7867.6645,186.3826,56.1139,8.4738,268.7527,1.6804,194.6245
2007,新疆维吾尔自治区,19107.481,9.1205,5.423,9406.359,815.4955,364.6524,101.078,1172.9333,70.5753,1511.3167
2008,北京市,13336.661,7.8682,1.2,5228.6196,666.9164,998.4524,967.0141,704.3366,81.2282,1313.0119
2008,天津市,14055.932,11.9523,2.092,7559.4271,2059.8028,435.6734,55.0644,898.198,293.2395,364.5692
2008,河北省,70642.242,10.1079,4.412,46462.0313,17205.4234,618.2779,22.3842,1648.2567,208.6823,371.7133
2008,山西省,63124.779,18.5084,8.629,53985.3071,6755.2528,693.0183,44.5557,1465.4305,38.3313,142.8834
2008,内蒙古自治区,50463.686,20.9069,5.94,42319.8534,3954.0149,764.0393,21.9893,2126.9588,43.5944,660.944
2008,辽宁省,59414.946,13.7704,4.347,29200.7369,6990.2644,1202.2021,75.8996,2412.9463,1203.712,350.9303
2008,吉林省,22019.111,8.0538,3.427,15919.8909,1551.7183,381.6096,3.5839,968.9045,126.3127,299.4057
2008,黑龙江省,30305.328,7.9222,3.645,21317.8508,650.9645,817.0194,1.549,1365.5859,221.4911,681.294
2008,上海市,24791.424,13.1279,1.762,10396.3528,2046.0847,997.2224,976.3687,1323.7696,2500.6685,649.47
2008,江苏省,57632.443,7.5069,1.86,39456.2899,5409.7639,1645.3437,65.1479,2003.1218,691.169,1366.7014
2008,浙江省,38546.641,7.5286,1.796,24813.1107,1391.7981,1392.1868,166.7727,2785.5733,697.0661,383.1873
2008,安徽省,26945.052,4.392,3.044,21647.0179,2437.809,373.0285,33.4699,959.7911,49.4598,155.2233
2008,福建省,17262.755,4.7899,1.595,12550.2092,1054.0298,733.5808,157.7825,1342.4614,451.2256,33.123
2008,江西省,14209.29,3.2294,2.038,10021.5209,1665.0715,221.644,24.328,894.1993,85.5401,54.1225
2008,山东省,94495.691,10.0343,3.055,65433.853,7480.2204,1723.8035,93.3332,3898.7425,1126.8908,746.8905
2008,河南省,55077.511,5.8413,3.057,45413.6436,4264.2898,561.5782,50.1138,1684.5863,146.0966,827.6413
2008,湖北省,29358.838,5.1408,2.592,19399.9292,2727.2061,1828.1824,150.9488,1901.6963,339.1484,337.7244
2008,湖南省,26295.89,4.1216,2.276,19348.5563,2860.7497,678.8727,77.1753,1164.0059,131.2904,178.1713
2008,广东省,48240.277,5.0545,1.311,25302.1046,1287.6094,2597.464,556.0202,4708.3482,3417.0381,1159.9534
2008,广西壮族自治区,12757.037,2.6489,1.817,8897.0252,1661.1479,591.5974,48.7471,1102.1029,31.4514,21.8655
2008,海南省,4671.755,5.4704,3.108,898.0744,42.6148,113.78,243.462,290.7612,93.6883,579.7602
2008,重庆市,13268.907,4.6738,2.29,10032.9371,980.7139,282.8831,92.4524,798.6635,25.8079,1055.3888
2008,四川省,29831.582,3.6657,2.367,20410.2629,3204.9905,1100.9569,384.5399,1469.1192,39.9483,2358.4421
2008,贵州省,21057.055,5.552,5.912,18517.0764,1291.533,361.4602,8.9597,701.9807,73.4288,102.6163
2008,云南省,20922.611,4.6055,3.676,15061.7732,3813.0824,523.8273,115.9907,1276.9626,16.4866,114.3067
2008,陕西省,26659.738,7.0866,3.645,17012.0407,1111.05,641.766,47.5322,1374.9163,18.8011,1117.0884
2008,甘肃省,15672.057,5.9632,4.949,8910.3441,1558.4485,146.9622,16.735,522.6573,40.3605,260.0045
2008,青海省,4067.184,7.3375,3.993,2503.9532,430.0432,62.6156,1.2149,242.9623,0.4122,495.7621
2008,宁夏回族自治区,10009.469,16.2047,8.314,8156.8749,681.5509,60.5069,11.2984,299.1617,6.2776,238.139
2008,新疆维吾尔自治区,21153.436,9.9275,5.057,10862.5143,1306.2821,362.163,115.8692,1039.7969,86.6815,1511.9662
2009,北京市,13679.251,7.7944,1.126,5070.6955,607.0609,1064.9046,1038.5098,744.51,134.4292,1502.4406
2009,天津市,15107.56,12.301,2.009,7839.124,2487.7267,530.1826,62.9612,941.0063,300.0878,392.2799
2009,河北省,75350.813,10.7118,4.372,50451.9932,17781.4682,621.0601,18.9825,1617.0727,189.4691,500.3084
2009,山西省,62530.73,18.2446,8.498,52822.7574,6983.3051,768.5202,49.4456,1570.5757,38.2362,297.8902
2009,内蒙古自治区,54940.466,22.6833,5.641,45754.2269,4450.8443,818.6009,25.148,2290.5972,62.332,958.8342
2009,辽宁省,61512.03,14.2422,4.044,30505.9891,8005.1446,1359.0632,62.6271,2512.2329,950.9598,355.9096
2009,吉林省,22525.58,8.2224,3.095,16342.2903,1698.5791,405.4492,3.4928,1017.1064,121.874,360.6723
2009,黑龙江省,31646.141,8.2713,3.685,21024.835,921.8894,935.4268,0.9415,1589.0505,279.5747,649.47
2009,上海市,24681.47,12.8482,1.64,10093.8235,1940.8078,1137.8585,1072.4657,1497.7924,2355.0157,725.6745
2009,江苏省,60246.025,7.7988,1.748,39962.4081,6361.2947,1715.2224,64.3279,2033.0658,688.3156,1373.1961
2009,浙江省,40080.3,7.7375,1.743,25260.2452,1444.8662,1489.5954,191.0399,2781.2336,917.9549,417.8257
2009,安徽省,29653.55,4.8367,2.947,24099.5982,2452.3003,411.1895,40.1822,1020.2682,45.2113,211.5107
2009,福建省,20448.583,5.6379,1.671,13526.2943,1870.3558,772.1225,154.7757,1280.4964,525.764,183.8
2009,江西省,14875.145,3.3562,1.943,10190.8612,2034.5432,226.1249,23.2346,908.7684,69.8778,55.8544
2009,山东省,98401.375,10.3905,2.903,66204.4465,8369.9482,1877.0331,107.5473,4135.4742,1283.6403,871.1558
2009,河南省,56281.441,5.9325,2.889,46511.5015,4128.9992,575.0795,77.8434,1631.0528,82.2111,898.4335
2009,湖北省,31527.241,5.5118,2.433,21119.97,2608.3256,1638.6077,144.0544,2450.9189,345.204,357.6415
2009,湖南省,27656.68,4.3173,2.118,20455.9277,2898.0377,720.7824,92.4524,1340.2915,216.8305,221.4693
2009,广东省,52047.24,5.4002,1.318,25966.1469,1335.8089,2803.3516,583.5069,4860.2074,2837.5658,2443.3061
2009,广西壮族自治区,14148.72,2.9137,1.824,9892.1373,1798.1855,633.4192,0.2733,1282.1083,23.3983,26.1953
2009,海南省,4966.895,5.7483,3.003,1021.7499,50.8629,139.4647,273.4391,329.3228,85.0328,539.9261
2009,重庆市,14269.873,4.9912,2.185,11001.4114,956.829,265.1645,103.447,847.9503,24.0641,1070.976
2009,四川省,33567.332,4.1011,2.372,23112.0969,3213.2672,1355.7538,470.9786,1669.1183,42.2945,2749.2065
2009,贵州省,23065.929,6.0732,5.895,20762.2624,1053.3138,380.7017,8.9597,727.4921,42.7066,90.4928
2009,云南省,22713.016,4.9689,3.681,16907.3922,3655.2815,566.0298,113.1053,1356.7825,16.3598,97.8535
2009,陕西省,28966.349,7.6793,3.546,18069.9419,1875.8545,727.7527,25.7555,1529.1003,0.0951,1082.6665
2009,甘肃省,15476.926,5.8726,4.569,8522.1933,1547.4511,146.845,16.5527,575.3849,42.453,269.0971
2009,青海省,4142.595,7.4333,3.831,2492.537,531.4253,67.858,0.486,270.0236,0.5073,531.6994
2009,宁夏回族自治区,11008.736,17.6083,8.135,9096.8087,718.8389,61.3563,12.8474,305.5473,1.6487,259.355
2009,新疆维吾尔自治区,24690.738,11.4382,5.773,14114.2286,1512.8265,356.9207,95.3681,1028.2037,70.9241,1470.6166
2010,北京市,13867.019,7.0682,0.983,5012.8915,631.3468,1088.0999,1192.4958,735.9545,211.4406,1619.1287
2010,天津市,18436.843,14.1899,1.999,9145.8793,1901.3718,600.7349,64.9961,1033.9073,455.5691,496.4116
2010,河北省,81068.028,11.2695,3.975,52257.1227,20960.8841,699.2271,22.293,2144.8756,122.1594,637.996
2010,山西省,67088.454,18.7707,7.292,56824.3258,7415.2672,668.7686,44.4646,1470.4831,38.8386,626.3056
2010,内蒙古自治区,60551.772,24.4933,5.188,51380.5869,4057.774,953.819,28.3978,2676.8633,48.0331,980.6997
2010,辽宁省,67401.813,15.4065,3.652,32171.6698,9058.172,1737.217,70.8882,2987.8972,1130.0613,411.764
2010,吉林省,25131.01,9.1499,2.899,18232.9272,1834.643,487.9507,3.675,1126.1573,126.6932,476.4945
2010,黑龙江省,34319.075,8.9526,3.31,23249.3387,777.062,1065.4318,73.075,1854.8583,281.8575,647.3051
2010,上海市,27004.166,11.7274,1.573,11179.3519,2053.6454,1216.4941,1212.0554,1577.9222,2359.7397,974.4215
2010,江苏省,67259.233,8.547,1.624,43953.2833,7627.9117,2196.0564,108.3977,2256.5304,500.0196,1549.4189
2010,浙江省,43024.865,7.8995,1.552,26542.3986,1268.9655,1718.2683,213.8796,2970.6313,1047.7868,688.6547
2010,安徽省,31428.394,5.2761,2.543,25449.9444,2606.6359,460.9774,25.5429,1133.7519,37.19,270.1795
2010,福建省,22721.407,6.1526,1.542,13368.8268,1960.4541,975.8428,171.6018,1582.6649,579.4089,629.9859
2010,江西省,17300.321,3.877,1.831,11884.7208,2212.6778,454.6221,25.8162,1143.0513,75.0457,83.3487
2010,山东省,108777.022,11.3453,2.777,71023.7763,8785.2424,2349.9889,117.2663,4488.8824,4079.7043,1017.7195
2010,河南省,60866.511,6.4714,2.636,49565.335,4993.0378,871.259,93.0598,1739.6698,58.147,1020.7504
2010,湖北省,36156.131,6.3123,2.264,25629.4832,3209.945,1340.7589,122.7333,2011.6462,291.7177,423.4544
2010,湖南省,29342.556,4.4661,1.83,21544.9,3119.3312,768.3737,91.8753,1559.1374,238.485,243.5513
2010,广东省,57628.255,5.5194,1.252,30412.0338,1391.7695,3180.9196,614.6685,5172.2023,2051.0916,1332.7124
2010,广西壮族自治区,17212.221,3.7337,1.799,11809.7164,1953.3803,725.3804,8.2916,1371.2585,109.8261,36.8033
2010,海南省,5423.367,6.2442,2.627,1231.4274,0.1432,154.1375,265.5424,433.91,96.6685,643.4083
2010,重庆市,15754.548,5.4616,1.988,12171.3816,857.6521,300.5725,126.8942,1049.3133,27.298,1221.4366
2010,四川省,34594.562,4.3002,2.013,21919.8651,3876.6896,1586.8282,526.3771,1627.705,199.1708,3794.2037
2010,贵州省,23247.165,6.6823,5.051,20754.8419,1089.5421,419.8584,27.1526,820.3931,45.7503,89.6269
2010,云南省,23979.158,5.211,3.319,17789.1034,3526.0623,680.8935,144.0848,1742.2116,17.8182,78.8024
2010,陕西省,34307.235,9.1848,3.389,22144.631,2094.2269,747.4921,27.1526,1647.5437,0.4439,1281.4043
2010,甘肃省,17227.728,6.7296,4.181,10254.7348,1551.0882,165.6766,15.1253,652.9419,46.3844,307.6323
2010,青海省,4133.085,7.3412,3.061,2417.7228,458.5963,76.7027,0.5163,278.641,0.3805,513.5143
2010,宁夏回族自治区,13027.29,20.5815,7.71,10968.9133,655.5467,66.4229,15.672,328.0208,126.0591,335.1265
2010,新疆维吾尔自治区,27656.497,12.6568,5.086,15423.9521,1856.4086,384.1576,101.2299,1127.4593,47.399,1735.1674
2011,北京市,12932.269,6.4066,0.796,4501.7882,95.3106,1141.578,1275.2595,747.4238,236.6461,1592.5004
2011,天津市,20231.116,14.9307,1.789,10012.0074,2031.8798,651.8408,74.5025,1117.9739,475.4482,563.307
2011,河北省,91675.929,12.6615,3.74,58587.9384,24056.4163,895.4207,27.1526,2467.8128,149.9329,759.6634
2011,山西省,73955.093,20.5831,6.581,63700.4933,7327.4313,635.1765,46.1047,1514.6863,39.9483,691.2526
2011,内蒙古自治区,75579.624,30.4547,5.263,65993.2468,4465.4215,908.5999,30.6757,2860.6814,78.026,884.1452
2011,辽宁省,71990.851,16.425,3.239,34351.3458,9698.8837,2069.4487,83.0674,3423.8221,1240.9337,845.8264
2011,吉林省,28754.483,10.4584,2.721,20996.2945,2170.0057,531.5883,3.7965,1294.0735,119.8766,419.5576
2011,黑龙江省,36805.972,9.5999,2.925,25115.64,781.1287,1366.4143,80.3947,1853.7424,281.9209,671.119
2011,上海市,27780.521,11.8343,1.447,11686.3834,2045.2542,1384.8944,1216.3986,1652.0694,2140.2143,1200.0041
2011,江苏省,77527.449,9.8151,1.579,52065.4828,9025.4949,2423.1478,135.854,2353.9881,479.3479,2029.3773
2011,浙江省,45569.253,8.3414,1.41,28114.2952,1346.033,1897.0947,227.0307,2970.9723,1174.0044,949.9581
2011,安徽省,34147.836,5.7218,2.232,27661.4526,2715.3209,515.9198,27.6081,1291.6557,35.8584,436.0109
2011,福建省,25938.656,6.9728,1.477,16580.1278,2086.7807,1095.3631,195.5653,1647.1097,601.317,820.2806
2011,江西省,23669.643,5.2735,2.023,13296.0676,2498.2372,535.2492,27.4867,1216.7955,4649.8553,137.2547
2011,山东省,110085.242,11.4232,2.427,74054.9867,9493.1698,2361.733,120.4554,5158.9661,132.622,1144.3661
2011,河南省,67090.084,7.1464,2.491,53987.2098,5878.5271,1050.0268,150.7666,2056.2213,132.622,1189.829
2011,湖北省,41145.958,7.1465,2.096,30072.1735,3358.5528,1457.9361,141.9891,2163.8774,308.6165,539.4931
2011,湖南省,32755.442,4.9663,1.665,24746.5162,2439.0404,864.1129,97.2815,1741.2197,218.7011,332.0957
2011,广东省,63557.26,6.0503,1.195,35083.8853,1581.2451,3536.6688,658.8598,4651.4049,1601.9902,3127.4145
2011,广西壮族自治区,21173.247,4.5583,1.807,13381.6891,2120.002,759.9391,0.8504,1478.3256,159.9517,54.772
2011,海南省,6392.068,7.2857,2.534,1550.7005,0.0573,177.1864,273.8036,453.1288,111.8869,1057.7701
2011,重庆市,17945.746,6.1479,1.793,13678.5103,1081.9528,424.5736,160.3034,1232.7905,29.7076,1337.9082
2011,四川省,34904.466,4.336,1.66,21793.5258,4120.7225,1880.4597,626.3921,1787.0967,223.3617,3378.9759
2011,贵州省,25705.446,7.4106,4.508,22994.1295,1153.808,425.3351,32.9232,945.346,50.8548,103.0492
2011,云南省,24755.196,5.3458,2.784,18387.6928,3489.4903,733.1708,155.2617,1890.382,8.2116,90.9258
2011,陕西省,37930.583,10.1348,3.032,25340.1586,2273.0202,818.8645,29.3697,1778.5103,0.5073,1352.846
2011,甘肃省,19902.132,7.7616,3.964,11992.7181,1722.0058,172.1197,11.2984,690.2635,29.8661,337.2914
2011,青海省,4885.542,8.5987,2.925,2869.2716,446.8543,84.8444,0.5771,317.3265,0.3171,693.8505
2011,宁夏回族自治区,17343.634,27.1227,8.25,15120.7569,1023.6724,60.917,19.9848,322.5032,116.2305,402.2384
2011,新疆维吾尔自治区,32715.645,14.8121,4.949,18541.8115,2520.8907,406.6207,113.3483,1210.5339,7.6092,2057.088
2012,北京市,13139.232,6.3496,0.735,4319.129,92.4181,1218.0463,1346.4819,668.9988,247.8063,1993.2234
2012,天津市,20377.362,14.4198,1.58,10080.5046,2528.0218,743.1576,89.3241,1172.2514,387.8473,705.3244
2012,河北省,92966.828,12.757,3.498,59666.7693,24063.2897,932.2931,23.6598,2546.0517,77.7724,977.0194
2012,山西省,77225.595,21.3872,6.376,65740.1877,8415.7133,657.8153,54.6696,1543.9484,3.8046,809.4561
2012,内蒙古自治区,78531.547,31.5407,4.945,69676.874,4043.4259,886.0196,70.4327,2718.8346,53.6132,819.1982
2012,辽宁省,74604.894,16.9982,3.003,34665.2913,9857.7729,2286.8461,108.0636,3798.7429,1337.951,1379.4743
2012,吉林省,28415.645,10.3315,2.38,21087.6241,1919.0994,534.7806,2.4601,1315.5551,108.1458,493.3807
2012,黑龙江省,38555.263,10.0561,2.816,26571.2055,948.2087,1364.7449,200.273,1874.697,315.5599,729.1383
2012,上海市,27389.171,11.506,1.357,10851.0981,1927.8916,1515.1629,1223.2019,1763.7552,2029.5956,1393.7626
2012,江苏省,79158.29,9.9948,1.464,52822.7574,9078.8494,2738.3345,161.3968,2490.8133,502.0487,2449.3679
2012,浙江省,44210.237,8.072,1.275,27349.4098,1292.8217,2068.1308,243.1886,2910.4022,1042.0482,1040.8839
2012,安徽省,35238.853,5.8849,2.047,27977.3008,2853.7045,734.0494,32.7106,1792.6453,35.1291,539.0601
2012,福建省,25739.451,6.8675,1.307,16144.4095,1861.535,1164.5097,225.8462,1600.7057,590.6642,811.621
2012,江西省,19208.941,4.2649,1.483,12942.1654,2516.3944,581.1127,28.8838,1291.5317,94.6394,217.356
2012,山东省,120622.488,12.4546,2.412,76551.3291,10040.9766,2376.8743,234.1074,5624.0911,5374.6316,1455.4623
2012,河南省,62784.57,6.6749,2.121,48024.148,6363.3853,1250.3206,162.1561,2288.2414,41.7238,1600.2941
2012,湖北省,41171.968,7.1244,1.85,30060.7573,3189.955,1659.7236,161.7613,2269.2706,330.6514,633.8827
2012,湖南省,32264.79,4.8599,1.456,22992.2268,3070.4731,1139.0593,106.9702,1554.9217,194.1297,406.7847
2012,广东省,61867.836,5.8399,1.084,33552.2118,1562.2575,3688.6977,739.7708,4781.5345,1378.8822,2521.6755
2012,广西壮族自治区,23254.117,4.9667,1.784,13821.2128,2305.7259,835.8803,0.243,1610.2221,157.6373,68.8438
2012,海南省,6662.906,7.5155,2.333,1771.4137,0.1432,190.5119,251.5713,482.5459,123.8397,1028.111
2012,重庆市,17713.05,6.0146,1.553,12843.225,1442.7469,423.5779,164.8592,1270.639,31.3562,1536.646
2012,四川省,36346.76,4.5005,1.523,22588.8544,4475.8461,2050.09,623.9624,1994.4113,238.4533,3312.297
2012,贵州省,28128.194,8.0734,4.105,25359.1856,1094.7544,463.6132,40.3036,1041.6258,14.8379,113.8737
2012,云南省,25707.336,5.5178,2.494,18741.595,3834.3898,842.0305,170.2654,2017.6288,8.275,93.0907
2012,陕西省,43553.726,11.6048,3.013,30013.1898,2564.4506,840.5662,30.7061,1818.0327,0.2853,1428.1845
2012,甘肃省,20497.592,7.9524,3.628,12477.9066,1873.1911,192.7085,15.8846,799.8414,29.3271,439.0417
2012,青海省,5824.752,10.1623,3.076,3537.1193,562.2695,87.5974,,329.0748,0.539,868.3414
2012,宁夏回族自治区,18634.516,28.793,7.959,15326.2485,1081.2654,68.4144,22.2323,345.0697,65.3757,443.3715
2012,新疆维吾尔自治区,37794.645,16.9272,5.036,22885.6756,2895.6034,452.8649,137.7066,1343.2983,25.5542,2207.1156
2013,北京市,12074.419,5.7095,0.61,3841.9889,2.2625,1240.6266,1448.9266,601.0512,26.3152,2139.1377
2013,天津市,21142.105,14.3608,1.464,10043.7254,2736.3992,621.5873,170.4477,1006.3501,275.6116,818.1157
2013,河北省,93243.415,12.7163,3.278,60245.7038,23884.4964,1017.8697,53.4243,2481.6069,111.5382,1079.4191
2013,山西省,79194.815,21.818,6.253,69708.2876,6144.7552,632.2185,62.2322,1599.5588,3.1388,975.9369
2013,内蒙古自治区,76723.589,30.7188,4.535,66434.1404,5156.8815,747.4921,81.6703,2042.5512,15.0916,941.948
2013,辽宁省,71921.114,16.3829,2.643,34501.2215,9168.2317,1929.7204,88.2307,3167.0967,1142.6165,1703.3433
2013,吉林省,27380.831,9.952,2.099,19814.2231,2061.3493,524.0616,5.1936,1182.8837,104.0558,520.6585
2013,黑龙江省,36586.454,9.5401,2.531,25242.7594,966.9958,812.9778,194.2897,1416.4226,298.5026,752.7357
2013,上海市,29052.531,12.0293,1.332,10809.6002,1833.7552,1559.6792,1328.7143,1722.9928,1912.2554,1577.9956
2013,江苏省,81395.446,10.252,1.362,53172.9874,9137.588,2610.8189,193.743,2331.9175,579.2504,2694.651
2013,浙江省,45473.688,8.271,1.204,26944.6294,1277.8149,2068.0722,279.878,2934.3637,1041.4775,1227.9313
2013,安徽省,38271.91,6.3471,1.99,29805.9477,3005.4053,935.2218,28.7319,1941.4667,31.0709,602.0587
2013,福建省,25273.295,6.6967,1.156,15371.2283,1876.9428,1199.4784,259.4073,1616.8557,580.0113,1069.2441
2013,江西省,20697.428,4.5769,1.436,13803.4987,2448.434,693.8676,5.1632,1631.9827,99.7756,290.7461
2013,山东省,117437.237,12.0654,2.126,71700.2813,10539.9825,2065.9343,13.6674,3914.7994,6782.2068,1489.4512
2013,河南省,62311.133,6.6194,1.936,47678.123,5205.0523,1631.0516,139.9238,2410.3735,107.4482,1726.9407
2013,湖北省,35834.787,6.1795,1.445,23149.6181,3191.5015,1804.2256,193.6822,2496.6099,376.7822,692.1185
2013,湖南省,31382.114,4.6905,1.275,21355.6004,3081.0409,1272.6959,117.9648,1755.4787,216.5769,442.9385
2013,广东省,62952.558,5.9144,1.008,32549.0703,1675.4388,3135.4662,790.6135,4769.2593,1379.3577,2685.5585
2013,广西壮族自治区,23380.218,4.9545,1.618,13973.6381,2790.8706,656.6438,72.3765,1335.6728,142.1335,98.503
2013,海南省,6190.831,6.915,1.948,1919.4057,0.1146,211.2471,260.4095,403.749,116.5793,996.287
2013,重庆市,15341.73,5.1656,1.2,11025.1381,598.0396,473.5708,179.1644,1413.3538,37.9826,1562.8413
2013,四川省,37329.405,4.6046,1.414,22220.7771,5040.8363,2397.0531,728.1991,2337.3732,278.687,3210.5467
2013,贵州省,29204.301,8.3388,3.611,25973.263,1212.7471,572.268,66.211,1173.8943,1.617,182.2846
2013,云南省,25436.331,5.4275,2.15,18614.2853,3859.3057,820.0653,193.5608,1735.299,10.2724,92.4412
2013,陕西省,46265.637,12.2916,2.855,32817.6745,2678.3766,647.1841,98.0104,1617.6926,68.7999,1521.9247
2013,甘肃省,21197.156,8.209,3.348,12445.6939,1909.4194,359.9079,15.4897,1163.5099,13.6014,502.9063
2013,青海省,6414.459,11.1017,3.023,3944.5825,659.3271,96.2078,,343.3648,0.3805,899.7324
2013,宁夏回族自治区,19829.671,30.3118,7.693,16236.7095,1196.9956,58.6911,0.3645,365.4974,125.2665,423.6709
2013,新疆维吾尔自治区,43279.765,19.114,5.126,27028.8049,3179.0722,613.1526,69.643,1692.1498,41.8189,2758.2991
2014,北京市,12511.52,5.815,0.587,3304.1207,1.8318,1290.4338,1541.6159,608.9945,17.8588,2461.5757
2014,天津市,20419.87,13.4624,1.298,9565.4057,2733.2775,664.2877,181.7764,1036.6661,247.9331,984.7935
2014,河北省,88685.007,12.0108,3.014,56387.5338,23275.4761,921.4862,53.4243,2445.1222,101.3609,1213.9872
2014,山西省,81095.64,22.2304,6.355,71517.6031,6236.6864,592.5346,63.5686,1542.3055,7.1019,1089.9449
2014,内蒙古自治区,78612.072,31.3844,4.424,69383.8011,4277.6929,795.6171,86.135,1789.3546,15.5989,963.9953
2014,辽宁省,72027.084,16.4033,2.516,34252.9191,9442.1065,2063.9428,90.3567,3286.284,1150.6062,1818.5485
2014,吉林省,27158.152,9.8672,1.968,19748.7702,1903.6916,566.2934,5.1936,1173.0263,101.1707,488.7998
2014,黑龙江省,37082.37,9.6745,2.466,25868.2149,555.7971,920.4318,224.6921,1444.8478,365.9391,768.1065
2014,上海市,26454.763,10.9061,1.123,9315.2042,1875.3963,1689.9478,1368.9268,1699.9539,1763.2726,1568.0089
2014,江苏省,80822.449,10.1535,1.242,51206.623,9761.8895,2854.3403,251.389,2523.4232,481.2185,2764.547
2014,浙江省,44952.697,8.1613,1.119,26303.6337,1331.9068,2080.484,315.1432,2889.2098,1076.0014,1692.0685
2014,安徽省,39541.489,6.5004,1.897,30037.896,3049.2802,1032.9024,32.0792,2055.2154,32.4868,746.0938
2014,福建省,28834.236,7.576,1.199,15598.9054,1932.2447,1289.9459,295.6107,1598.2259,600.3659,1088.1047
2014,江西省,21081.452,4.6413,1.342,14227.0777,2494.8292,737.4467,6.4692,1632.1067,50.0939,328.7509
2014,山东省,125785.317,12.8491,2.117,75274.0961,10772.5979,2065.6619,13.8891,3920.0557,7838.9198,1622.8025
2014,河南省,62987.968,6.6753,1.803,46140.2467,7735.2221,1551.6838,153.3786,2481.2969,156.3057,1664.2019
2014,湖北省,36282.25,6.2384,1.325,22618.9798,3220.1778,1933.099,200.5809,2677.2622,429.65,871.1904
2014,湖南省,30470.505,4.5227,1.127,20738.4977,2979.2865,1337.8302,125.6793,1857.3072,214.738,528.1771
2014,广东省,63402.06,5.9122,0.935,32371.986,1598.1994,3276.9224,816.4905,4883.0529,1327.8054,2897.3225
2014,广西壮族自治区,23210.166,4.8822,1.481,12931.7196,2917.3117,715.4814,274.3199,1569.0258,98.983,178.6454
2014,海南省,6849.103,7.5808,1.957,1937.5194,0.1146,234.7646,256.9167,347.6426,131.5123,995.9298
2014,重庆市,16441.897,5.4964,1.153,11598.4406,917.6795,531.9691,188.276,1319.0579,46.7649,1778.3809
2014,四川省,38653.411,4.7485,1.355,21016.0636,5337.9659,2430.3524,760.9401,2320.4173,398.5953,3575.7653
2014,贵州省,28206.238,8.0405,3.044,24958.8575,1074.8503,636.6408,91.4197,1178.9748,0.3805,229.8388
2014,云南省,22871.815,4.852,1.785,16505.2929,3247.0377,871.978,234.7822,1764.2044,12.1091,100.2284
2014,陕西省,48745.6,12.9123,2.756,34962.7514,2792.5084,673.3796,110.1264,1672.1133,55.5881,1607.5552
2014,甘肃省,21348.103,8.24,3.123,12778.2858,1984.5968,377.7437,17.0691,1161.805,22.352,545.518
2014,青海省,5985.861,10.26,2.599,3456.2749,725.1873,108.8545,,352.5303,0.1167,878.8108
2014,宁夏回族自治区,20184.71,30.5117,7.334,16852.2093,1107.9455,63.7505,0.0826,382.4446,95.7218,387.1079
2014,新疆维吾尔自治区,48110.51,20.9315,5.188,30610.6947,3075.0553,632.1306,68.5496,1740.5997,19.7205,3677.4788
2015,北京市,12144.764,5.5954,0.528,2216.988,1.2601,1355.2559,1653.3909,565.2485,15.5672,3179.8051
2015,天津市,20158.968,13.0314,1.219,8636.0318,2590.9417,782.6072,199.787,1210.6889,298.4709,1385.103
2015,河北省,92733.758,12.4895,3.111,60316.5414,22640.8478,1187.0607,25.0265,1500.8612,164.01,1579.7275
2015,山西省,93090.316,25.4059,7.292,83491.6557,5966.7352,598.3334,80.5162,1507.8977,1.934,1405.4531
2015,内蒙古自治区,77969.182,31.0506,4.373,69036.292,4389.6141,895.4793,99.0127,1472.808,33.6073,847.5584
2015,辽宁省,69545.834,15.8693,2.426,32399.3278,9128.8531,2419.9848,91.0249,3438.4841,780.7039,1198.2722
2015,吉林省,23184.056,8.4204,1.649,16424.1254,1525.9432,491.7287,67.8207,1064.5643,97.8416,447.0519
2015,黑龙江省,33939.679,8.9041,2.25,23717.9737,531.769,1200.6791,207.9267,1747.2643,363.6246,775.4672
2015,上海市,26564.044,10.9984,1.057,8996.213,1806.4049,1367.82,1553.3759,1391.4072,1711.1823,1675.8491
2015,江苏省,83706.697,10.4944,1.194,51770.7926,10277.4202,2940.0926,257.7064,2539.9141,455.696,3572.518
2015,浙江省,45583.628,8.2296,1.063,26306.8634,1224.575,2208.3862,344.7829,3001.7533,1034.4073,1739.4972
2015,安徽省,39619.898,6.449,1.8,29821.9494,3335.7848,1337.2444,42.7638,1896.4576,42.6115,754.0347
2015,福建省,27727.986,7.2227,1.067,14574.5869,1791.6558,1362.1091,339.5893,1380.3409,554.3936,982.4316
2015,江西省,21969.719,4.812,1.314,14572.2846,2553.7396,831.7508,30.7365,1666.1735,55.7691,390.115
2015,山东省,138498.177,14.0648,2.198,82797.7029,10921.3681,1863.2097,299.1642,3694.4966,10294.6452,1782.1457
2015,河南省,59313.762,6.2567,1.603,46147.4769,4049.9842,1997.6663,205.8007,2673.2985,123.7446,1886.4939
2015,湖北省,34444.153,5.8864,1.166,20996.4467,2949.8456,2099.6436,242.5812,2533.4975,346.4405,871.5887
2015,湖南省,30348.687,4.4742,1.05,19462.528,3279.3087,1507.2555,157.2055,2128.3227,294.2541,574.348
2015,广东省,63996.629,5.8989,0.879,31560.6938,1555.155,3599.6359,835.2907,4922.0794,1279.2016,3142.5688
2015,广西壮族自治区,21791.625,4.5437,1.297,11596.614,2864.2437,793.3555,171.1766,1504.4569,76.4091,181.2021
2015,海南省,7498.034,8.2322,2.025,2039.5422,,261.5915,260.2577,288.7154,101.2341,988.2769
2015,重庆市,14420.451,4.7804,0.918,9603.2884,486.6052,585.6814,202.3686,1522.6528,44.07,1913.1221
2015,四川省,33105.502,4.0353,1.102,16790.0717,3299.4419,2246.4886,591.5251,2611.3025,78.9772,4263.1211
2015,贵州省,28228.924,7.998,2.688,24652.8463,889.0118,850.6995,95.6718,1407.1852,1.3316,288.3647
2015,云南省,20711.095,4.3678,1.521,14758.0452,2503.9937,1078.7866,250.2349,1848.0078,7.958,137.2547
2015,陕西省,48264.732,12.7247,2.678,34959.4677,2750.69,713.1677,104.7227,1269.0271,43.7846,1999.2852
2015,甘肃省,20648.926,7.9433,3.041,12529.3937,1689.701,501.3934,17.798,928.3901,15.7574,563.74
2015,青海省,5525.828,9.3908,2.286,2869.4999,713.7125,131.6744,0.0304,355.0201,0.0951,960.7826
2015,宁夏回族自治区,20957.493,31.3791,7.198,16988.0857,1399.1011,108.5962,0.0607,369.6512,161.1565,434.0625
2015,新疆维吾尔自治区,49709.02,21.0656,5.331,34476.5054,2143.8869,687.7173,142.5358,1665.1506,5.5801,2962.0162
2016,北京市,11496.04,5.2904,0.448,1612.7666,0.6014,1377.5726,1804.9168,535.3045,14.7111,3513.8492
2016,天津市,19033.916,12.1856,1.064,8048.7254,2541.1098,804.7775,249.1111,1152.3816,143.7188,1613.5
2016,河北省,92865.965,12.4319,2.896,58723.9815,23755.7641,1273.5745,34.8063,1561.0283,170.2559,1752.4866
2016,山西省,92133.059,25.0226,7.06,82893.2946,5435.9686,615.8763,81.8829,1553.3408,1.9023,1501.3582
2016,内蒙古自治区,78887.758,31.3047,4.352,69373.4885,4683.6221,1034.534,106.1805,1322.4367,10.3675,975.5039
2016,辽宁省,70442.413,16.0901,3.166,32238.778,8571.8245,2388.3256,118.4204,3126.8303,967.2244,1096.0889
2016,吉林省,22859.128,8.3641,1.547,15886.1941,1367.8559,513.5768,61.9893,1079.7533,120.6375,497.927
2016,黑龙江省,34224.632,9.0089,2.224,24243.0428,527.5017,977.2779,238.6024,1099.3131,299.2001,823.528
2016,上海市,26471.325,10.9386,0.939,8801.1672,1709.6051,1408.1775,1779.2525,1383.3787,1860.9567,1711.137
2016,江苏省,87125.359,10.892,1.126,53367.177,10997.9774,3008.6828,275.1096,2545.8967,480.6478,3739.4318
2016,浙江省,45243.106,8.0936,0.958,26539.7919,943.5691,2333.9396,386.9393,2733.7446,1208.8799,1900.5657
2016,安徽省,39553.309,6.3837,1.621,29884.1297,3335.4125,1493.2563,48.5345,1930.2145,67.2463,848.2078
2016,福建省,26018.475,6.7162,0.903,12988.7816,1743.1127,1449.0036,377.281,1331.4571,565.0782,1051.059
2016,江西省,22259.928,4.8475,1.203,14333.4006,2405.1605,918.5282,37.9043,1694.6917,47.716,433.846
2016,山东省,145505.038,14.628,2.139,80218.5931,10649.0112,1915.9848,349.9766,3713.1264,14302.7596,2134.8079
2016,河南省,58626.372,6.1505,1.449,45022.3153,3843.2679,2050.9393,224.7528,2876.9864,122.5715,1956.6366
2016,湖北省,34258.002,5.8212,1.049,20434.5604,3136.8583,2176.5806,294.5173,2683.9618,373.58,898.4335
2016,湖南省,31037.192,4.5496,0.984,20489.3391,2750.776,1686.2283,168.352,2210.0954,298.1855,581.4921
2016,广东省,66114.53,6.011,0.818,30700.6163,2241.1163,4400.196,887.3787,5195.5438,1448.538,3632.4857
2016,广西壮族自治区,22655.55,4.6828,1.237,12184.6244,2923.9273,981.2024,189.8554,1669.0253,33.4171,332.7451
2016,海南省,7278.204,7.937,1.796,1931.8303,,284.3475,321.2143,257.5934,42.2311,884.3617
2016,重庆市,14862.151,4.876,0.838,9236.4098,1100.6254,641.5317,245.9221,1593.9792,44.1017,1933.6887
2016,四川省,32553.343,3.9401,0.988,16112.0446,3234.4314,2344.7758,637.812,2674.0115,220.6985,4388.0358
2016,贵州省,29571.299,8.3182,2.511,26026.8811,725.7695,918.5868,117.3574,1365.4309,1.6487,370.4144
2016,云南省,20486.29,4.2939,1.385,14235.012,2597.8151,1145.2096,312.7101,1892.4279,3.5193,166.9138
2016,陕西省,49160.574,12.8929,2.534,36897.615,2378.1253,753.5838,91.2071,1269.7711,39.1557,2126.3648
2016,甘肃省,19863.062,7.6104,2.759,12079.1007,1443.0047,616.6378,24.7836,948.3838,10.5578,571.5336
2016,青海省,6435.889,10.8531,2.502,3733.8585,654.2293,164.0072,0.0304,399.6262,0.3171,1001.2663
2016,宁夏回族自治区,20860.469,30.9044,6.584,16515.455,1290.502,67.9166,0.0607,357.7169,260.4566,484.9376
2016,新疆维吾尔自治区,51870.247,21.6306,5.375,36619.212,2294.0698,720.138,173.3634,1694.2577,3.1388,2828.2254
2017,北京市,11288.46,5.2004,0.403,933.1982,0.5155,1434.6237,1955.9568,542.806,8.9091,3562.5594
2017,天津市,18905.176,12.1421,1.019,7374.1231,2316.0359,802.9324,308.2758,1082.1712,128.9759,1803.5782
2017,河北省,92193.492,12.2606,2.71,57413.0212,24916.6746,1114.0482,83.7052,1633.0056,136.7437,2059.2529
2017,山西省,97087.731,26.2258,6.252,87364.5254,5608.2895,684.9058,98.0712,1644.3199,1.4901,1621.5101
2017,内蒙古自治区,83004.003,32.8209,5.157,73010.7659,4780.5364,1045.6923,130.2048,1361.4322,11.8577,1126.614
2017,辽宁省,72570.98,16.6104,3.1,33463.1084,8847.3604,2319.8233,134.7606,3200.7295,966.9708,1343.3205
2017,吉林省,22682.756,8.3485,1.518,15736.3755,1363.4169,552.0892,89.7493,1064.3783,92.1981,539.2766
2017,黑龙江省,34248.898,9.0397,2.154,24527.9911,615.0512,1128.106,265.9069,1048.2284,227.1663,878.0834
2017,上海市,26967.67,11.1529,0.88,8710.2562,1696.3166,1420.9467,1981.1656,1368.5307,2131.971,1801.8463
2017,江苏省,86307.475,10.7491,1.005,50649.9311,11657.9059,3067.0811,320.0298,2673.3605,780.0064,5145.7508
2017,浙江省,47384.075,8.3762,0.915,27136.3835,916.9349,2515.6654,448.9285,2578.9406,1262.8736,2271.6296
2017,安徽省,40938.104,6.5449,1.515,30599.64,3004.0593,1683.0067,47.1677,1957.7097,72.3191,960.5661
2017,福建省,27412.794,7.0092,0.852,14129.6024,1890.4604,1557.6877,427.82,1344.5073,488.5423,1085.9138
2017,江西省,22729.037,4.9176,1.136,14596.4679,2469.6269,1029.4966,48.0485,1725.3487,37.8875,470.4328
2017,山东省,149306.952,14.922,2.056,79920.2117,9547.097,1921.1979,343.234,4094.1538,14858.3263,2747.4746
2017,河南省,57379.914,6.0026,1.288,43716.6635,3532.3056,2169.1124,219.7718,3015.5474,88.4887,2168.5803
2017,湖北省,35062.216,5.9407,0.988,20399.2843,3042.3782,2194.0942,340.1664,2691.4633,390.0349,1136.5725
2017,湖南省,31337.817,4.5681,0.924,20964.9,2713.7457,1880.284,184.5099,2052.6566,296.6637,586.0384
2017,广东省,69203.562,6.196,0.772,32673.3547,2694.8153,4480.6474,910.8259,5171.8613,1104.9827,3948.3446
2017,广西壮族自治区,23965.271,4.9059,1.294,12591.3836,3117.4124,1045.458,154.7453,1658.424,33.1317,362.8372
2017,海南省,7070.089,7.6351,1.584,2091.7142,0.0573,306.0492,348.3061,262.4601,44.3553,930.474
2017,重庆市,15321.748,4.9824,0.789,10065.8728,464.7537,681.3621,253.424,1681.0525,45.1796,2061.8508
2017,四川省,31964.3,3.8502,0.864,14870.3235,3227.8731,2425.3736,625.481,2754.0173,207.7946,4681.8127
2017,贵州省,29741.36,8.3076,2.196,25941.6021,615.4521,1114.1068,147.5168,1490.7558,1.0146,383.8368
2017,云南省,21760.629,4.533,1.329,14072.8639,2727.3206,1159.2966,345.6941,1893.4508,1.8072,209.7788
2017,陕西省,50667.473,13.2119,2.314,38178.4366,2375.8914,812.48,151.86,1158.7362,61.6979,2233.3108
2017,甘肃省,20038.48,7.6308,2.686,12056.1922,1311.3512,618.7757,24.3583,943.1451,9.0993,625.8726
2017,青海省,6167.295,10.3132,2.35,3324.0359,627.1941,175.8684,0.0607,471.9755,0.6975,1072.9244
2017,宁夏回族自治区,25644.47,37.6019,7.447,21017.6047,1500.7122,61.5027,0.0304,372.596,277.0066,432.7635
2017,新疆维吾尔自治区,55171.86,22.5652,5.07,38885.9175,2875.0406,826.0691,237.0231,1862.7318,1.1731,2651.786
2018,北京市,11565.706,5.3694,0.382,525.5067,0.0286,1445.6063,2098.7963,554.1822,4.8826,4067.4141
2018,天津市,19623.763,12.5793,1.043,7292.8398,2483.66,801.4388,330.8118,1010.7208,148.9818,2252.1455
2018,河北省,94559.178,12.5144,2.626,56308.0281,26753.4942,1434.5651,83.9786,1369.9876,384.7719,2880.8324
2018,山西省,103926.668,27.9523,6.179,93118.4044,6832.4635,688.9474,110.1289,1516.6081,1.7121,1628.2213
2018,内蒙古自治区,95196.635,37.5677,5.506,83982.2669,6085.9593,1033.8018,142.2928,1334.5569,8.0531,1341.5885
2018,辽宁省,77177.94,17.7054,3.049,34066.7019,9392.561,2509.4566,156.3551,3226.6748,687.618,1583.8408
2018,吉林省,23468.747,8.6793,1.557,16274.1356,1697.8058,599.4463,98.952,1130.2181,81.7672,643.1918
2018,黑龙江省,34931.633,9.2583,2.135,25440.6782,938.6146,1151.4184,194.4112,1094.4774,136.6803,949.0922
2018,上海市,26550.202,10.9531,0.812,8411.1137,1779.2838,1446.8071,2131.021,1362.3311,2086.8865,2023.965
2018,江苏省,85537.563,10.6245,0.924,48342.4317,11606.3271,3142.8465,343.9022,2732.3807,783.4623,5979.6703
2018,浙江省,46475.895,8.1011,0.827,26980.4382,925.1829,2525.1251,497.0378,2361.9546,964.0856,2920.6666
2018,安徽省,42504.565,6.7212,1.417,31723.8313,3163.0057,1834.5963,47.0159,2025.4093,70.1949,1147.6135
2018,福建省,30337.484,7.6979,0.847,16284.9239,2239.1689,1604.5176,502.0492,1360.5022,558.4202,1124.0161
2018,江西省,23758.601,5.1116,1.081,14989.033,2629.4325,1096.7982,54.457,1823.3334,37.2217,561.3586
2018,山东省,147839.738,14.7148,1.933,80521.2746,10050.9143,2021.0373,365.284,3948.3393,7534.3762,3384.3882
2018,河南省,57717.863,6.0091,1.201,42492.5995,4076.5325,2230.9665,248.7163,3080.5812,100.4414,2301.5052
2018,湖北省,36458.122,6.1616,0.926,21120.1793,3241.0756,2297.6823,353.1049,2775.4059,410.3578,1357.3923
2018,湖南省,32037.033,4.6437,0.88,20781.8792,2779.9018,2105.501,191.8599,2012.6691,286.74,659.645
2018,广东省,71499.158,6.3017,0.735,32474.3513,2672.5056,4554.3921,930.8714,5184.4465,1058.2178,4127.1654
2018,广西壮族自治区,25181.685,5.112,1.237,13965.3994,2929.9988,978.6251,158.5418,1508.5797,51.6157,490.9993
2018,海南省,7482.044,8.0108,1.548,2212.2122,0.0859,315.0695,389.2476,279.106,19.0547,958.4012
2018,重庆市,15422.782,4.9719,0.757,9759.9377,764.2604,1051.2862,288.3214,1275.3197,51.2987,2154.0755
2018,四川省,31171.36,3.7371,0.766,14262.2206,3338.9637,2560.0645,636.2023,2796.3916,105.6728,5130.813
2018,贵州省,27410.37,7.614,1.851,22847.6977,600.1016,1282.3899,172.1485,1770.2028,1.2682,667.2222
2018,云南省,24186.349,5.0075,1.353,14084.4133,3049.3375,1249.5006,372.2392,1948.6893,5.6118,281.437
2018,陕西省,49574.909,12.8299,2.029,36904.5599,2202.6828,873.7484,236.7801,1241.5939,89.0593,2284.4025
2018,甘肃省,20992.541,7.9608,2.546,12974.5684,1365.5934,593.0032,29.7646,897.5471,12.1747,674.7993
2018,青海省,6032.492,10.0041,2.105,3119.743,667.6324,181.8137,0.0607,493.9841,0.5707,1109.5113
2018,宁夏回族自治区,28583.99,41.5465,7.715,24185.6383,1655.506,54.9717,0.0607,364.6295,255.1618,453.763
2018,新疆维吾尔自治区,57433.832,23.0936,4.708,41459.8711,2850.411,872.2547,201.3664,1790.6925,1.5218,2832.7717
